"[0.10277695208787918,0.11253073066473007,0.09354234486818314,0.10085251927375793,0.0945226401090622,0.11145368963479996,0.09733085334300995,0.09301038086414337,0.10416200011968613,0.08981796354055405]",,"[0.08672337234020233,0.08916845172643661,0.09819319099187851,0.10969146341085434,0.09828227013349533,0.09872685372829437,0.11995577067136765,0.09379168599843979,0.1044011041522026,0.10106576979160309]","[0.09075149148702621,0.10641727596521378,0.09376804530620575,0.09896309673786163,0.10688502341508865,0.10848738253116608,0.10159870237112045,0.08608215302228928,0.11218143254518509,0.0948653444647789]","[0.08517978340387344,0.082465760409832,0.10296501964330673,0.12629181146621704,0.10561461001634598,0.09034949541091919,0.10077552497386932,0.10612170398235321,0.08661293238401413,0.11362335085868835]",
,,"[0.09234420210123062,0.064576655626297,0.07297386229038239,0.19721640646457672,0.07650937139987946,0.07387106120586395,0.10589312762022018,0.07224573194980621,0.146000474691391,0.09836910665035248]",,"[0.08562470227479935,0.07385475188493729,0.08805181086063385,0.1221301406621933,0.1051027923822403,0.06954696774482727,0.0938299372792244,0.12403272092342377,0.10767915099859238,0.1301470249891281]","[0.11265170574188232,0.0790538489818573,0.12789715826511383,0.10958633571863174,0.10054366290569305,0.08006206154823303,0.11149150133132935,0.07843939960002899,0.09353313595056534,0.10674119740724564]"
"[0.09776347875595093,0.094869464635849,0.07465210556983948,0.1433769315481186,0.09774646162986755,0.13546064496040344,0.10085288435220718,0.05691446363925934,0.13858236372470856,0.05978117510676384]","[0.15497718751430511,0.11129380017518997,0.11139026284217834,0.06497001647949219,0.07565831393003464,0.08636192977428436,0.10758544504642487,0.09840081632137299,0.08526141196489334,0.1041007861495018]",,"[0.085769422352314,0.1173388808965683,0.09318244457244873,0.09190699458122253,0.10064341127872467,0.09929969161748886,0.11984558403491974,0.08970752358436584,0.10542839020490646,0.09687761217355728]","[0.09036331623792648,0.06494680047035217,0.11277400702238083,0.14141352474689484,0.10091643780469894,0.07334515452384949,0.09105076640844345,0.1255754828453064,0.07871837913990021,0.12089621275663376]","[0.14057256281375885,0.06974095106124878,0.10050906240940094,0.11257307976484299,0.10291153192520142,0.06507953256368637,0.08952262252569199,0.09039569646120071,0.1037924662232399,0.12490245699882507]"
"[0.18399210274219513,0.1407378911972046,0.058553315699100494,0.10633201897144318,0.071290522813797,0.11627236753702164,0.08838845789432526,0.046513598412275314,0.1248294785618782,0.06309032440185547]",,"[0.05671721696853638,0.05637601017951965,0.1248367577791214,0.1164819598197937,0.11665423959493637,0.08423395454883575,0.20996424555778503,0.0618206262588501,0.08488083630800247,0.08803415298461914]","[0.07903826236724854,0.117238350212574,0.08366093039512634,0.12866638600826263,0.11304986476898193,0.14752474427223206,0.06890835613012314,0.056399013847112656,0.13346752524375916,0.07204660773277283]",,
"[0.14836958050727844,0.15860876441001892,0.05478285253047943,0.11429016292095184,0.07417429238557816,0.0959581807255745,0.09889035671949387,0.08416428416967392,0.1035517230629921,0.06720978021621704]",,"[0.09078850597143173,0.06387477368116379,0.06387044489383698,0.0766482949256897,0.06635171920061111,0.0984448492527008,0.1786886602640152,0.0769505426287651,0.09952563047409058,0.184856578707695]","[0.07649171352386475,0.1408175826072693,0.07796681672334671,0.08898089826107025,0.13380052149295807,0.12982183694839478,0.09742258489131927,0.050900787115097046,0.1330316960811615,0.07076557725667953]","[0.07256440073251724,0.027824854478240013,0.13910269737243652,0.1042780727148056,0.1761379837989807,0.033674076199531555,0.0811886340379715,0.13326813280582428,0.04229126498103142,0.18966984748840332]","[0.10681891441345215,0.08258956670761108,0.16978758573532104,0.08991823345422745,0.1087108626961708,0.07714454084634781,0.14817805588245392,0.056007448583841324,0.08789835125207901,0.0729464516043663]"
,,"[0.08398134261369705,0.08543571084737778,0.12952060997486115,0.07979468256235123,0.11192033439874649,0.08597634732723236,0.1303277313709259,0.09305776655673981,0.11489509046077728,0.08509047329425812]",,"[0.08488625288009644,0.05661241337656975,0.1592707633972168,0.14526624977588654,0.12388439476490021,0.05327952653169632,0.08744575083255768,0.09374915808439255,0.0680379793047905,0.12756748497486115]",
,,,"[0.044832080602645874,0.13854137063026428,0.0844510942697525,0.09771931916475296,0.1728198230266571,0.20135456323623657,0.0781138688325882,0.049333833158016205,0.0685826912522316,0.06425140798091888]",,"[0.09763254970312119,0.08751442283391953,0.09767650067806244,0.09980133920907974,0.04144378378987312,0.050605401396751404,0.10697648674249649,0.045170895755290985,0.16015292704105377,0.21302565932273865]"
,,"[0.03835225850343704,0.029101308435201645,0.024305397644639015,0.19174888730049133,0.10625560581684113,0.054080404341220856,0.08766291290521622,0.07763049006462097,0.3258948028087616,0.06496795266866684]","[0.026114724576473236,0.07884853333234787,0.1024765893816948,0.16228997707366943,0.17642119526863098,0.20571434497833252,0.03427651897072792,0.03223368525505066,0.14134688675403595,0.04027758166193962]","[0.029032737016677856,0.008838551118969917,0.1359357386827469,0.14024046063423157,0.15414254367351532,0.009721402078866959,0.03942769393324852,0.17590710520744324,0.030485184863209724,0.27626854181289673]",
"[0.05996567755937576,0.06262226402759552,0.06725894659757614,0.12170587480068207,0.1767658144235611,0.09630262851715088,0.09434343874454498,0.0814933329820633,0.10767066478729248,0.13187137246131897]","[0.05573065206408501,0.03948133438825607,0.04867149144411087,0.11900677531957626,0.24661891162395477,0.08711955696344376,0.07536380738019943,0.07115195691585541,0.11911042779684067,0.13774506747722626]","[0.03648679330945015,0.024235405027866364,0.04642295837402344,0.1454584002494812,0.22204065322875977,0.06072615832090378,0.11577614396810532,0.058834899216890335,0.07941077649593353,0.21060781180858612]","[0.03819229453802109,0.06498423218727112,0.0707368478178978,0.08678511530160904,0.24496139585971832,0.1410941779613495,0.06160634011030197,0.05825359746813774,0.11977214366197586,0.11361385881900787]","[0.04877437278628349,0.031051993370056152,0.0757957175374031,0.07846517115831375,0.21271082758903503,0.04580029100179672,0.07235036790370941,0.19382627308368683,0.06173814460635185,0.17948682606220245]","[0.07543105632066727,0.05006740987300873,0.12085885554552078,0.07829144597053528,0.0519120879471302,0.03037170320749283,0.047903288155794144,0.03966181352734566,0.1426304280757904,0.3628719449043274]"
"[0.09755206108093262,0.14675593376159668,0.09035367518663406,0.10016988217830658,0.04665970057249069,0.16630412638187408,0.07721538841724396,0.032179515808820724,0.22186069190502167,0.020948978140950203]",,"[0.10614414513111115,0.11608139425516129,0.11238682270050049,0.07221408188343048,0.04471533000469208,0.1465482860803604,0.11421434581279755,0.03311273083090782,0.1659780889749527,0.08860480040311813]","[0.04619193822145462,0.1942700296640396,0.10932765156030655,0.10362500697374344,0.08172508329153061,0.31443408131599426,0.03053131327033043,0.01685192622244358,0.08719360828399658,0.015849296003580093]","[0.1529303789138794,0.14066216349601746,0.11615267395973206,0.06737612932920456,0.06366153806447983,0.0634765774011612,0.06530453264713287,0.0656588077545166,0.21930235624313354,0.045474838465452194]","[0.09200657159090042,0.14517398178577423,0.1412363499403,0.066424660384655,0.04863259196281433,0.10880790650844574,0.09660641103982925,0.027934905141592026,0.23127619922161102,0.04190044105052948]"
,,"[0.035543784499168396,0.023082813248038292,0.040854983031749725,0.05858294293284416,0.2246505171060562,0.04933341592550278,0.09280647337436676,0.10293208062648773,0.24041342735290527,0.13179956376552582]","[0.028332974761724472,0.046197716146707535,0.060968246310949326,0.04579440504312515,0.2950345575809479,0.18955108523368835,0.05119014531373978,0.08087795972824097,0.10256914794445038,0.09948373585939407]","[0.047430429607629776,0.017452850937843323,0.09974643588066101,0.049519166350364685,0.18422703444957733,0.034440502524375916,0.0407186858355999,0.22881491482257843,0.05550956726074219,0.24214041233062744]","[0.08931492269039154,0.0403762124478817,0.11317391693592072,0.04132913798093796,0.06464294344186783,0.03683426231145859,0.03353351354598999,0.060878150165081024,0.2664158344268799,0.2535010278224945]"
"[0.05463911592960358,0.10260524600744247,0.03845768794417381,0.07224537432193756,0.09879351407289505,0.10712502896785736,0.04037094861268997,0.047826580703258514,0.3497886061668396,0.08814790099859238]","[0.04912399500608444,0.06695681065320969,0.06779198348522186,0.037575121968984604,0.16590340435504913,0.09175469726324081,0.09408547729253769,0.12940411269664764,0.1566190868616104,0.14078527688980103]","[0.03708886355161667,0.0381985642015934,0.041505828499794006,0.052765894681215286,0.12496029585599899,0.06422008574008942,0.08367675542831421,0.05391288176178932,0.2684505879878998,0.23522022366523743]","[0.022992951795458794,0.07899897545576096,0.04260805994272232,0.032234832644462585,0.18304114043712616,0.13649994134902954,0.03380304202437401,0.032714106142520905,0.3743988573551178,0.06270807981491089]","[0.014159196056425571,0.009041918441653252,0.06572365760803223,0.012216620147228241,0.33775874972343445,0.009750384837388992,0.009138726629316807,0.2834622859954834,0.08924809098243713,0.16950036585330963]","[0.06149032711982727,0.08570011705160141,0.08192889392375946,0.0238743145018816,0.03768052160739899,0.040146585553884506,0.02504652738571167,0.033994510769844055,0.4044221043586731,0.20571616291999817]"
"[0.4782940447330475,0.005105188116431236,0.07001736760139465,0.04951297119259834,0.025079870596528053,0.12436401844024658,0.13024839758872986,0.08936196565628052,0.01618219166994095,0.011834022589027882]",,"[0.5299217104911804,0.0027247508987784386,0.042496226727962494,0.02596905454993248,0.03647318109869957,0.04347774758934975,0.21612028777599335,0.05134538561105728,0.035072147846221924,0.016399487853050232]","[0.579479455947876,0.00905531644821167,0.04894328862428665,0.041367121040821075,0.024706341326236725,0.13313758373260498,0.05887584760785103,0.03344866633415222,0.04703500494360924,0.023951323702931404]",,"[0.7884705662727356,0.0017392383888363838,0.01713518798351288,0.019185015931725502,0.0024462766014039516,0.0271662175655365,0.09017893671989441,0.011333405040204525,0.010702076368033886,0.03164317086338997]"
,,,,,
,"[0.016929712146520615,0.48874202370643616,0.024887148290872574,0.021553359925746918,0.03564836457371712,0.11753682792186737,0.15145617723464966,0.019521594047546387,0.10208278149366379,0.02164197340607643]","[0.02029275707900524,0.19841784238815308,0.03878182917833328,0.037011630833148956,0.03129785135388374,0.1780482679605484,0.10696470737457275,0.012374943122267723,0.32427746057510376,0.05253274738788605]",,"[0.04101870208978653,0.2571808695793152,0.038367144763469696,0.019998885691165924,0.03787332400679588,0.03377698361873627,0.04610949382185936,0.022213969379663467,0.46790769696235657,0.03555285930633545]","[0.024008894339203835,0.2142036408185959,0.03764781355857849,0.017155077308416367,0.01783510483801365,0.05350346863269806,0.06510578840970993,0.011642362922430038,0.5199028849601746,0.0389949195086956]"
,,"[0.005797256715595722,0.06506447494029999,0.044259440153837204,0.09993905574083328,0.03792499005794525,0.02485385723412037,0.02478712424635887,0.33930814266204834,0.24101831018924713,0.11704732477664948]",,,"[0.009772781282663345,0.12913468480110168,0.0673278197646141,0.06254756450653076,0.009546039626002312,0.0173182412981987,0.008349780924618244,0.2019498348236084,0.32707226276397705,0.16698098182678223]"
"[0.009134108200669289,0.03133578225970268,0.07575277239084244,0.2666061818599701,0.14076881110668182,0.2078949362039566,0.025312835350632668,0.03681280463933945,0.12849026918411255,0.0778915286064148]","[0.009844409301877022,0.02384067140519619,0.17399336397647858,0.1478348672389984,0.15558882057666779,0.11643151938915253,0.04561513289809227,0.13005340099334717,0.06771965324878693,0.12907811999320984]","[0.006795461755245924,0.015330477617681026,0.1004374772310257,0.24654914438724518,0.11567378789186478,0.08191896975040436,0.03805374354124069,0.07527932524681091,0.11701709777116776,0.20294439792633057]","[0.007603013422340155,0.02860867790877819,0.14192210137844086,0.20979544520378113,0.14619168639183044,0.12495669722557068,0.026567433029413223,0.080515556037426,0.15425799787044525,0.07958140969276428]","[0.006605018861591816,0.0065979803912341595,0.1991715133190155,0.24017655849456787,0.149881973862648,0.019289705902338028,0.017473941668868065,0.11765794456005096,0.03059264086186886,0.2125527262687683]","[0.019498014822602272,0.02921745367348194,0.26097866892814636,0.2519204318523407,0.09306757152080536,0.029551701620221138,0.02506530098617077,0.06675900518894196,0.15580637753009796,0.06813555955886841]"
,,"[0.1076887845993042,0.01673547551035881,0.05619366094470024,0.002957369200885296,0.07099048793315887,0.045966051518917084,0.05801520124077797,0.018104011192917824,0.6057732105255127,0.017575684934854507]",,"[0.10289620608091354,0.010438785888254642,0.4117095172405243,0.011144556105136871,0.13831688463687897,0.03112005814909935,0.05993690341711044,0.013654300943017006,0.1401929408311844,0.08058985322713852]","[0.08594850450754166,0.017532434314489365,0.40195173025131226,0.004227940924465656,0.05459228903055191,0.04580605402588844,0.09744986891746521,0.007924944162368774,0.23723672330379486,0.047329552471637726]"
"[0.03676794096827507,0.2587740421295166,0.30228713154792786,0.04305759072303772,0.027986790984869003,0.08012456446886063,0.15934555232524872,0.005028998013585806,0.07063829898834229,0.015989139676094055]","[0.023186353966593742,0.14757148921489716,0.4659549295902252,0.026227904483675957,0.026418492197990417,0.05784757807850838,0.20399245619773865,0.005966697353869677,0.029405955225229263,0.013428129255771637]","[0.015910029411315918,0.10141808539628983,0.5021767616271973,0.039683494716882706,0.03315889090299606,0.05541100725531578,0.1842908263206482,0.004844939336180687,0.04932485893368721,0.013781107030808926]","[0.01981298252940178,0.2507801949977875,0.3663765788078308,0.03565050661563873,0.038493331521749496,0.10326897352933884,0.12642109394073486,0.004229248501360416,0.042282119393348694,0.012685047462582588]","[0.02908141538500786,0.13896600902080536,0.47255098819732666,0.03015408292412758,0.028838003054261208,0.03729068115353584,0.18949246406555176,0.00563521683216095,0.04500198736786842,0.022989194840192795]","[0.029198942705988884,0.16569150984287262,0.4052760601043701,0.04315897077322006,0.01857062801718712,0.056703899055719376,0.20546190440654755,0.004017966799438,0.053307078778743744,0.01861295849084854]"
,,"[0.0020047123543918133,0.0014580721035599709,0.007188671268522739,0.007608403451740742,0.507499098777771,0.012697865255177021,0.009612911380827427,0.04049238935112953,0.04240816831588745,0.369029700756073]",,,"[0.003642319468781352,0.002731902524828911,0.008258545771241188,0.010553655214607716,0.3170665204524994,0.019007304683327675,0.005904458928853273,0.035131748765707016,0.08950566500425339,0.5081978440284729]"
,,"[0.0037361495196819305,0.000804938783403486,0.00884939730167389,0.00119298929348588,0.8422515392303467,0.005251691676676273,0.009417286142706871,0.011140103451907635,0.007764076814055443,0.10959189385175705]","[0.00393820833414793,0.0011710290564224124,0.010944726876914501,0.0011309691471979022,0.87884920835495,0.005588849540799856,0.0057701836340129375,0.010657812468707561,0.011886662803590298,0.07006233930587769]","[0.001943684765137732,0.00032963574631139636,0.009010317735373974,0.0007442482747137547,0.9084595441818237,0.001090319245122373,0.0026461174711585045,0.007267239037901163,0.001913220388814807,0.06659569591283798]",
"[0.006630722898989916,0.024647925049066544,0.03347735479474068,0.08497890084981918,0.14038383960723877,0.1916816532611847,0.04338181018829346,0.011966820806264877,0.3711657226085663,0.09168524295091629]","[0.010683849453926086,0.026060564443469048,0.031160956248641014,0.051719725131988525,0.08592519909143448,0.0750432088971138,0.052241336554288864,0.02183634042739868,0.548495352268219,0.09683350473642349]","[0.004746181890368462,0.009902024641633034,0.032299578189849854,0.07969377189874649,0.06422225385904312,0.09855195879936218,0.0698242112994194,0.00792419258505106,0.3955698609352112,0.23726598918437958]","[0.0041311997920274734,0.023830218240618706,0.028122588992118835,0.04903991520404816,0.06724175810813904,0.07847174257040024,0.020319513976573944,0.00740896025672555,0.656678318977356,0.06475578993558884]","[0.009833126328885555,0.01398299727588892,0.04654613509774208,0.05907916650176048,0.1494426429271698,0.041619595140218735,0.04399816319346428,0.032894033938646317,0.4337975084781647,0.16880661249160767]","[0.007042026147246361,0.011485709808766842,0.025379585102200508,0.06045990437269211,0.02900293469429016,0.01793857477605343,0.017790082842111588,0.005998622626066208,0.7633779048919678,0.06152472272515297]"
,,"[0.0015572007978335023,0.003459581406787038,0.014497317373752594,0.05038311704993248,0.048244744539260864,0.03306874260306358,0.02869340218603611,0.17731600999832153,0.499099463224411,0.1436804085969925]",,,
,,"[0.017137911170721054,0.0031623549293726683,0.005097918678075075,0.04894624650478363,0.008467955514788628,0.8129058480262756,0.003554253140464425,0.0030857571400702,0.06558769941329956,0.03205401822924614]",,"[0.06091656535863876,0.00558116752654314,0.007030821405351162,0.04069482535123825,0.026408066973090172,0.20025649666786194,0.0024131922982633114,0.020037783309817314,0.5995404720306396,0.03712066635489464]",
"[0.0012436930555850267,0.016837263479828835,0.8348077535629272,0.1078139916062355,0.0008189230575226247,0.0022420615423470736,0.011807131581008434,0.014644660986959934,0.00709649408236146,0.0026879864744842052]",,"[0.0005825015250593424,0.0092763127759099,0.8195546269416809,0.13120374083518982,0.0005881129764020443,0.0018130388343706727,0.015975631773471832,0.012541420757770538,0.0055588167160749435,0.00290568545460701]","[0.0004924566019326448,0.020440539345145226,0.8763952255249023,0.0821964368224144,0.0007995436317287385,0.002002619206905365,0.004580245818942785,0.0074631464667618275,0.004398503340780735,0.0012312348699197173]",,"[0.00030704279197379947,0.003052755957469344,0.9815605878829956,0.011393296532332897,5.13506711286027e-05,0.0002051497285719961,0.0009169515687972307,0.001035500317811966,0.0010693568037822843,0.0004080852959305048]"
,,"[0.0017954696668311954,0.020559418946504593,0.02631150186061859,0.031035086140036583,0.18643037974834442,0.04424714297056198,0.021256592124700546,0.0102483369410038,0.5232936143875122,0.13482242822647095]",,"[0.0010638177627697587,0.0049667684361338615,0.05703255161643028,0.010762160643935204,0.5616047382354736,0.007129439618438482,0.0033333273604512215,0.047955408692359924,0.15054818987846375,0.15560363233089447]","[0.0032741050235927105,0.02676239237189293,0.08171578496694565,0.029335755854845047,0.06400783360004425,0.030574439093470573,0.006583469454199076,0.006246787495911121,0.6256840229034424,0.12581543624401093]"
"[0.02011917158961296,0.008052961900830269,0.02154071442782879,0.0069945091381669044,0.013680675998330116,0.10404002666473389,0.7917277216911316,0.00040199788054451346,0.03057851269841194,0.0028636804781854153]","[0.003954446408897638,0.002272682497277856,0.006179613061249256,0.001305264770053327,0.004371184855699539,0.018670693039894104,0.9577444791793823,0.00014374387683346868,0.003821486607193947,0.0015365337021648884]","[0.004093941301107407,0.0019310039933770895,0.00870739109814167,0.0018152892589569092,0.005781264975667,0.012818893417716026,0.9548936486244202,0.00017035727796610445,0.008696582168340683,0.0010916063329204917]","[0.01200101524591446,0.0066169071942567825,0.03119691275060177,0.005882242228835821,0.01075106579810381,0.05495550110936165,0.8600726127624512,0.0003088550583925098,0.015339127741754055,0.0028757324907928705]",,"[0.024181045591831207,0.008957146666944027,0.0321536660194397,0.004381382837891579,0.006374037824571133,0.02335902862250805,0.881096601486206,0.0004415309813339263,0.015802903100848198,0.003252624534070492]"
,,"[0.002184769604355097,0.02451670914888382,0.05053413659334183,0.19568966329097748,0.006417290307581425,0.09155616909265518,0.005556586664170027,0.005755994468927383,0.6071079969406128,0.010680572129786015]","[0.002791823586449027,0.05963989719748497,0.04673819988965988,0.21394890546798706,0.006941248197108507,0.16199569404125214,0.0021449262276291847,0.0054470538161695,0.49266517162323,0.007686992175877094]","[0.00741921691223979,0.055596135556697845,0.060098178684711456,0.1529644876718521,0.007821508683264256,0.04364914447069168,0.00553969107568264,0.02060795947909355,0.6095645427703857,0.03673909232020378]","[0.003922092262655497,0.03735300153493881,0.02567661553621292,0.1224483847618103,0.0022182941902428865,0.02332022413611412,0.002270049648359418,0.003696732223033905,0.7691067457199097,0.009987861849367619]"
"[0.004301043692976236,0.23810921609401703,0.3656265437602997,0.30338922142982483,0.0012678590137511492,0.01814560405910015,0.015784742310643196,0.02829679474234581,0.020989863201975822,0.0040891217067837715]",,"[0.002278295811265707,0.06223813071846962,0.778619647026062,0.07771922647953033,0.0014486507279798388,0.006044215988367796,0.02321261167526245,0.025423886254429817,0.020194459706544876,0.0028208824805915356]",,,"[0.002866356400772929,0.10601172596216202,0.5939325094223022,0.22125285863876343,0.0009111115941777825,0.007920507341623306,0.01910422183573246,0.021124370396137238,0.023194383829832077,0.0036819854285568]"
,,"[0.002191556617617607,0.010041171684861183,0.6304019093513489,0.2903384864330292,0.0057076518423855305,0.016312962397933006,0.005229009781032801,0.001431686687283218,0.03245614096522331,0.005889486987143755]","[0.00520691554993391,0.045641884207725525,0.539311945438385,0.27358582615852356,0.005622453056275845,0.014538575895130634,0.003303599078208208,0.0022885873913764954,0.09858255833387375,0.011917712166905403]","[0.006233131978660822,0.01721915975213051,0.6100465059280396,0.2790743410587311,0.007564499508589506,0.005200445186346769,0.0023012671153992414,0.0033999646548181772,0.05516776815056801,0.013792969286441803]","[0.005878107622265816,0.03596612438559532,0.5364217162132263,0.34298208355903625,0.003127495525404811,0.00914930459111929,0.0024807399604469538,0.0021006877068430185,0.05100731924176216,0.010886449366807938]"
"[0.018740214407444,0.16368825733661652,0.0265168659389019,0.043519821017980576,0.005600817501544952,0.08847394585609436,0.015877369791269302,0.012633703649044037,0.6203085780143738,0.004640425555408001]","[0.018803859129548073,0.16641157865524292,0.08736962825059891,0.03091055527329445,0.00955891516059637,0.08527200669050217,0.03899424523115158,0.046725187450647354,0.5087679624557495,0.007186038885265589]","[0.010503196157515049,0.06055837124586105,0.06577231734991074,0.042698934674263,0.005894243251532316,0.08616424351930618,0.0408753901720047,0.013133411295711994,0.6639161705970764,0.010483762249350548]","[0.01325727254152298,0.12669841945171356,0.10199514031410217,0.04843989387154579,0.008827353827655315,0.16975896060466766,0.021610083058476448,0.017302710562944412,0.4866603910923004,0.005449748132377863]","[0.0089421970769763,0.03357348218560219,0.016079645603895187,0.006616813130676746,0.0065806410275399685,0.00840264093130827,0.009331158362329006,0.033984892070293427,0.8728331923484802,0.0036553924437612295]","[0.013721222057938576,0.0853470116853714,0.06010138988494873,0.03466877341270447,0.003218952566385269,0.020699020475149155,0.01485565397888422,0.012510485015809536,0.7501607537269592,0.00471673347055912]"
,,,"[0.003184995148330927,0.49797695875167847,0.03963477537035942,0.008395235054194927,0.00764290988445282,0.04277446120977402,0.0450066439807415,0.0029504084959626198,0.3500746190547943,0.0023590002674609423]","[0.0026587434113025665,0.19941610097885132,0.009693358093500137,0.0020146560855209827,0.004408746492117643,0.004639691673219204,0.022992130368947983,0.007848172448575497,0.7440389394760132,0.0022895007859915495]",
,,"[0.0016368032665923238,8.933697972679511e-05,0.004394788295030594,0.04058685153722763,0.010013917461037636,0.6576701402664185,0.0017385927494615316,0.00041183913708664477,0.27975934743881226,0.0036984120961278677]",,"[0.0074992491863667965,0.00011113272194052115,0.029861731454730034,0.6393828988075256,0.028476525098085403,0.16740116477012634,0.0014030149905011058,0.0022889135871082544,0.07329919934272766,0.05027615651488304]","[0.009828878566622734,0.000283640343695879,0.005627816542983055,0.24192331731319427,0.005362906493246555,0.3029388189315796,0.0008227989892475307,0.00037337307003326714,0.426065593957901,0.006772828288376331]"
,,"[0.045289408415555954,0.0005585720064118505,0.7860202193260193,0.14993956685066223,4.69800979772117e-05,0.005951547063887119,0.0025507109239697456,0.0005413740873336792,0.009053432382643223,4.8203346523223445e-05]",,,"[0.07184378802776337,0.0005233213887549937,0.753587543964386,0.16212406754493713,2.664202474988997e-05,0.002397052012383938,0.0008265670039691031,0.00037557698669843376,0.008268401958048344,2.6963862183038145e-05]"
"[0.0035568573512136936,0.008849780075252056,0.005459119100123644,0.020603787153959274,0.014360899105668068,0.041051365435123444,0.0007136747008189559,0.0007755805854685605,0.8981304168701172,0.006498552393168211]","[0.011395675130188465,0.01896304078400135,0.01057626772671938,0.008240586146712303,0.03036770597100258,0.06137384474277496,0.0022619194351136684,0.0016585147241130471,0.8150668144226074,0.04009570926427841]","[0.005023800302296877,0.00561410142108798,0.008969024755060673,0.020788313820958138,0.017558006569743156,0.03126204013824463,0.0017712671542540193,0.0006737158983014524,0.8933529853820801,0.014986701309680939]","[0.0036845733411610126,0.01139905210584402,0.010961968451738358,0.014260941185057163,0.017717460170388222,0.0437329038977623,0.0007649053004570305,0.00047738038119859993,0.8878725171089172,0.009128350764513016]","[0.0036411623004823923,0.004750109743326902,0.013257673010230064,0.013708285056054592,0.021024296060204506,0.005955711472779512,0.000292601267574355,0.0011302962666377425,0.9162279367446899,0.02001190185546875]","[0.0045140692964196205,0.005992372520267963,0.006509018130600452,0.01480010338127613,0.00495077995583415,0.008376636542379856,0.00043236667988821864,0.0004241348069626838,0.9472829103469849,0.0067176190204918385]"
"[0.01758326031267643,0.013528729788959026,0.1351538449525833,0.016819221898913383,0.04192536324262619,0.13427984714508057,0.08564074337482452,0.0003762770793400705,0.5505696535110474,0.004122976213693619]","[0.007573388051241636,0.013634013943374157,0.19358175992965698,0.008354639634490013,0.04423925653100014,0.06374252587556839,0.38833144307136536,0.0011699879541993141,0.2720864713191986,0.007286480162292719]","[0.009621654637157917,0.007712684106081724,0.20520618557929993,0.010351477190852165,0.02593538537621498,0.0667259693145752,0.3656085729598999,0.0010199417592957616,0.2912333607673645,0.0165848545730114]","[0.0060673123225569725,0.01005159504711628,0.2125987708568573,0.00801656674593687,0.030517559498548508,0.07178816944360733,0.09084294736385345,0.0006176765309646726,0.5638474225997925,0.0056519596837460995]","[0.010328246280550957,0.005082744173705578,0.4669587314128876,0.01917341537773609,0.05702695995569229,0.026433827355504036,0.15888208150863647,0.0013372518587857485,0.24542991816997528,0.009346883744001389]","[0.04637938737869263,0.009985250420868397,0.4733545184135437,0.009831990115344524,0.016448194161057472,0.010547945275902748,0.09380219131708145,0.0008220868185162544,0.3348648250102997,0.003963611088693142]"
,,"[0.040559593588113785,0.0014568071346729994,0.003663665149360895,0.03359639644622803,0.005875741131603718,0.12729983031749725,0.012513021007180214,0.0008024349226616323,0.7676929831504822,0.006539571564644575]",,,"[0.11561542749404907,0.002563461195677519,0.05798124521970749,0.14779244363307953,0.009044989012181759,0.1713520884513855,0.024609196931123734,0.000669534900225699,0.4384971261024475,0.03187442198395729]"
"[0.0003449282085057348,0.0011631728848442435,0.00030512598459608853,0.9602434635162354,4.991863534087315e-05,0.0253322571516037,4.173794877715409e-05,0.009341254830360413,0.0013853624695912004,0.0017928547458723187]","[0.0007731911609880626,0.001516275224275887,0.001733425073325634,0.8858368396759033,0.0001250614004675299,0.04457725211977959,0.00022010582324583083,0.05564623698592186,0.002981837373226881,0.006589775905013084]","[0.0006397601682692766,0.0013491178397089243,0.0017831969307735562,0.9142741560935974,0.00018191772687714547,0.03045356273651123,0.00025158404605463147,0.038485437631607056,0.006062741857022047,0.006518531125038862]","[0.00038726720958948135,0.001882117590866983,0.0010545060504227877,0.9185696840286255,0.0001640347036300227,0.05033884197473526,9.188841067953035e-05,0.018876852467656136,0.005253407172858715,0.0033813982736319304]","[0.00030797632643952966,0.0002569518401287496,0.0013251980999484658,0.9727314114570618,7.372775871772319e-05,0.002731424756348133,3.403885057196021e-05,0.015834422782063484,0.000905275228433311,0.005799649283289909]","[0.0003413530648685992,0.000559552398044616,0.0005299086915329099,0.9720944166183472,2.8823153115808964e-05,0.006267024204134941,5.812384551973082e-05,0.011676369234919548,0.0026757908053696156,0.005768750328570604]"
,,"[0.00011660841119010001,1.6332336599589325e-05,0.0025523051153868437,0.0004309379437472671,0.9655264616012573,0.0004208142345305532,0.0032274562399834394,0.0019587089773267508,0.0008605971233919263,0.024889828637242317]",,"[0.0002545753959566355,1.76169014594052e-05,0.0019758844282478094,0.00032152602216228843,0.9590626358985901,0.0001180484177893959,0.0012160365004092455,0.003925674129277468,0.001063954085111618,0.03204406052827835]",
,,"[0.024142418056726456,0.002832265105098486,0.008185136131942272,0.2382640540599823,0.010708809830248356,0.4728405773639679,0.016044968739151955,0.0007024977821856737,0.21283535659313202,0.013443862088024616]","[0.01216255221515894,0.001784033142030239,0.007892212830483913,0.14715468883514404,0.008244261145591736,0.7272219061851501,0.004052767530083656,0.00032858189661055803,0.08882975578308105,0.0023292936384677887]","[0.04110049083828926,0.002923122141510248,0.024822164326906204,0.355774849653244,0.012689920142292976,0.4133445620536804,0.011417551897466183,0.0017446567071601748,0.11875413358211517,0.01742851361632347]","[0.030865315347909927,0.0038032266311347485,0.008100241422653198,0.22615675628185272,0.005455282051116228,0.40519997477531433,0.007415432948619127,0.0005858548684045672,0.30393195152282715,0.00848593283444643]"
,,"[0.0026428094133734703,0.0017756229499354959,0.738875150680542,0.19151881337165833,9.586461237631738e-05,0.0033021210692822933,0.00023007627169135958,0.0007282469305209816,0.060727108269929886,0.00010413968266220763]","[0.002118846168741584,0.002621789462864399,0.788179874420166,0.14951176941394806,0.00011225854541407898,0.004961896222084761,0.00012258057540748268,0.0004511171719059348,0.051860347390174866,5.9421839978313074e-05]",,"[0.00279435096308589,0.0011218844447284937,0.9048894047737122,0.05396825075149536,2.712954483286012e-05,0.0008271815604530275,6.30053982604295e-05,0.00021927003399468958,0.0360419899225235,4.7497189370915294e-05]"
,,,"[0.00839265063405037,0.008052569814026356,0.010149085894227028,0.002756858477368951,0.02155200205743313,0.2365669310092926,0.002962677273899317,0.010785805061459541,0.6789821982383728,0.01979909837245941]","[0.027890628203749657,0.0030210078693926334,0.027288349345326424,0.004953642375767231,0.05192355811595917,0.02534911222755909,0.006822694558650255,0.08657736331224442,0.5086590051651001,0.25751468539237976]",
"[0.0038827271200716496,0.05829082429409027,0.14325030148029327,0.06501651555299759,0.13220714032649994,0.19996234774589539,0.06707924604415894,0.004841036628931761,0.29690003395080566,0.0285697840154171]","[0.005438653752207756,0.05278095230460167,0.166349396109581,0.022472765296697617,0.13079100847244263,0.1691056191921234,0.0903792604804039,0.00481049157679081,0.2899494767189026,0.06792237609624863]","[0.0036774305626749992,0.03890634700655937,0.15658625960350037,0.04811892285943031,0.1081087589263916,0.16287310421466827,0.10972767323255539,0.0037507140077650547,0.31312310695648193,0.055127695202827454]","[0.002903839573264122,0.05206282436847687,0.13935691118240356,0.037500735372304916,0.135470911860466,0.16870567202568054,0.050768863409757614,0.002872871933504939,0.3805205821990967,0.029836762696504593]","[0.0031096457969397306,0.022221889346837997,0.20859967172145844,0.02738139219582081,0.29794737696647644,0.06355475634336472,0.029461007565259933,0.014826609753072262,0.2411683052778244,0.09172935783863068]","[0.004047506954520941,0.05717800185084343,0.18530374765396118,0.04792475700378418,0.08538837730884552,0.09956548362970352,0.05860422924160957,0.003994387574493885,0.40898609161376953,0.04900740087032318]"
"[0.0025000819005072117,0.030310988426208496,0.09450428187847137,0.4385812282562256,0.005304682534188032,0.224893257021904,0.1465531587600708,0.005362515337765217,0.050208158791065216,0.0017817006446421146]",,"[0.001561635173857212,0.024861054494976997,0.2563617527484894,0.1262751668691635,0.012525254860520363,0.07404447346925735,0.3803340494632721,0.00830220989882946,0.11179545521736145,0.0039389897137880325]",,,"[0.0015346823493018746,0.014521537348628044,0.053706396371126175,0.7277252078056335,0.0034119831398129463,0.058596421033144,0.09289638698101044,0.0014341475907713175,0.04511476308107376,0.0010584890842437744]"
"[0.0028110339771956205,0.009741554968059063,0.0378541573882103,0.0024828293826431036,0.3100358843803406,0.003628343343734741,0.6021199226379395,0.015521724708378315,0.007675699423998594,0.00812887866050005]","[0.0028119771741330624,0.011121786199510098,0.026546696200966835,0.001672786078415811,0.2231139987707138,0.0025183861143887043,0.7009153962135315,0.015218585729598999,0.008265802636742592,0.00781459454447031]","[0.0019412529654800892,0.005234576761722565,0.024248838424682617,0.0014656364219263196,0.1611691415309906,0.0016414616256952286,0.7805014848709106,0.010452534072101116,0.006421426311135292,0.006923595443367958]","[0.0035251029767096043,0.016616443172097206,0.04372891038656235,0.0032409257255494595,0.3545449376106262,0.0029364724177867174,0.5272533297538757,0.01633579283952713,0.01900765672326088,0.0128103569149971]","[0.0009904650505632162,0.0021634527947753668,0.03353152051568031,0.0007046807440929115,0.8213241100311279,0.0005866271676495671,0.04683946445584297,0.07007457315921783,0.004607534036040306,0.019177580252289772]","[0.004163895733654499,0.008535392582416534,0.040395352989435196,0.0026600270066410303,0.09662403166294098,0.0023248058278113604,0.8086003661155701,0.012602971866726875,0.00877829547971487,0.015314866788685322]"
"[0.0001553048932692036,0.0025525980163365602,0.9290552735328674,0.054853036999702454,7.07721312664944e-07,0.0017882689135149121,0.00011753736180253327,3.946611286664847e-06,0.011473044753074646,2.737216107107088e-07]",,,"[4.067337067681365e-05,0.007781486492604017,0.967610239982605,0.019498934969305992,2.208327174457736e-07,0.0008012813050299883,0.0001288767671212554,4.027363047498511e-06,0.004133886657655239,4.1062838818106684e-07]",,"[3.2178817491512746e-05,0.0007224519504234195,0.992975115776062,0.0038840617053210735,1.4985882756946012e-08,2.4799457605695352e-05,2.0492270778049715e-05,1.2289816595512093e-06,0.002339527942240238,1.6372113975648972e-07]"
"[0.0036546713672578335,0.00385758513584733,0.004515993408858776,0.024726830422878265,0.010704468935728073,0.05890350043773651,0.00043996330350637436,0.005998590029776096,0.8648879528045654,0.022310486063361168]","[0.002463494660332799,0.005011486355215311,0.006169050000607967,0.015110001899302006,0.017535127699375153,0.053215447813272476,0.0012526046484708786,0.013120506890118122,0.8491449356079102,0.03697724640369415]",,"[0.0013426931109279394,0.0026912956964224577,0.004059594590216875,0.009687398560345173,0.00785614550113678,0.03197982534766197,0.00038096538628451526,0.0034874004777520895,0.9226312041282654,0.01588347554206848]","[0.007508641574531794,0.0034226146526634693,0.04076984524726868,0.041147224605083466,0.024914680048823357,0.019373595714569092,0.0009263070533052087,0.029518675059080124,0.7409301400184631,0.09148833900690079]","[0.0029796555172652006,0.0026724939234554768,0.02889554388821125,0.010828681290149689,0.007671027909964323,0.01646053045988083,0.0008023822447285056,0.005265939515084028,0.8912639021873474,0.03315974399447441]"
"[0.000373580667655915,0.004502701107412577,0.057773053646087646,0.3897285759449005,0.12209213525056839,0.005213652737438679,0.0005015759379602969,0.022318454459309578,0.3641056418418884,0.0333905965089798]","[0.000755030894652009,0.00524684926494956,0.12492437660694122,0.05942259356379509,0.09343209117650986,0.003542386693879962,0.0006795553490519524,0.012657811865210533,0.5653192400932312,0.13402001559734344]","[0.0002381651574978605,0.002307367976754904,0.08585390448570251,0.14342419803142548,0.11138363927602768,0.002789436373859644,0.000606440007686615,0.009145228192210197,0.5861925482749939,0.05805911123752594]","[0.00016093291924335063,0.0033981124870479107,0.09510218352079391,0.22478677332401276,0.12762145698070526,0.006372011266648769,0.00023227176279760897,0.0036307405680418015,0.5109009742736816,0.027794521301984787]","[0.0002901999978348613,0.001150235184468329,0.19563409686088562,0.24615639448165894,0.1362035870552063,0.0013682144926860929,0.0004166436556261033,0.014598426409065723,0.15556186437606812,0.24862030148506165]","[0.00046642604866065085,0.003156452439725399,0.11945401877164841,0.23815733194351196,0.041950974613428116,0.0013763275928795338,0.00025627989089116454,0.005705903749912977,0.5417295098304749,0.047746747732162476]"
,,"[0.009218989871442318,0.0007035363232716918,0.0075195468962192535,0.03674696013331413,0.006060575135052204,0.14780236780643463,0.002391940215602517,0.00033599455491639674,0.7872124910354614,0.0020075810607522726]","[0.015054898336529732,0.0012785351136699319,0.01582132652401924,0.05909407511353493,0.0058655221946537495,0.3816963732242584,0.0010122420499101281,0.00035527785075828433,0.5166638493537903,0.0031578282359987497]",,"[0.03850321099162102,0.0009156767628155649,0.020544005557894707,0.04715300723910332,0.00183556554839015,0.07869812101125717,0.0007987656863406301,0.00033146317582577467,0.8062779903411865,0.004942205734550953]"
"[0.0001651271159062162,0.00035335190477781,0.00035282576573081315,0.9548262357711792,0.00012290870654396713,0.007632288616150618,9.464242793910671e-06,0.00013284328451845795,0.03561704233288765,0.0007879551267251372]","[0.0004264033632352948,0.009704633615911007,0.0013224417343735695,0.8729743957519531,0.0011946221347898245,0.06957440078258514,0.0004356132703833282,0.0006378081743605435,0.027299759909510612,0.016429951414465904]","[3.927700163330883e-05,9.623393998481333e-05,0.0002613650285638869,0.9755738377571106,0.00011023536353604868,0.0036243244539946318,1.3260900232126005e-05,9.635460446588695e-05,0.019480261951684952,0.0007048172992654145]","[3.44695508829318e-05,0.00034492125269025564,0.0005249654059298337,0.9740417003631592,0.00013016589218750596,0.008488429710268974,3.5021398616663646e-06,3.831796857411973e-05,0.01622146926820278,0.00017205215408466756]","[5.187145507079549e-05,2.3513162886956707e-05,0.0028887090738862753,0.9902206659317017,0.0003175984602421522,0.0007578033837489784,5.622949174721725e-06,0.0002844060945790261,0.003039160743355751,0.0024106965865939856]","[0.00022568485292140394,0.0003511216782499105,0.0013485187664628029,0.9748685359954834,0.00010390700481366366,0.004720956087112427,9.892759408103302e-06,9.819214028539136e-05,0.017808062955737114,0.00046511695836670697]"
,,,,,
"[0.0003490550734568387,0.003578602336347103,0.004774825181812048,0.001976697240024805,0.005733066704124212,0.02996404469013214,0.0009450484649278224,0.0011692973785102367,0.946824312210083,0.004684959538280964]","[0.0007581517565995455,0.007489563897252083,0.010366560891270638,0.004205834586173296,0.0017787960823625326,0.005398980341851711,0.0014389539137482643,0.011618126183748245,0.940547525882721,0.016397465020418167]","[0.00030997622525319457,0.0017036780482158065,0.010492407716810703,0.0016361321322619915,0.002296566730365157,0.0017098330426961184,0.0013160340022295713,0.005149762146174908,0.9565234184265137,0.018862219527363777]","[0.00010690266208257526,0.002329667331650853,0.0031714835204184055,0.001894512795843184,0.0007211316842585802,0.0016180791426450014,0.00020513380877673626,0.0013835156569257379,0.9855015873908997,0.003067966317757964]","[0.0004525087133515626,0.0014932389603927732,0.023826077580451965,0.03703068941831589,0.006653962656855583,0.0019340818980708718,0.001384897157549858,0.006548641715198755,0.8945385813713074,0.02613740600645542]","[0.00038934522308409214,0.0016541776712983847,0.009736807085573673,0.003393119666725397,0.0003906177298631519,0.0006791192572563887,0.00036960269790142775,0.0013366058701649308,0.9770894646644592,0.004960988182574511]"
,,"[0.0009300042293034494,0.013200623914599419,0.002474771114066243,0.0015575123252347112,0.0027997978031635284,0.02659895084798336,0.0033124100882560015,0.000759709277190268,0.9425696730613708,0.005796568002551794]",,"[0.001194496639072895,0.010287130251526833,0.018008587881922722,0.0028832280077040195,0.0256973747164011,0.016548600047826767,0.002227744786068797,0.013428782112896442,0.8636294603347778,0.04609464108943939]","[0.0016442189225926995,0.012658541090786457,0.009410783648490906,0.00415308540686965,0.0031659514643251896,0.03342204540967941,0.004090494476258755,0.0010013795690611005,0.9071524143218994,0.023301122710108757]"
"[0.0004572336038108915,0.006647338625043631,0.042943667620420456,0.2560665011405945,0.026618914678692818,0.128145232796669,0.001974108163267374,0.0004502629453781992,0.5348935723304749,0.0018031218787655234]","[0.0003419700951781124,0.007923224940896034,0.024803008884191513,0.11805134266614914,0.011945909820497036,0.048055458813905716,0.002585315378382802,0.000527562981005758,0.7834364175796509,0.002329824957996607]","[0.00029630420613102615,0.0028729718178510666,0.03701186180114746,0.12269046902656555,0.008978573605418205,0.0404035784304142,0.0028305514715611935,0.00048015560605563223,0.7812303900718689,0.00320516899228096]","[0.00017034330812748522,0.0031211774330586195,0.016008609905838966,0.03122302144765854,0.005838594865053892,0.024040525779128075,0.0010880875634029508,0.00021638297766912729,0.9167957901954651,0.0014974508667364717]","[0.0005382979288697243,0.0032489877194166183,0.12275967746973038,0.26786336302757263,0.021548990160226822,0.017310552299022675,0.0020919926464557648,0.0008802373777143657,0.5557173490524292,0.008040552027523518]","[0.0008231060346588492,0.007854795083403587,0.09554372727870941,0.09449785947799683,0.004475888330489397,0.01006478164345026,0.0017285534413531423,0.0003844273742288351,0.7836939096450806,0.0009329819586127996]"
"[0.0017553530633449554,0.003401731140911579,0.09359993040561676,0.04373936727643013,0.013997509144246578,0.07245388627052307,0.0014551500789821148,0.0007076464826241136,0.7607598304748535,0.008129569701850414]","[0.0020567511674016714,0.005141942296177149,0.0942041426897049,0.042880475521087646,0.0133854690939188,0.05344946309924126,0.0019960133358836174,0.0011948830215260386,0.7756208777427673,0.010070041753351688]","[0.0020923628471791744,0.0031810631044209003,0.14492028951644897,0.06487635523080826,0.01607440784573555,0.039299361407756805,0.0028173867613077164,0.000938444456551224,0.7103745937347412,0.015425736084580421]","[0.0016427015652880073,0.0031855858396738768,0.10525183379650116,0.03487865999341011,0.015313174575567245,0.06677182018756866,0.0015630440320819616,0.0007354057161137462,0.7605187892913818,0.010139045305550098]","[0.0019874651916325092,0.003434543265029788,0.24947337806224823,0.03397436439990997,0.06884494423866272,0.027045978233218193,0.0012224210659042,0.007530683651566505,0.566156268119812,0.04033001512289047]","[0.0021174955181777477,0.002795008709654212,0.12450533360242844,0.03900131955742836,0.006889143493026495,0.01682058721780777,0.0010716248070821166,0.0006370783667080104,0.7973614931106567,0.008800981566309929]"
,"[4.135904873692198e-06,2.58181012213754e-06,4.993803486286197e-06,1.2473424249037635e-05,0.9866129755973816,0.00010238352115266025,6.845749885542318e-05,5.355207031243481e-05,0.000174780361703597,0.01296359021216631]","[5.994958769406367e-07,1.619899734350838e-07,4.053733391629066e-06,1.493793934059795e-05,0.9991403818130493,6.511551328003407e-05,1.589947351021692e-05,3.133424979750998e-05,0.00019669182074721903,0.0005307925748638809]","[3.4574898677419696e-07,1.8840781024209718e-07,3.948127414332703e-06,1.44648338391562e-05,0.9994576573371887,0.00015282814274542034,3.620463303377619e-06,9.315573151980061e-06,5.6526467233197764e-05,0.00030110712395980954]","[1.0632971907398314e-06,1.0902407865387431e-07,1.426863582310034e-05,1.8866907339543104e-05,0.996150016784668,2.5296238163718954e-05,4.9119921641249675e-06,6.313986523309723e-05,7.598999218316749e-05,0.003646290162578225]","[2.1484136595972814e-05,2.92688582703704e-06,5.641786992782727e-05,0.00011741293565137312,0.9732325673103333,0.0003176674363203347,4.4343290937831625e-05,0.00017319971811957657,0.003727148985490203,0.022306853905320168]"
,,"[0.0006669138092547655,0.0039428467862308025,0.008994825184345245,0.01235389243811369,0.019182203337550163,0.44642195105552673,0.14905081689357758,0.00011704606731655076,0.3570590913295746,0.00221049040555954]",,,"[0.001279859570786357,0.005971947684884071,0.003994070924818516,0.013632667250931263,0.0054964530281722546,0.34113752841949463,0.05031723156571388,0.00016108725685626268,0.5750365257263184,0.002972618443891406]"
"[1.9335606339154765e-05,0.00018288829596713185,0.998248815536499,0.00014136031677480787,2.7797614166047424e-05,3.5965371353086084e-05,0.001066671684384346,8.150153007591143e-06,0.00026658171555027366,2.4965272586996434e-06]","[2.5169105356326327e-05,0.00022732329671271145,0.9980639815330505,2.0782053979928605e-05,1.4997215657786e-05,1.2053520549670793e-05,0.0015197328757494688,1.1083116987720132e-05,0.00010148441651836038,3.410737463127589e-06]","[2.0618164853658527e-05,0.00014573395310435444,0.9974484443664551,0.0001395079743815586,2.947565917565953e-05,3.1612271413905546e-05,0.0018056589178740978,5.3692833716922905e-06,0.0003690669545903802,4.52240328741027e-06]","[1.0218814168183599e-05,0.00014283080236054957,0.9988749623298645,0.00010152852337341756,2.925201624748297e-05,3.0049754059291445e-05,0.0005241680191829801,3.7641100334440125e-06,0.0002816753403749317,1.5182772585831117e-06]","[1.0433343049953692e-05,4.6024328185012564e-05,0.999251663684845,6.856473191874102e-05,2.5711457055876963e-05,1.262300975213293e-05,0.0005093391519039869,6.511527772090631e-06,6.583387585124001e-05,3.208210046068416e-06]","[2.043092536041513e-05,0.00014781689969822764,0.9988743662834167,0.00010433010902488604,1.299151608691318e-05,1.1216939128644299e-05,0.0004925372777506709,4.12698500440456e-06,0.00033012827043421566,2.1374223706516204e-06]"
,,"[0.10268225520849228,0.012322845868766308,0.00760042667388916,0.0065322923474013805,0.05585598945617676,0.5627833008766174,0.017707878723740578,0.06477783620357513,0.1168469712138176,0.05289020389318466]",,,
,,"[0.006760796066373587,0.02218799479305744,0.031902141869068146,0.008353111334145069,0.0013992945896461606,0.0017895185155794024,0.009886907413601875,0.016394073143601418,0.8822527527809143,0.019073452800512314]",,"[0.01101195439696312,0.026977596804499626,0.08270567655563354,0.03258596733212471,0.003202709136530757,0.0018133103149011731,0.008079219609498978,0.026138752698898315,0.7847480177879333,0.022736728191375732]","[0.006071409210562706,0.027505483478307724,0.02527020499110222,0.004255196545273066,0.0004196691734250635,0.001001291093416512,0.0026908640284091234,0.008484425023198128,0.9143155217170715,0.009985861368477345]"
,,,,,
"[9.949537343345582e-05,0.00013337995915208012,0.000538869178853929,0.00058834656374529,0.8794617056846619,0.007206060457974672,0.0006788856699131429,0.0014781068312004209,0.0049777040258049965,0.10483749955892563]","[0.00010351764649385586,0.00021156562434043735,0.0009535682620480657,0.0009144883952103555,0.8851674795150757,0.007120249792933464,0.0006937122088856995,0.0015036534750834107,0.008847733028233051,0.09448400884866714]","[0.00010297986591467634,0.00011979106056969613,0.0013125701807439327,0.0013257329119369388,0.6393721103668213,0.01328600849956274,0.001426664530299604,0.001148344250395894,0.008402848616242409,0.33350294828414917]","[4.483117663767189e-05,0.00012192143185529858,0.001066274824552238,0.001055399770848453,0.9625621438026428,0.00869850441813469,0.00024080225557554513,0.0005185924237594008,0.0044375150464475155,0.0212540440261364]","[6.595959712285548e-05,8.41131986817345e-05,0.0007934673340059817,0.0004714252718258649,0.9039318561553955,0.0021810908801853657,0.00036197464214637876,0.001721599604934454,0.0046100737527012825,0.08577844500541687]","[0.00016645388677716255,0.0002057241217698902,0.0015613940777257085,0.0013210144825279713,0.7517520189285278,0.004735514521598816,0.0006335746147669852,0.0013358872383832932,0.014605026692152023,0.2236834019422531]"
,,"[0.0037823361344635487,0.005194871220737696,0.0306791290640831,0.2527884840965271,0.035473138093948364,0.05694256350398064,0.1274384707212448,0.00044005835661664605,0.48517024517059326,0.0020906710997223854]",,,
"[2.005500573432073e-05,1.331511612079339e-06,0.00014861286035738885,9.274826879845932e-05,0.9966639876365662,0.0008026284631341696,0.0001913820015033707,0.00015897976118139923,0.0006394335068762302,0.001280738040804863]","[5.317925024428405e-05,1.0301233714926639e-06,8.041905675781891e-05,2.2425105271395296e-05,0.9917216897010803,0.0007218585815280676,0.0003099320747423917,5.414528277469799e-05,0.000799935485702008,0.0062353541143238544]","[1.2984977729502134e-05,5.966160756543104e-07,0.00011977852409472689,3.8525649870280176e-05,0.9962316155433655,0.00040250623715110123,0.00029581866692751646,7.706919132033363e-05,0.0007703183218836784,0.0020507879089564085]","[2.250151737825945e-05,1.393196043864009e-06,0.00029185618041083217,9.499303996562958e-05,0.9961026906967163,0.0011389428982511163,0.00016206949658226222,4.897107646684162e-05,0.0009212570148520172,0.0012152778217568994]","[3.167029353789985e-05,1.1123197509732563e-06,0.00034557681647129357,6.889841461088508e-05,0.9927155375480652,0.0002864816051442176,0.00016017114103306085,0.0001738772407406941,0.0005068742320872843,0.005709749646484852]",
"[0.0003951223043259233,6.3760080593056045e-06,1.9230295947636478e-05,2.281882188981399e-05,0.2259884625673294,0.002126166131347418,0.00016155809862539172,0.049818724393844604,0.004577706567943096,0.7168838977813721]",,"[0.0001830880210036412,5.555433290282963e-06,2.0397701518959366e-05,0.00010217932867817581,0.051836613565683365,0.00037844807957299054,7.919395284261554e-05,0.11125478893518448,0.003163457615301013,0.832976222038269]","[0.00029885678668506444,2.7693755328073166e-05,7.495891622966155e-05,0.00031994047458283603,0.16343285143375397,0.002384426072239876,9.654388850321993e-05,0.14983373880386353,0.005360128358006477,0.6781708002090454]",,
,"[0.00011528903996804729,2.110862624249421e-05,2.7934933314099908e-05,3.3338108096359065e-06,0.9892722368240356,0.00015815897495485842,0.0036764368414878845,0.000209775724215433,0.00028911387198604643,0.006226757541298866]",,,"[8.223069744417444e-05,9.701796443550847e-06,9.198630868922919e-05,3.2769100926088868e-06,0.9855054020881653,2.3492561012972146e-05,0.0006956909783184528,0.0002557969419285655,0.00012025639443891123,0.013212154619395733]",
"[3.822239307282871e-07,2.092960858135484e-05,1.867098944785539e-05,5.141384826856665e-05,0.9971760511398315,6.799707625759766e-05,4.814260137209203e-06,0.00026935897767543793,0.00021137107978574932,0.0021790368482470512]","[4.174586592853302e-06,0.0005170571384951472,6.65222542011179e-05,7.984566764207557e-05,0.6601654887199402,4.6075150748947635e-05,4.67004174424801e-05,0.007133656647056341,0.0005575314862653613,0.3313828706741333]","[1.1411170817154925e-06,3.0165541829774156e-05,1.5095672097231727e-05,5.411167148849927e-05,0.9854257106781006,1.3109181963955052e-05,6.385433152900077e-06,0.0029254264663904905,0.0007976784254424274,0.010731157846748829]",,"[3.087352069996996e-06,5.071245686849579e-05,0.0001317659771302715,0.00011742959031835198,0.8767694234848022,2.6203657398582436e-05,1.4462990293395706e-05,0.003422764828428626,0.00046922493493184447,0.11899492144584656]","[2.583398327260511e-06,6.43987295916304e-05,0.00022428868396673352,0.00010535472392803058,0.9752775430679321,2.9921131499577314e-05,3.609108171076514e-05,0.0017088972963392735,0.0010270783677697182,0.02152377925813198]"
,,"[1.4242998986446764e-05,9.151008271146566e-05,0.0002945629821624607,0.9351800680160522,0.0001616871013538912,0.05751096084713936,2.3147791580413468e-05,1.7464006305090152e-05,0.006323769222944975,0.0003826033207587898]","[1.4086003830016125e-05,0.0002100040583172813,0.0004073293530382216,0.8490768671035767,0.00033834661007858813,0.14511393010616302,1.1263849046372343e-05,8.988651643448975e-06,0.004647165071219206,0.00017200094589497894]",,
,,"[0.0005473557976074517,8.021065877983347e-05,0.0002775496686808765,0.00449797697365284,0.00015984154015313834,0.011390148662030697,1.4224553524400108e-05,0.0005865145940333605,0.9810723662376404,0.0013737931149080396]",,,"[0.0012822628486901522,0.00018989964155480266,0.0012750079622492194,0.0008907574811019003,9.22515828278847e-05,0.0024482416920363903,1.4513036148855463e-05,0.0009456845582462847,0.9906159043312073,0.0022454482968896627]"
,,,,,
"[0.0006220255163498223,0.00043932945118285716,0.9855859875679016,0.005783942993730307,4.235660526319407e-06,0.00229210639372468,0.00029170187190175056,2.2505560991703533e-05,0.004956248216331005,1.9859867279592436e-06]","[0.0001595540961716324,0.00019037445599678904,0.9960646033287048,0.0009098946466110647,1.8287680632056436e-06,0.0009280173107981682,0.00027341285021975636,1.1378987437637988e-05,0.0014599683927372098,9.168320502794813e-07]","[0.00024400828988291323,0.00018987024668604136,0.9913254380226135,0.004375127609819174,2.265241846544086e-06,0.0014684719499200583,0.0004165015125181526,1.2251109183125664e-05,0.001963720191270113,2.3823968149372377e-06]","[0.00025056127924472094,0.00047494718455709517,0.9896494150161743,0.0034973816946148872,3.387860260772868e-06,0.0013126806588843465,0.00015123383491300046,1.7860882508102804e-05,0.004641302861273289,1.2003947631455958e-06]","[0.0008080474799498916,0.00026820963830687106,0.9814299941062927,0.0012756108772009611,9.180632332572713e-06,0.00036684080259874463,0.0002550132921896875,0.0001321807358181104,0.015451292507350445,3.6179633298161207e-06]","[0.0004246873431839049,0.00020346698875073344,0.9922963976860046,0.002796016400679946,1.1426815262893797e-06,0.00034011731622740626,0.0001260459830518812,1.1918410564248916e-05,0.003799345111474395,8.677524192535202e-07]"
,,"[0.01889941096305847,0.004209781065583229,0.009225287474691868,0.18518701195716858,0.02579510025680065,0.5518280267715454,0.038108229637145996,0.003027960890904069,0.14634211361408234,0.017377033829689026]",,,"[0.050318602472543716,0.005839914549142122,0.014357381500303745,0.1634494960308075,0.012456344440579414,0.5616528987884521,0.01646164432168007,0.0025945473462343216,0.1473655104637146,0.02550370804965496]"
,,,,,
,,"[6.48017376079224e-05,0.0007237675017677248,0.0025076880119740963,0.012396086007356644,0.5295727252960205,0.1366136521100998,0.003714105114340782,0.0004642066778615117,0.03502441570162773,0.2789185643196106]","[8.414578769588843e-05,0.0018162261694669724,0.001821631216444075,0.004887005779892206,0.704804539680481,0.10382214188575745,0.001017872360534966,0.0008430708548985422,0.09482338279485703,0.08607997000217438]","[3.498293517623097e-05,0.0003006761835422367,0.001032389933243394,0.0024443217553198338,0.9011414051055908,0.007389851380139589,0.0004091676964890212,0.001026487210765481,0.020527532324194908,0.06569323688745499]",
"[2.6715799322118983e-05,0.0006844935123808682,0.00081725133350119,0.0029845314566046,0.8900063633918762,0.0021338060032576323,0.000484270480228588,0.0047045606188476086,0.010161719284951687,0.08799642324447632]",,"[1.8482109226169996e-05,0.0005849763401784003,0.002009154064580798,0.008207528851926327,0.8012002110481262,0.003571159904822707,0.0009024347527883947,0.0039179204031825066,0.017505157738924026,0.16208301484584808]","[1.4851352716505062e-05,0.0007751641096547246,0.0013135266490280628,0.004627045709639788,0.9253999590873718,0.001808597706258297,0.00030362000688910484,0.002374873263761401,0.01630944386124611,0.04707296937704086]","[1.992942634387873e-05,0.000721125805284828,0.0009738087537698448,0.001797220902517438,0.8682207465171814,0.0007421165937557817,0.0003065061173401773,0.0060101039707660675,0.011079096235334873,0.11012943089008331]","[7.627100421814248e-05,0.0019956380128860474,0.005252339877188206,0.010078467428684235,0.5088794231414795,0.0028066562954336405,0.0006376111996360123,0.006479351315647364,0.046609215438365936,0.4171850085258484]"
,,"[0.0019057837780565023,0.0011795469326898456,0.894252598285675,0.05826370045542717,1.2709235761576565e-06,0.03489236533641815,0.0014631556114181876,5.158678391126159e-07,0.008039884269237518,1.2202145853734692e-06]","[0.0013440247857943177,0.00395474536344409,0.8421785831451416,0.07378332316875458,1.633490114727465e-06,0.07054662704467773,0.00033535697730258107,4.1968220898525033e-07,0.007855013944208622,3.2462676813338476e-07]","[0.00208843732252717,0.0012417297111824155,0.9531514644622803,0.02920321188867092,1.0196284847552306e-06,0.006050203926861286,0.0005324047524482012,9.449530011806928e-07,0.0077300965785980225,4.34783061109556e-07]","[0.0034222626127302647,0.0021369592286646366,0.8913814425468445,0.07849791646003723,6.190814474393846e-07,0.008731969632208347,0.0005394385661929846,4.0057187788988813e-07,0.015288464725017548,4.5188042463450984e-07]"
"[0.00018318506772629917,0.00037532596616074443,0.000823378621134907,0.01010935753583908,0.001361943781375885,0.0037908877711743116,4.690022979048081e-05,0.0025589396245777607,0.9798264503479004,0.0009236180922016501]",,,,"[0.00013766982010565698,0.0002061902778223157,0.002220665803179145,0.0069407252594828606,0.0025059275794774294,0.0006122020422481,5.007141953683458e-05,0.009677104651927948,0.9756789803504944,0.0019705062732100487]",
,,"[4.59752518509049e-05,2.3881339075160213e-06,0.0003690878802444786,5.9712798247346655e-05,0.9601386189460754,0.0005328154074959457,0.0004531566519290209,0.00021356400975491852,0.0009102575713768601,0.03727449104189873]",,,
"[0.010164441540837288,5.306002640281804e-05,0.0027433934155851603,1.6374769984395243e-05,0.0003611189895309508,0.049116235226392746,0.9357335567474365,4.0725191752244427e-07,0.00180653459392488,4.916039415547857e-06]",,"[0.0003401236026547849,5.966703156445874e-06,0.0008251123945228755,3.887056664098054e-06,6.866935291327536e-05,0.004523850046098232,0.9939963817596436,6.303481825398194e-08,0.00023492723994422704,9.945262036126223e-07]","[0.0020774512086063623,5.77416576561518e-05,0.0024332727771252394,8.10713754617609e-06,0.00023878693173173815,0.02919963374733925,0.9652909636497498,2.9593201134048286e-07,0.0006913540419191122,2.4024814138101647e-06]","[0.00230289064347744,1.5791663827258162e-05,0.0020812780130654573,3.062632686123834e-06,0.000174126194906421,0.0021158354356884956,0.9929240942001343,2.50381702926461e-07,0.00037879921728745103,3.919853497791337e-06]",
,,"[0.0002785426040645689,0.0011251331306993961,0.004379288759082556,0.001515934825874865,4.919373168377206e-05,0.0016693169018253684,0.0002209125814260915,5.5186501413118094e-05,0.990572988986969,0.00013339432189241052]","[0.00031282714917324483,0.00604108814150095,0.02382258139550686,0.02539125271141529,0.0003239986253902316,0.009509083814918995,9.520412277197465e-05,3.530614048941061e-05,0.9344074130058289,6.125439540483057e-05]","[0.00027115034754388034,0.0008217829163186252,0.01800456829369068,0.002117226365953684,0.0005478314706124365,0.00035744329215958714,4.7478100896114483e-05,0.0008543422445654869,0.9763247966766357,0.0006533146952278912]","[0.00048623248585499823,0.0011178883723914623,0.009343170560896397,0.0013687280006706715,1.7837808627518825e-05,0.000559396343305707,5.72093267692253e-05,2.690050496312324e-05,0.98689866065979,0.00012395349040161818]"
"[0.18479597568511963,0.00012497295392677188,0.01893826201558113,8.493739733239636e-05,0.07750458270311356,0.07498446851968765,0.6328298449516296,6.98413496138528e-05,0.009855848737061024,0.0008113370859064162]","[0.03858271241188049,0.00018110123346559703,0.0204554945230484,5.393461469793692e-05,0.04449523612856865,0.03865591064095497,0.8555555939674377,6.96036804583855e-05,0.0015517912106588483,0.0003986492520198226]",,,,
,,"[4.368841109680943e-05,0.00012880732538178563,0.0028758186381310225,0.00035898073110729456,0.0005746608949266374,0.0499141551554203,0.09914092719554901,5.001449494557164e-07,0.8469082713127136,5.407118806033395e-05]","[2.2755140889785253e-05,0.0003850216162391007,0.005926937330514193,0.0007170811877585948,0.0012173696886748075,0.04657365009188652,0.029184171929955482,2.8606058322111494e-07,0.9159554839134216,1.7186952391057275e-05]",,"[3.918689253623597e-05,0.00021397000818978995,0.056074194610118866,0.00038792603299953043,0.0007501579821109772,0.015209109522402287,0.11674192547798157,3.802371111305547e-07,0.8105555772781372,2.747299731709063e-05]"
,,"[2.937662657132023e-06,0.0005774142919108272,0.005893218796700239,0.07541847229003906,0.7874203324317932,0.021256035193800926,0.024929706007242203,0.0018523409962654114,0.036259524524211884,0.04639006406068802]","[2.0096642856515246e-06,0.0011538539547473192,0.002805548021569848,0.03910365700721741,0.8896528482437134,0.0442613810300827,0.006006534211337566,0.000808109063655138,0.01106399204581976,0.005142086651176214]","[2.9005466331000207e-06,0.000216520726098679,0.001773578580468893,0.01123116910457611,0.9412199854850769,0.002444898709654808,0.005180549807846546,0.004780638497322798,0.011332379654049873,0.021817266941070557]","[2.2305141101242043e-05,0.002771008526906371,0.014400164596736431,0.13746382296085358,0.5561965107917786,0.04236181080341339,0.014156446792185307,0.004504922777414322,0.07893819361925125,0.14918477833271027]"
"[0.006450524087995291,0.0010721334256231785,0.004899086896330118,0.8768969774246216,0.0006077054422348738,0.09791567176580429,0.0010740748839452863,0.005435754545032978,0.0025534345768392086,0.003094601444900036]",,"[0.0016229022294282913,0.0004552180180326104,0.006101539824157953,0.9438982605934143,0.0003724842972587794,0.03142983466386795,0.001000512158498168,0.0018140672473236918,0.01129158679395914,0.002013571560382843]",,,"[0.015261302702128887,0.001966822659596801,0.06366400420665741,0.8465243577957153,0.0002824841358233243,0.025652265176177025,0.0023673309478908777,0.004909425973892212,0.03028767555952072,0.009084327146410942]"
"[0.006661651190370321,0.0011619477299973369,0.022441428154706955,0.6526461243629456,0.000395185430534184,0.08275623619556427,0.0002257708547404036,6.610323180211708e-05,0.2333180457353592,0.0003275304043199867]",,"[0.007824821397662163,0.0010656471131369472,0.03068636730313301,0.3869035840034485,0.0006234476459212601,0.08923749625682831,0.0008120708516798913,8.455570787191391e-05,0.48147666454315186,0.0012854586821049452]","[0.0044537796638906,0.001573366578668356,0.025492003187537193,0.47389763593673706,0.00105875707231462,0.1719987690448761,0.000288258190266788,5.0113834731746465e-05,0.3207626938819885,0.00042469639447517693]",,"[0.00830663088709116,0.0008389284485019743,0.023562168702483177,0.5371331572532654,0.00028326461324468255,0.021279146894812584,0.00017857897910289466,3.3765409170882776e-05,0.4076039493083954,0.0007804950582794845]"
"[0.006375353783369064,0.00023072425392456353,0.0018150523537769914,0.0026212865486741066,0.008328147232532501,0.0182908084243536,0.002052940661087632,0.0020004238467663527,0.9192801713943481,0.039005205035209656]","[0.003180904546752572,0.0004376531287562102,0.0027998024597764015,0.0013915679883211851,0.021128753200173378,0.02224004454910755,0.010196659713983536,0.0020616636611521244,0.717037558555603,0.21952542662620544]","[0.0033003385178744793,0.00023907606373541057,0.004721164237707853,0.001695481943897903,0.00928542111068964,0.017206335440278053,0.003410884877666831,0.004670025315135717,0.8667404651641846,0.0887308344244957]","[0.0017264491179957986,0.00026574343792162836,0.007037035655230284,0.006688190158456564,0.024390660226345062,0.0524633415043354,0.0028355401009321213,0.001137325307354331,0.8713704347610474,0.03208533301949501]","[0.0022130385041236877,0.0002693861024454236,0.014314507134258747,0.003825247986242175,0.0344628170132637,0.0038174039218574762,0.0009533308329991996,0.006278173066675663,0.7522598505020142,0.18160627782344818]","[0.004254274535924196,0.0002638534060679376,0.018549218773841858,0.0037115782033652067,0.01489141397178173,0.014800100587308407,0.005153745878487825,0.0028756638057529926,0.8303031325340271,0.10519704222679138]"
,,"[0.0003235523181501776,0.0041887396946549416,0.002968614688143134,0.03154273331165314,0.5513656139373779,0.06901831179857254,0.007044713478535414,0.0017140272539108992,0.05213811621069908,0.2796955704689026]",,,"[0.0006642491789534688,0.01797460950911045,0.0035671954974532127,0.04705061763525009,0.5848323702812195,0.04696047678589821,0.004862985108047724,0.0020833180751651525,0.08817007392644882,0.20383411645889282]"
"[0.0026384105440229177,1.7355976524413563e-05,0.0005529806949198246,0.0004442330973688513,0.0027623509522527456,0.11142371594905853,0.0035770616959780455,1.0280118658556603e-06,0.8783976435661316,0.00018526003987062722]","[0.004328188020735979,0.00019995537877548486,0.0017369590932503343,0.0036809565499424934,0.008609241805970669,0.17469754815101624,0.014841649681329727,1.2675998732447624e-05,0.790956974029541,0.0009358470560982823]","[0.0022884157951921225,4.751371670863591e-05,0.0022610046435147524,0.004240232519805431,0.006432932335883379,0.10521451383829117,0.016613131389021873,6.342688720906153e-06,0.8615200519561768,0.0013759686844423413]","[0.001877314643934369,0.00010815383575391024,0.008290980011224747,0.008851799182593822,0.01908356137573719,0.38402384519577026,0.005895548965781927,5.406845957622863e-06,0.571433424949646,0.00042994521209038794]","[0.012122475542128086,0.00017576747632119805,0.04709877818822861,0.01852547936141491,0.05101573094725609,0.1169564425945282,0.021047012880444527,7.428607204928994e-05,0.7267675399780273,0.006216451525688171]","[0.009252090007066727,0.0001512842281954363,0.006731725297868252,0.0030585783533751965,0.0035520114470273256,0.06533262878656387,0.008595953695476055,9.832032446865924e-06,0.9025896787643433,0.000726293190382421]"
,,"[0.0007191167678683996,0.0003767494345083833,0.0011235701385885477,0.003023664467036724,0.02650374360382557,0.034260962158441544,0.008070271462202072,0.002095740055665374,0.8127306699752808,0.11109555512666702]","[0.0005033210036344826,0.0004374663985799998,0.0014470182359218597,0.0023286405485123396,0.009782596491277218,0.02293681912124157,0.0012254227185621858,0.0016436513978987932,0.9233548045158386,0.036340221762657166]",,"[0.0011953276116400957,0.00044606643496081233,0.0011667172657325864,0.002242695540189743,0.007202470675110817,0.02938164584338665,0.0013768748613074422,0.0013434425927698612,0.8526217937469482,0.10302310436964035]"
"[0.00023965269792824984,0.001128335832618177,0.000316404941258952,0.000811288075055927,0.0006091857794672251,0.03847372904419899,9.97633978840895e-05,0.0001296429691137746,0.9578072428703308,0.00038476617191918194]","[9.191357821691781e-05,0.0007800102466717362,0.00019081788195762783,0.0006157031166367233,0.00012377917300909758,0.0055789705365896225,5.376986155170016e-05,0.00011786899267463014,0.9922129511833191,0.0002342281222809106]","[0.0001019626870402135,0.00035116643994115293,0.0004066708206664771,0.0006110947579145432,0.00019241581321693957,0.0062599084340035915,9.870609210338444e-05,0.00013228844909463078,0.9913771152496338,0.0004686885222326964]","[5.1172635721741244e-05,0.0004777646972797811,0.0002561393193900585,0.0002394545153947547,0.00010267927427776158,0.004536321386694908,3.291750908829272e-05,4.581900066114031e-05,0.9940654039382935,0.00019232637714594603]","[7.916343020042405e-05,0.00030912645161151886,0.0032032993622124195,0.0008729183464311063,0.0019235053332522511,0.0016445131041109562,2.828015567502007e-05,0.004476034548133612,0.9823377132415771,0.005125423427671194]","[0.00013986817793920636,0.0003105734067503363,0.0003984241629950702,0.0008798870258033276,6.926842615939677e-05,0.005401493050158024,3.4744989534374326e-05,6.911718082847074e-05,0.9919936656951904,0.000702851393725723]"
,,,,,"[0.02172796055674553,0.0003113784478046,0.055973902344703674,2.2294041627901606e-05,0.03872588276863098,0.020368827506899834,0.8602553606033325,1.065909873432247e-05,0.0014336801832541823,0.001170029048807919]"
"[0.00032444356475025415,0.007364455610513687,0.07754110544919968,0.002586396411061287,0.008481211960315704,0.006111604627221823,0.8885954022407532,0.0003545554936863482,0.008579053916037083,6.181349453981966e-05]","[4.5666067308047786e-05,0.001959532266482711,0.013191930018365383,9.870965004665777e-05,0.0011135638924315572,0.0007345338817685843,0.9813971519470215,3.1588817364536226e-05,0.0014065481955185533,2.0747196685988456e-05]","[0.0002027756127063185,0.0020579532720148563,0.019799279049038887,0.0008663075277581811,0.002036412013694644,0.00203977944329381,0.9686610698699951,0.0001245452876901254,0.004144642502069473,6.724369450239465e-05]","[0.00019688659813255072,0.007779768202453852,0.08554574847221375,0.0005699520697817206,0.006097787991166115,0.0033634824212640524,0.8881131410598755,0.00021840861882083118,0.008061137050390244,5.3697676776209846e-05]","[0.0009326685685664415,0.011383726261556149,0.24034905433654785,0.0018977916333824396,0.015937577933073044,0.00344700925052166,0.7102900743484497,0.0018931413069367409,0.013544425368309021,0.0003245653642807156]","[0.0001738163991831243,0.00304331723600626,0.05184365436434746,0.00038147272425703704,0.0025402826722711325,0.00117573665920645,0.9367147088050842,0.00012961780885234475,0.003958092071115971,3.9291364373639226e-05]"
"[0.13179601728916168,0.027924582362174988,0.1556486189365387,0.10351938754320145,0.05991761013865471,0.025725120678544044,0.32984378933906555,0.12298738211393356,0.027127893641591072,0.015509570948779583]","[0.10642246156930923,0.03839170187711716,0.17482325434684753,0.07398413866758347,0.05089497193694115,0.018452579155564308,0.36838752031326294,0.12825822830200195,0.029174935072660446,0.011210219003260136]","[0.08239700645208359,0.019703373312950134,0.13615085184574127,0.07029815763235092,0.04319680482149124,0.020229609683156013,0.5217621922492981,0.06593221426010132,0.025620747357606888,0.01470908522605896]","[0.07724066078662872,0.04691457748413086,0.1993991583585739,0.12618659436702728,0.07890553772449493,0.0373486764729023,0.2939566969871521,0.08647405356168747,0.042558103799819946,0.011015924625098705]","[0.0897834300994873,0.01762005127966404,0.29765117168426514,0.09428860247135162,0.06995423883199692,0.00947573035955429,0.2670811712741852,0.1077238917350769,0.022135062143206596,0.024286672472953796]","[0.14187252521514893,0.02389034815132618,0.28646978735923767,0.1099548265337944,0.03173505887389183,0.010276841931045055,0.2444273680448532,0.09798311442136765,0.03673529997467995,0.016654834151268005]"
"[2.376212432864122e-05,8.553010957257356e-06,0.0013095432659611106,6.378099897119682e-06,0.0040860287845134735,6.409236084436998e-05,0.9944227337837219,7.128093784558587e-06,5.145366594661027e-05,2.0247052816557698e-05]","[3.3226937375729904e-05,5.252338723948924e-06,0.0005662378389388323,1.2411269381118473e-06,0.0017725217621773481,2.936179043899756e-05,0.997528612613678,1.5367539845101419e-06,1.4501631994789932e-05,4.75405395263806e-05]",,"[2.0387704353197478e-05,1.1112555512227118e-05,0.0029347992967814207,1.0531756743148435e-05,0.0075207920745015144,0.00012708044960163534,0.9892884492874146,5.572183908952866e-06,6.002568989060819e-05,2.1291298253345303e-05]",,
,,"[0.00019290698401164263,6.907539500389248e-06,0.001065337099134922,1.4988856491982006e-05,0.00173255056142807,0.0005736292223446071,0.9959297776222229,1.64935693192092e-06,0.00020648958161473274,0.0002757491893135011]","[0.0009492433164268732,6.175141606945544e-05,0.010780042968690395,0.00022457671002484858,0.00835971999913454,0.013016259297728539,0.9655342698097229,8.146115760609973e-06,0.0008039307431317866,0.0002619967272039503]","[0.0013330494984984398,1.715153302939143e-05,0.007413830142468214,6.0621190641541034e-05,0.01023944653570652,0.0007891319110058248,0.9778332114219666,1.1400110452086665e-05,0.0004599196545314044,0.0018422998255118728]","[0.0015159202739596367,2.9007444027229212e-05,0.00963688176125288,6.763556302757934e-05,0.002257050946354866,0.003186783753335476,0.9806833863258362,5.181494998396374e-06,0.0013249102048575878,0.001293294015340507]"
"[0.06529956310987473,5.145731847733259e-05,0.0005254545831121504,0.00025756278773769736,0.004792730323970318,0.030755821615457535,0.000380735524231568,0.0010631757322698832,0.8759748935699463,0.020898550748825073]","[0.052204906940460205,0.00013361647143028677,0.0009403398144058883,0.00020776041492354125,0.005691381171345711,0.024190828204154968,0.0013988903956487775,0.004188842605799437,0.8478031754493713,0.06324011832475662]","[0.03388049826025963,4.8729762056609616e-05,0.001362561364658177,0.0004548943252302706,0.0036799085792154074,0.017170950770378113,0.0013391756219789386,0.0016915014712139964,0.8727110624313354,0.06766068190336227]","[0.01285212766379118,2.822917485900689e-05,0.00023963398416526616,3.7730704207206145e-05,0.0010404614731669426,0.005032663233578205,0.0001774701668182388,0.0005464809364639223,0.9652974009513855,0.014747845008969307]","[0.07831107825040817,4.58238173450809e-05,0.0025298246182501316,0.00023280535242520273,0.009616753086447716,0.007315631490200758,0.0008270838879980147,0.012051698751747608,0.8058069944381714,0.08326226472854614]","[0.10088606923818588,5.3437805036082864e-05,0.0018491669325158,8.263517520390451e-05,0.00037333022919483483,0.0008280205656774342,0.00032436358742415905,0.0006763239507563412,0.8889716863632202,0.005954911932349205]"
,"[8.085380250122398e-05,0.009104150347411633,0.0023093936033546925,0.0017959100659936666,0.005071332678198814,0.009028672240674496,0.0038107335567474365,0.0017474701162427664,0.9649426341056824,0.0021088384091854095]","[8.002042159205303e-05,0.0019653800409287214,0.005071994848549366,0.003903611097484827,0.01445379201322794,0.01656007394194603,0.008321085013449192,0.0011993583757430315,0.9384180307388306,0.010026654228568077]","[4.903725493932143e-05,0.0024200554471462965,0.002147833351045847,0.0008365123067051172,0.005376968067139387,0.01117002498358488,0.0010514948517084122,0.000344296102412045,0.9757118225097656,0.0008919045212678611]",,"[0.00013093689631205052,0.004372416529804468,0.003725919174030423,0.0006108991801738739,0.0007895496091805398,0.0009140420006588101,0.0008044386631809175,0.0004872143326792866,0.9872642755508423,0.0009001453872770071]"
"[0.0007349703228101134,0.003930303733795881,0.013532874174416065,0.2032593935728073,0.08467214554548264,0.13459448516368866,0.00594682153314352,0.5009823441505432,0.045883238315582275,0.006463443860411644]",,,"[0.0009561627521179616,0.005119398236274719,0.021945267915725708,0.15070241689682007,0.06086112931370735,0.10333066433668137,0.007260528393089771,0.4516694247722626,0.17584563791751862,0.022309385240077972]",,"[0.0034882863983511925,0.00806104950606823,0.05667991191148758,0.16458985209465027,0.02338544838130474,0.05252545699477196,0.00747253093868494,0.29108867049217224,0.34278857707977295,0.049920227378606796]"
"[0.005634471774101257,0.002974663395434618,0.006892420817166567,0.16590829193592072,0.0005475319921970367,0.7954393625259399,0.00124228501226753,0.00025769011699594557,0.020601920783519745,0.0005012891488149762]","[0.027669338509440422,0.007841602899134159,0.014851432293653488,0.10852919518947601,0.000620017119217664,0.809907078742981,0.003856990020722151,0.000469569320557639,0.024915389716625214,0.001339334761723876]","[0.007698344066739082,0.0030346571002155542,0.009756211191415787,0.234716534614563,0.0006100478931330144,0.7125371098518372,0.0023419896606355906,0.00032037237542681396,0.027730043977499008,0.0012547184014692903]","[0.005285285413265228,0.0029240569565445185,0.006570130120962858,0.11926045268774033,0.0005556207615882158,0.8384117484092712,0.0012709677685052156,0.00021035475947428495,0.024890637025237083,0.0006207723636180162]","[0.010723737999796867,0.008403133600950241,0.0578542985022068,0.3538181185722351,0.005593355745077133,0.48122283816337585,0.0021133616100996733,0.005014496855437756,0.06774242967367172,0.007514225319027901]","[0.06101725250482559,0.007855221629142761,0.035343319177627563,0.25653764605522156,0.0007579401135444641,0.5798969268798828,0.0035440626088529825,0.000645694206468761,0.053350500762462616,0.001051459927111864]"
,,"[0.027557676658034325,0.0008642252651043236,0.0024875246454030275,0.31789299845695496,0.0007035103044472635,0.3385359048843384,0.001975774532184005,0.00011093622742919251,0.307883620262146,0.001987853553146124]",,"[0.01971905305981636,0.00021576553990598768,0.004253658466041088,0.8772845268249512,0.00043611929868347943,0.03046312741935253,0.00018685118993744254,0.00011979808914475143,0.06452034413814545,0.0028006783686578274]","[0.04124440252780914,0.00030829786555841565,0.001039810013025999,0.7228227257728577,7.587884465465322e-05,0.05038328468799591,0.00029447925044223666,3.2943316909950227e-05,0.18283690512180328,0.0009613446309231222]"
"[0.00016238994430750608,0.002066075336188078,0.9936834573745728,0.0014443544205278158,1.0837436093424913e-05,0.00013517287152353674,0.00020185908942949027,5.887176303076558e-05,0.0022229545284062624,1.4070850738789886e-05]","[8.693826384842396e-05,0.0010589960729703307,0.9967921376228333,0.0006473627872765064,6.14032251178287e-06,6.087586734793149e-05,0.0002482649579178542,7.731276127742603e-05,0.001011121436022222,1.081268328562146e-05]","[8.427431748714298e-05,0.0005401078378781676,0.9966411590576172,0.0009662038646638393,5.3185240176389925e-06,3.802817809628323e-05,0.00027274765307083726,3.623549491749145e-05,0.0014047863660380244,1.107597563532181e-05]","[5.7086068409262225e-05,0.0015254014870151877,0.9948509335517883,0.0008761448552832007,8.19072374724783e-06,9.436437539989129e-05,8.662666368763894e-05,3.447183553362265e-05,0.00246215402148664,4.733984951599268e-06]","[9.029998182086274e-05,0.0005589529755525291,0.9964480400085449,0.0007839045720174909,1.0488651241757907e-05,1.8399783584754914e-05,5.5640590289840475e-05,0.0001342292525805533,0.00188349187374115,1.6516536561539397e-05]","[0.00017756479792296886,0.0007211552001535892,0.9974523186683655,0.00044461851939558983,1.7955115936274524e-06,8.689637979841791e-06,0.00011062321573263034,2.9036291380180046e-05,0.001051451312378049,2.841750529114506e-06]"
,,"[0.00010748662316473201,8.979031207445587e-08,5.717204203392612e-06,6.416862743208185e-05,9.475982551521156e-06,0.00686442106962204,5.119277943776979e-07,3.74188607565884e-06,0.9926034808158875,0.00034094395232386887]",,,"[0.0003510351525619626,2.2726572979081539e-07,0.00015797078958712518,0.0002654927666299045,2.6036128474515863e-05,0.01145816408097744,1.95057828022982e-06,2.350725026190048e-06,0.9870478510856628,0.0006890129297971725]"
"[0.0002493439242243767,3.948660378227942e-05,0.000707685190718621,0.00471468735486269,1.028949463943718e-05,0.9849953055381775,0.00347063853405416,2.859992207504547e-07,0.0058046067133545876,7.574720712000271e-06]","[0.0008080644183792174,5.03886112710461e-05,0.0025258769746869802,0.002208176301792264,1.3841362488165032e-05,0.9782444834709167,0.0067015402019023895,2.3755720235385525e-07,0.009415596723556519,3.166495298501104e-05]","[0.0002426113496767357,2.2561313016922213e-05,0.0020285448990762234,0.008222152478992939,1.734754187054932e-05,0.9680832624435425,0.008077375590801239,2.0710827186576353e-07,0.013271862640976906,3.412418664083816e-05]","[0.00010169477172894403,1.8202412320533767e-05,0.0010247454047203064,0.003210891969501972,8.330047421623021e-06,0.988974928855896,0.0009646728285588324,7.631400222862794e-08,0.005692136939615011,4.358749265520601e-06]","[0.0004957498167641461,0.0001150889802374877,0.02520109713077545,0.011908473446965218,0.000573974393773824,0.913108766078949,0.004474519286304712,1.8758579244604334e-05,0.04363027960062027,0.0004732981906272471]","[0.002151792636141181,0.0001273832021979615,0.006246660836040974,0.019981255754828453,1.534096008981578e-05,0.920268177986145,0.007452256046235561,6.160001362331968e-07,0.043687853962183,6.866901821922511e-05]"
"[4.925993380311411e-06,3.831733192782849e-05,1.4834539797448087e-05,0.0004856141749769449,0.9840166568756104,0.0031146055553108454,3.067971920245327e-05,0.0019191254395991564,0.006089642643928528,0.004285714123398066]",,"[4.172941771685146e-06,2.0702693291241303e-05,1.0216645932814572e-05,0.0002521938586141914,0.9777587652206421,0.0011228524381294847,2.4733708414714783e-05,0.0046377829276025295,0.012246358208358288,0.003922148607671261]","[2.806001702992944e-06,2.6413912564748898e-05,2.060643964796327e-05,0.000406596198445186,0.9842416644096375,0.002349326852709055,1.9676366719068028e-05,0.0012259888462722301,0.007965080440044403,0.003741794265806675]",,"[2.5411311071366072e-05,8.724311192054302e-05,5.957628309261054e-05,0.0008556441753171384,0.9650654792785645,0.00310498452745378,5.528986730496399e-05,0.003828940913081169,0.014875809662044048,0.012041732668876648]"
,,,"[0.012709561735391617,4.19056523242034e-05,0.00036955272662453353,0.00014181921142153442,0.0017019571969285607,0.9519286155700684,0.00021447047765832394,6.88359432388097e-05,0.03212692588567734,0.0006963800406083465]",,
"[2.2134572645882145e-06,4.0372836451751937e-07,9.26572029129602e-05,1.5839856132515706e-05,0.9992746710777283,6.0926995502086356e-05,2.998117997776717e-05,0.0001425740629201755,1.582300683367066e-05,0.0003649600548669696]",,"[5.85501811656286e-06,4.658223815567908e-07,0.00018732600437942892,1.4989759620220866e-05,0.9974194765090942,4.648979665944353e-05,8.28427291708067e-05,0.00011459792585810646,4.20283577113878e-05,0.0020859427750110626]","[5.7765082601690665e-06,4.492893879159965e-07,0.00011420936061767861,1.2500613593147136e-05,0.9981840252876282,7.562093378510326e-05,3.1298048270400614e-05,7.978217035997659e-05,5.879459058633074e-05,0.0014374781167134643]","[3.5848629522661213e-06,1.8615510555264336e-07,0.00029880015063099563,1.236958723893622e-05,0.9965901374816895,2.5942646971088834e-05,4.8148394853342324e-05,9.338466770714149e-05,1.4267836377257481e-05,0.002913225442171097]","[2.4585839128121734e-05,1.1013038374585449e-06,0.0004546021518763155,4.045559762744233e-05,0.9936036467552185,6.442985613830388e-05,7.38011731300503e-05,0.0002021719265030697,0.00011506529699545354,0.005420120432972908]"
"[0.0011941924458369613,0.0007069677230902016,0.004845791961997747,0.0018876505782827735,0.0001991944300243631,0.049551378935575485,2.472036976541858e-05,3.47274835803546e-05,0.9405152797698975,0.001040085917338729]",,"[0.0007594975177198648,0.0008188048959709704,0.008761205710470676,0.006157667841762304,0.0008116801036521792,0.02380182407796383,0.00012968858936801553,0.00022823744802735746,0.9450122117996216,0.013519180938601494]","[0.0018769948510453105,0.0031885867938399315,0.043752819299697876,0.012382970191538334,0.0012922032037749887,0.11274424940347672,7.486857793992385e-05,0.00022563766106031835,0.8218291997909546,0.0026323699858039618]","[0.003476975951343775,0.0015236057806760073,0.043474502861499786,0.011922898702323437,0.0013690629275515676,0.017223939299583435,0.00011418230133131146,0.0009074312984012067,0.8914170265197754,0.028570346534252167]","[0.001249873312190175,0.0006635391036979854,0.010313034057617188,0.0008348392439074814,0.000120822514872998,0.012084661051630974,5.296821109368466e-05,0.00015668895503040403,0.9671684503555298,0.007355103734880686]"
,,,"[0.00036403618287295103,0.0007705405005253851,0.9867246747016907,0.0011772214202210307,4.31337952022659e-08,0.006971853785216808,0.003287716070190072,5.9078033132209384e-08,0.0007038556504994631,2.8276883057287705e-08]","[0.0011439251247793436,0.0008893062477000058,0.9794496297836304,0.0021562085021287203,1.7738507551712246e-07,0.004703535232692957,0.0055391862988471985,5.737347237300128e-07,0.0061174603179097176,6.915518468986193e-08]",
"[5.308274353410525e-07,6.687181303277612e-05,6.218360067578033e-05,8.252685802290216e-05,0.9914658069610596,0.0002699226897675544,2.0456325728446245e-05,0.00016995731857605278,0.0038611821364611387,0.004000621382147074]",,"[4.2433643443473557e-07,6.433612725231797e-05,0.00015810293552931398,0.00022968986013438553,0.9887633323669434,0.00022536629694513977,6.041698725312017e-05,0.00016940743080340326,0.003988050390034914,0.006340789142996073]","[3.566380541997205e-07,0.0001092205784516409,0.00013360791490413249,0.0001524282415630296,0.9893283247947693,0.00038392518763430417,1.549555963720195e-05,0.00015311095921788365,0.007929589599370956,0.0017938705859705806]","[2.896427133691759e-07,3.5933459002990276e-05,7.292500231415033e-05,5.070765473647043e-05,0.9945420622825623,5.504631553776562e-05,1.5400057236547582e-05,0.00044890600838698447,0.0018647832330316305,0.002913997508585453]","[5.20076082466403e-06,0.00045498754479922354,0.002074409509077668,0.0006279597291722894,0.9052759408950806,0.0007477170438505709,0.0001225761225214228,0.0006510854000225663,0.05197201296687126,0.03806814178824425]"
,,"[0.0006339934188872576,0.0016967555275186896,0.005400424357503653,0.3128359317779541,9.685049735708162e-05,0.01442470122128725,3.091156031587161e-05,9.084987686946988e-05,0.6642138957977295,0.0005757494363933802]",,"[0.0011888031149283051,0.0021307317074388266,0.01166892983019352,0.18936002254486084,0.00017897119687404484,0.0031729149632155895,2.6448144126334228e-05,0.0005340229836292565,0.7905724048614502,0.0011668468359857798]","[0.0013312535593286157,0.0029516788199543953,0.01546530146151781,0.14400029182434082,0.00010806362115545198,0.0038196942768990993,5.336818503565155e-05,0.00014864021795801818,0.8313926458358765,0.0007291130605153739]"
,,"[0.0006078464793972671,9.563496860209852e-05,0.5353168249130249,0.439868688583374,4.5006578375250683e-07,0.0049585397355258465,7.653150532860309e-06,2.025522007897962e-07,0.01914389431476593,2.966409908822243e-07]","[0.0007706800824962556,0.00013642727572005242,0.818454921245575,0.1499115526676178,3.909392773948639e-07,0.01929839327931404,1.954431809281232e-06,7.375856370117617e-08,0.011425516568124294,9.571785142270528e-08]","[0.0010701902210712433,3.6597761209122837e-05,0.9233288764953613,0.06369742006063461,8.529847264071577e-07,0.0014137051766738296,2.4340558866242645e-06,1.3632944728669827e-06,0.01044818852096796,4.16763441535295e-07]","[0.002711512614041567,0.0002386575797572732,0.7384248971939087,0.21715739369392395,2.189127314977668e-07,0.00908566638827324,4.0149852793547325e-06,1.9526527239577263e-07,0.03237702324986458,3.662977405838319e-07]"
"[0.00023451591550838202,0.0549219474196434,0.8485233783721924,0.04318620264530182,7.222619842650602e-06,0.0014379953499883413,0.003271599765866995,3.263762209826382e-06,0.0484129898250103,9.014342481350468e-07]",,"[5.279504330246709e-05,0.006825563497841358,0.9395154118537903,0.020988963544368744,5.0704584282357246e-06,0.00047913199523463845,0.0073971799574792385,1.3207343272370053e-06,0.024733668193221092,9.024009841596126e-07]","[4.1942927055060863e-05,0.02021133154630661,0.9478759169578552,0.014620378613471985,9.413450243300758e-06,0.001348637044429779,0.0020458728540688753,1.5173511656030314e-06,0.013844553381204605,4.1245780835197365e-07]",,"[8.394149335799739e-05,0.021771520376205444,0.9445161819458008,0.007471351884305477,9.070934083865723e-07,0.00010347779607400298,0.0020792766008526087,2.067100922431564e-06,0.023970793932676315,4.866743665843387e-07]"
,,"[0.0007860405603423715,0.01784569025039673,0.5623877644538879,0.2409782111644745,0.00206369673833251,0.011254506185650826,0.006436806637793779,3.7111309211468324e-05,0.15744195878505707,0.0007682080031372607]","[0.0009655122412368655,0.039511192589998245,0.4058524966239929,0.2735636830329895,0.0016084000235423446,0.02283819578588009,0.0034890538081526756,4.065857865498401e-05,0.2515157461166382,0.0006150748813524842]",,"[0.001525626052170992,0.02086718939244747,0.3068626821041107,0.37776246666908264,0.0008423008839599788,0.007561737205833197,0.003295105416327715,3.9845137507654727e-05,0.2802591919898987,0.0009838577825576067]"
,,,"[3.211352668586187e-05,0.08940286189317703,0.8850702047348022,0.009121722541749477,6.984854508118588e-07,0.00024872832000255585,0.0003828098124358803,2.849032352969516e-05,0.015710994601249695,1.4090027207203093e-06]","[2.10316211450845e-05,0.001965336734429002,0.9908120036125183,0.006102358922362328,6.1064741885275e-07,2.970857167383656e-05,9.876354306470603e-05,3.028481842193287e-05,0.0009381592972204089,1.6908032876017387e-06]","[4.367170186014846e-05,0.03763144835829735,0.9400543570518494,0.013933684676885605,3.4093977774318773e-07,0.0002738155599217862,0.00042116950498893857,2.3057087673805654e-05,0.007616495247930288,2.0185811990813818e-06]"
,,"[0.000154492212459445,0.000556706334464252,0.0005641080206260085,0.00029305476346053183,0.05936402827501297,0.10354732722043991,0.002425637561827898,0.0002247743250336498,0.8294600248336792,0.0034099326003342867]",,,"[0.0011250399984419346,0.0008604734321124852,0.0012959217419847846,0.0009538538288325071,0.047444675117731094,0.07887980341911316,0.0014776000753045082,0.0002143080928362906,0.86274254322052,0.005005908198654652]"
"[4.5178028813097626e-05,3.532158370944671e-05,0.00018961542809847742,0.0014990235213190317,0.00029643974266946316,0.03283824771642685,4.537420409178594e-06,0.00038041500374674797,0.9641721248626709,0.0005391687736846507]","[2.3981338017620146e-05,2.5261551854782738e-05,8.321252607856877e-06,9.251826122635975e-05,1.9173636246705428e-05,0.0034424716141074896,3.8637992361145734e-07,1.1188983080501202e-05,0.9955234527587891,0.0008532839710824192]","[7.366756562987575e-06,2.9632374207722023e-06,2.3004402464721352e-05,0.0003601327771320939,2.788807250908576e-05,0.002746161539107561,6.277539910115593e-07,2.459457391523756e-05,0.9963207244873047,0.00048656383296474814]",,"[6.358243990689516e-05,2.0713010599138215e-05,0.001559449010528624,0.0027644187211990356,0.00028627889696508646,0.0042116884142160416,2.1058010588603793e-06,0.00043392946827225387,0.9856618046760559,0.004996015224605799]",
,"[0.004320399835705757,0.007380289491266012,0.0041008563712239265,0.0001932961749844253,0.10151877254247665,0.015756798908114433,0.015212968923151493,0.05245308205485344,0.1461644023656845,0.6528990864753723]","[0.006937816273421049,0.0008911237237043679,0.00533644761890173,0.0008359043276868761,0.14361445605754852,0.050313279032707214,0.008781390264630318,0.07577784359455109,0.3536810874938965,0.35383063554763794]","[0.005228220019489527,0.0030778187792748213,0.011216885410249233,0.0003006481274496764,0.1589975208044052,0.0755358338356018,0.009966248646378517,0.09734809398651123,0.3179111182689667,0.320417582988739]","[0.007157586514949799,0.0012383332941681147,0.018010763451457024,0.0007575441850349307,0.20131918787956238,0.018468102440238,0.006394431926310062,0.11182884126901627,0.15754491090774536,0.47728031873703003]","[0.006986143067479134,0.0017171450890600681,0.039318542927503586,0.00046623850357718766,0.09068538248538971,0.02121211588382721,0.01051882840692997,0.06894370168447495,0.33940955996513367,0.42074230313301086]"
,,"[0.019261233508586884,2.8813523385906592e-05,0.006873956881463528,0.00019134298781864345,0.0004442996287252754,0.05452612042427063,0.0018024853197857738,5.256500662653707e-05,0.9161653518676758,0.0006538443267345428]",,,"[0.04254135116934776,2.1391018890426494e-05,0.016446933150291443,0.00018760931561701,9.967380901798606e-05,0.016331538558006287,0.00029954419005662203,3.308770465082489e-05,0.9235287308692932,0.0005102395662106574]"
"[1.0395464755674766e-07,1.7260136431218598e-08,3.3343812333441747e-07,5.862318630533991e-06,0.9979310035705566,0.00010281455615768209,1.0986083509578748e-07,4.1670304199215025e-05,0.00017995230155065656,0.0017380033386871219]","[4.248787263350096e-06,3.8645433164674614e-07,8.14858140074648e-07,1.9033901480725035e-05,0.7705739140510559,0.0003307012375444174,8.425859050475992e-07,0.00016390677774325013,0.004177161958068609,0.22472892701625824]","[2.364475477634187e-07,2.352721750753517e-08,5.548757826545625e-07,2.555898390710354e-05,0.9806483387947083,0.00016917682660277933,9.082045835384633e-07,0.00019553210586309433,0.0009208666160702705,0.018038835376501083]",,"[3.6257139868212107e-07,3.080537425148577e-08,2.9011646347498754e-06,1.747588612488471e-05,0.9710868000984192,2.7565178243094124e-05,2.54704616509116e-07,0.0002579975698608905,0.0004542167007457465,0.028152382001280785]","[1.4803682461206336e-05,3.2335756827706064e-07,1.2399553270370234e-05,5.466954462463036e-05,0.9799864888191223,8.28292832011357e-05,2.2348385755321942e-06,0.000284289795672521,0.005434777121990919,0.014127202332019806]"
,,,,,
"[5.061667707195738e-06,1.706879061202926e-06,3.9427395677194e-05,3.210163049516268e-05,0.9968528151512146,0.00017186412878800184,4.5490065531339496e-05,0.0002003061817958951,7.11466564098373e-05,0.0025800929870456457]","[1.1371064829290845e-05,3.0203134429029888e-06,5.79469560761936e-05,1.3700485396839213e-05,0.9892680048942566,0.00017117893730755895,7.298558193724602e-05,0.00014749751426279545,0.0001628574391361326,0.010091499425470829]","[3.795780230575474e-06,9.793274102776195e-07,5.587398845818825e-05,3.282890247646719e-05,0.9920346140861511,0.0001608336897334084,9.170821431325749e-05,0.00013209899771027267,7.520610961364582e-05,0.007412055041640997]",,"[4.708661890617805e-06,8.873492447492026e-07,3.82096077373717e-05,1.2995937140658498e-05,0.9921865463256836,3.846931576845236e-05,3.711665340233594e-05,0.00015138475282583386,5.465147478389554e-05,0.007475006394088268]","[2.6133247956749983e-05,2.5368046863150084e-06,0.00011756255844375119,4.7890694986563176e-05,0.993602454662323,0.00011425893171690404,7.108218414941803e-05,0.00021106540225446224,0.00017413451860193163,0.00563285406678915]"
"[0.00013642606791108847,9.192917787004262e-06,0.0007980252848938107,8.792420885583851e-06,0.8707097172737122,0.0003725637507159263,0.0018351580947637558,0.0048853009939193726,0.03617877885699272,0.08506593853235245]",,"[0.00012008597695967183,1.5603120118612424e-05,0.0024133892729878426,2.9865524993510917e-05,0.5252096056938171,0.00046488430234603584,0.004069170448929071,0.005775575526058674,0.03629865124821663,0.4256032407283783]","[0.0001789854431990534,2.6979552785633132e-05,0.0008190203225240111,1.7952590496861376e-05,0.8057434558868408,0.000348162604495883,0.0012390046613290906,0.002138752955943346,0.1495872437953949,0.03990044817328453]","[4.651453491533175e-05,8.6731242845417e-06,0.0007135171908885241,5.292908099363558e-06,0.900837242603302,7.45345969335176e-05,0.0006630559219047427,0.009245687164366245,0.03508301079273224,0.05332236737012863]","[0.00014361785724759102,2.8056130759068765e-05,0.005539780016988516,1.693856938800309e-05,0.7409889101982117,0.0006781731499359012,0.00475715659558773,0.006252034101635218,0.04818695783615112,0.19340839982032776]"
,"[0.0027742465026676655,0.00011277104204054922,0.0008686209330335259,0.0005773331504315138,0.0006515358691103756,0.9840625524520874,0.0056610009633004665,5.095843334856909e-06,0.004884425085037947,0.0004023238434456289]","[0.0024097990244627,7.776686106808484e-05,0.0012878886191174388,0.0017509019235149026,0.002014486351981759,0.9599739909172058,0.017678599804639816,7.320790246012621e-06,0.014358963817358017,0.0004403104539960623]","[0.000956909207161516,4.331974923843518e-05,0.0005981195718050003,0.0011008952278643847,0.00042238732567057014,0.9912434816360474,0.0013680625706911087,2.567277078924235e-06,0.004172122571617365,9.22011022339575e-05]","[0.0019031364936381578,9.511593816569075e-05,0.0017022413667291403,0.00564945675432682,0.003434525104239583,0.9669898748397827,0.01095617190003395,1.06839943327941e-05,0.008611373603343964,0.0006473520770668983]","[0.005382676608860493,0.00031558304908685386,0.0013692008797079325,0.0027584426570683718,0.000663157319650054,0.9666069149971008,0.007874125614762306,6.984561423450941e-06,0.01471325196325779,0.0003096266882494092]"
,,"[1.6650712950649904e-06,4.4671668320006575e-07,0.9993683695793152,0.0004539902147371322,1.8593387721921317e-05,1.8792119590216316e-05,3.7768291804241017e-05,1.783490510831598e-08,0.00010023080540122464,2.3306502328068746e-07]",,,
"[3.612271757447161e-05,0.00020653902902267873,0.004618544597178698,0.005445374175906181,0.0018567359074950218,0.01625017076730728,0.00015708690625615418,5.7386536354897544e-05,0.9710460901260376,0.0003260239609517157]","[4.253933366271667e-05,0.00031534695881418884,0.006942293141037226,0.004170177038758993,0.0006732179899699986,0.004120987839996815,0.0002048773312708363,0.0001232363429153338,0.9831295609474182,0.0002777356712613255]","[1.1945887308684178e-05,4.5774973841616884e-05,0.004539437126368284,0.01623702049255371,0.000570283445995301,0.012920866720378399,0.0003338275128044188,3.577590541681275e-05,0.9648264050483704,0.00047874709707684815]","[7.79451056587277e-06,7.663776341360062e-05,0.004152926150709391,0.003579726442694664,0.00035814440343528986,0.0037918949965387583,2.9104257919243537e-05,1.3120896255713888e-05,0.9879442453384399,4.637029269360937e-05]","[7.700215974182356e-06,3.985658258898184e-05,0.0017021571984514594,0.0005870817694813013,0.0003881167504005134,0.000193091225810349,1.7609943824936636e-05,7.84695876063779e-05,0.9968971014022827,8.887673902790993e-05]","[3.699985973071307e-05,5.112120561534539e-05,0.009670346044003963,0.001371355727314949,4.5978093112353235e-05,0.0005661362083628774,3.755827128770761e-05,1.3487570868164767e-05,0.9880115389823914,0.00019552592129912227]"
"[0.006900440435856581,0.00018139048188459128,2.6030618755612522e-05,9.703749128675554e-06,0.00025039620231837034,0.03299182280898094,0.0013277216348797083,2.1732517780037597e-05,0.9571670293807983,0.0011238815495744348]",,"[0.00214199535548687,8.391098526772112e-05,1.3725317330681719e-05,1.1471716788946651e-05,0.00016095054161269218,0.009907991625368595,0.001049460144713521,9.017548109113704e-06,0.9856778979301453,0.0009435927495360374]",,,"[0.0025320290587842464,6.273858161875978e-05,3.2155989174498245e-05,7.414570518449182e-06,3.79447010345757e-05,0.003467171685770154,0.00020803236111532897,1.0742050108092371e-05,0.9931321740150452,0.0005094968364574015]"
"[0.0013078564079478383,2.8409869628376327e-05,0.00015644842642359436,0.0009441653382964432,0.007343731354922056,0.1339876651763916,5.249379319138825e-05,6.01407082285732e-05,0.8449166417121887,0.011202435940504074]",,,"[0.00022437269217334688,6.777430098736659e-05,0.00018741375242825598,0.0003897115238942206,0.00022623385302722454,0.0013552792370319366,7.70715359976748e-06,3.1597850465914235e-05,0.996640682220459,0.0008692336268723011]",,"[0.0007511989679187536,1.3366739040066022e-05,8.660941239213571e-05,0.0005523785366676748,0.00019173766486346722,0.003377096028998494,1.1548537258931901e-05,3.9590180676896125e-05,0.9798356294631958,0.015140833333134651]"
"[0.011443364433944225,0.002020533662289381,0.4072389304637909,0.0013574350159615278,0.017368134111166,0.02384437993168831,0.012360366992652416,0.045535147190093994,0.37126126885414124,0.10757042467594147]","[0.014810195192694664,0.0018669834826141596,0.5600045919418335,0.0007656212546862662,0.011962618678808212,0.012361091561615467,0.014121229760348797,0.07654296606779099,0.2045065015554428,0.10305823385715485]","[0.009638297371566296,0.000778677873313427,0.3854215443134308,0.001610881183296442,0.021517395973205566,0.007824926637113094,0.020268410444259644,0.036230724304914474,0.2964889407157898,0.22022023797035217]","[0.005822226870805025,0.0015148462262004614,0.5551196336746216,0.001006767968647182,0.020723285153508186,0.012133125215768814,0.007535505574196577,0.02878430113196373,0.3065578043460846,0.06080244854092598]","[0.0011332195717841387,0.00023997409152798355,0.49653398990631104,0.00012393234646879137,0.02239670231938362,0.000830105331260711,0.0008595979306846857,0.2210758775472641,0.08167677372694016,0.1751299351453781]","[0.020300714299082756,0.0007713302620686591,0.36954328417778015,0.0013406568905338645,0.005911680404096842,0.011337385512888432,0.014596976339817047,0.026378173381090164,0.26879656314849854,0.2810232639312744]"
"[0.0004440508782863617,0.00039368533180095255,0.003046683967113495,0.0016328453784808517,0.8761777281761169,0.0023043362889438868,0.0008998739067465067,0.02151506207883358,0.0017664622282609344,0.09181924164295197]",,"[0.00019339745631441474,0.00020291085820645094,0.0016844369238242507,0.0010697353864088655,0.938215970993042,0.0012186774984002113,0.0007902412908151746,0.01938040181994438,0.0012393583310768008,0.036004845052957535]",,"[0.0002045167493633926,0.00023880237131379545,0.003764964174479246,0.0009658214403316379,0.8440454602241516,0.0008704409119673073,0.0005015152273699641,0.02820773422718048,0.0013897360768169165,0.11981091648340225]","[0.0009651205618865788,0.0006959366146475077,0.0069360071793198586,0.0027920869179069996,0.8671352863311768,0.0019058763282373548,0.0014794112648814917,0.022578492760658264,0.002091990550979972,0.09341982007026672]"
"[0.0001965805422514677,5.087639465273242e-07,2.878804662032053e-05,8.335182792507112e-05,0.07394782453775406,8.268385863630101e-05,1.3527084774977993e-05,0.052570853382349014,0.0005043399287387729,0.8725714683532715]",,"[2.611739000712987e-05,8.838318876769335e-08,1.9530563804437406e-05,2.932449569925666e-05,0.0246728602796793,2.583219793450553e-05,6.633080829487881e-06,0.019222766160964966,0.00017551945347804576,0.9558212161064148]","[0.00013134698383510113,7.86322459589428e-07,0.00011547956091817468,0.00017883027612697333,0.18610188364982605,0.00029368899413384497,1.769241862348281e-05,0.02396000735461712,0.0008699726313352585,0.7883303761482239]","[4.515297769103199e-05,2.6756029569696693e-07,4.144291960983537e-05,8.261370385298505e-05,0.216679647564888,4.350642848294228e-05,1.1984870070591569e-05,0.04171571880578995,0.00043386523611843586,0.7409457564353943]","[0.0005229834350757301,8.308061296702363e-07,0.00011099066614406183,0.0001584764977451414,0.08626866340637207,5.862736361450516e-05,2.2736339815310203e-05,0.02586769126355648,0.0006735386559739709,0.8863154649734497]"
,,,"[0.001080019399523735,2.0325278455857188e-05,0.013235798105597496,0.06485332548618317,0.001958608627319336,0.034587204456329346,0.00010551641753409058,1.4689311683468986e-05,0.8835992217063904,0.0005453953635878861]",,"[0.0025319454725831747,8.522983080183621e-06,0.021343670785427094,0.0470467247068882,0.0007494777673855424,0.02059515193104744,0.0001611999759916216,8.918858839024324e-06,0.9064111709594727,0.0011432231403887272]"
"[0.003322092117741704,0.020569879561662674,0.23657019436359406,0.0031576803885400295,0.006181895732879639,0.016234753653407097,0.006677593570202589,0.6286389231681824,0.03266189619898796,0.0459851436316967]",,,,,"[0.0019057581666857004,0.015955815091729164,0.5064420700073242,0.0036888953763991594,0.0020680942106992006,0.004625905305147171,0.007099721115082502,0.4017312228679657,0.019167715683579445,0.03731483966112137]"
"[3.776451194426045e-06,2.3156700990512036e-05,0.9975007176399231,0.0024205632507801056,7.3764660157849e-08,9.735162166180089e-06,2.3398917619488202e-05,2.9160844405851094e-06,1.570184758747928e-05,1.5966911348641588e-08]","[3.040831188627635e-06,0.00014485172869171947,0.9991000890731812,0.00046896212734282017,1.4638115430898324e-07,7.604859092680272e-06,0.00024915250833146274,2.2590127173316432e-06,2.3855023755459115e-05,7.546208991016101e-08]","[7.979991778483964e-07,3.9463780012738425e-06,0.9991349577903748,0.0008229780942201614,4.618101812070563e-08,3.930595539713977e-06,2.6265230189892463e-05,4.4450644054450095e-07,6.562507223861758e-06,6.902979965417444e-09]","[9.123892823481583e-07,1.5289026123355143e-05,0.9993143081665039,0.0006419207202270627,4.65945717564864e-08,8.162767699104734e-06,1.0865575859497767e-05,6.551874776050681e-07,7.831175935280044e-06,6.5475140864634795e-09]",,
"[1.4110155461821705e-05,5.6845951945661e-08,3.3868457194330404e-07,0.00023499685630667955,3.541179694366292e-06,0.9985644221305847,2.3708764729235554e-08,6.457451490859967e-06,0.0011321022175252438,4.4032531150151044e-05]",,,,"[7.770804222673178e-05,9.840159691520967e-07,6.419983401428908e-05,0.01203954964876175,0.00020088152086827904,0.960655927658081,1.364931563330174e-07,0.0067950766533613205,0.006840845104306936,0.01332464162260294]",
"[0.00018938690482173115,0.04283453896641731,0.002415312919765711,0.9014467000961304,9.888564818538725e-05,0.046480242162942886,0.0029437572229653597,0.00021073866810183972,0.003140471875667572,0.00023999292170628905]","[0.00014310349070001394,0.06607126444578171,0.006911416072398424,0.8204266428947449,0.00025292180362157524,0.09340579807758331,0.00821174867451191,0.00046085688518360257,0.0036728261038661003,0.0004434409493114799]","[0.00013370079977903515,0.021585816517472267,0.00918380357325077,0.8970916271209717,0.00020543797290883958,0.056798987090587616,0.007776377722620964,0.0002609406947158277,0.006635038182139397,0.0003282570105511695]",,,"[0.000253235426498577,0.043223194777965546,0.01796644739806652,0.8754905462265015,9.331099863629788e-05,0.05290016531944275,0.003879646770656109,0.00020108347234781832,0.0056638773530721664,0.0003285135899204761]"
,,"[5.576810622187622e-07,1.2715868535906338e-07,3.2501098758075386e-05,2.742098558883299e-06,0.9991043210029602,2.990505709021818e-05,0.00012402384891174734,5.827486802445492e-06,0.00014325558731798083,0.0005567641928792]","[1.2808351357307401e-07,6.589076662066873e-08,1.1756856110878289e-05,3.152678800688591e-06,0.9999058246612549,2.2513491785502993e-05,9.746126124809962e-06,9.792657920115744e-07,3.2796200684970245e-05,1.307609272771515e-05]","[6.850452791695716e-07,1.262291249304326e-07,6.57810305710882e-05,3.1071292596607236e-06,0.9991934895515442,2.1643660147674382e-05,6.385799497365952e-05,1.0386394933448173e-05,8.648056245874614e-05,0.0005545061430893838]",
,,,,"[0.0009634620510041714,0.17801345884799957,0.02210519090294838,0.016836781054735184,0.00024225356173701584,0.00477271294221282,0.09384693950414658,0.0001533111062599346,0.6826165914535522,0.00044928950956091285]","[0.0008438322111032903,0.2265489101409912,0.05026773735880852,0.015721557661890984,0.00013156046043150127,0.01608896255493164,0.16609056293964386,0.00013123916869517416,0.523931622505188,0.00024404696887359023]"
,"[0.0001041589057422243,0.00040325464215129614,0.0007680247654207051,0.0013487483374774456,0.0021428847685456276,0.0016309135826304555,2.864031193894334e-05,8.322339999722317e-05,0.9828284382820129,0.010661620646715164]","[2.5526278477627784e-05,4.4490057916846126e-05,0.0028992576990276575,0.0023223620373755693,0.003959523048251867,0.0013679113471880555,7.226933666970581e-05,5.632642569253221e-05,0.9884427189826965,0.0008096564561128616]","[3.0688057449879125e-05,0.00010596728679956868,0.005859410390257835,0.00487251253798604,0.003457318991422653,0.0033026973251253366,2.377938653808087e-05,3.1250736356014386e-05,0.9812127947807312,0.0011036422802135348]",,"[7.642133277840912e-05,8.447437721770257e-05,0.006171319168061018,0.0017042573308572173,0.00037652344326488674,0.0004857985768467188,2.433889858366456e-05,4.5927394239697605e-05,0.9873419404029846,0.003689138451591134]"
,,"[0.00016888621030375361,8.143070772348437e-06,0.0006803837022744119,5.583342135651037e-05,0.9793784022331238,0.0003569500404410064,0.0016330359503626823,0.001870498526841402,0.0011244546622037888,0.014723418280482292]",,,
"[0.003611550899222493,9.292162576457486e-05,0.012811359949409962,0.0012450164649635553,0.9390854239463806,0.004329674411565065,0.0016462343046441674,0.002065003849565983,0.010113667696714401,0.024999063462018967]",,"[0.0015928182983770967,4.672045906772837e-05,0.0029379986226558685,0.0007714841049164534,0.9640545845031738,0.0015586183872073889,0.002597626531496644,0.0032835372257977724,0.009796573780477047,0.013360105454921722]","[0.002841132925823331,0.00011846415873151273,0.006961280480027199,0.0006187214166857302,0.9122174978256226,0.0018686496187001467,0.0017546162707731128,0.002591337775811553,0.012697895988821983,0.058330439031124115]","[0.002821563510224223,7.887562969699502e-05,0.02516227960586548,0.0012600006302818656,0.8709946870803833,0.0005908866878598928,0.0015970023814588785,0.006753536406904459,0.0066199651919305325,0.0841212272644043]","[0.007213942240923643,0.0002289222611580044,0.06392255425453186,0.0014281304320320487,0.7603592276573181,0.002824396826326847,0.008151491172611713,0.005020991899073124,0.016523323953151703,0.13432689011096954]"
,,"[0.0006453631795011461,0.005111932288855314,0.015151671133935452,0.22663599252700806,0.013881653547286987,0.22111846506595612,0.02279892936348915,0.0012094549601897597,0.48929986357688904,0.004146705847233534]","[0.0005795477190986276,0.009860900230705738,0.01434660516679287,0.22354091703891754,0.01149200089275837,0.469587504863739,0.006366249639540911,0.0008438234217464924,0.262067973613739,0.001314483000896871]","[0.0011281376937404275,0.00992564857006073,0.01738579571247101,0.09732943028211594,0.018323568627238274,0.08257714658975601,0.01507188193500042,0.00333969434723258,0.7489665150642395,0.005952239967882633]",
"[5.857803989783861e-05,0.0001496225013397634,0.001130826072767377,7.51673651393503e-05,0.9020962119102478,0.0005966948228888214,0.008903386071324348,0.00039673116407357156,0.007374950218945742,0.07921785861253738]",,"[9.059828153112903e-05,0.00010059668420581147,0.003280875738710165,0.00017815845785662532,0.7989037036895752,0.0004619501414708793,0.007578854449093342,0.00048680714098736644,0.006974430754780769,0.18194395303726196]",,,"[8.885334682418033e-05,0.00022007443476468325,0.006074152886867523,5.9629652241710573e-05,0.8362752795219421,0.000393537717172876,0.03270868957042694,0.0005900482647120953,0.009862778708338737,0.11372700333595276]"
"[4.3618754830276885e-07,1.7661267293078708e-06,0.9999213218688965,5.655128916259855e-05,4.063472403004198e-08,4.5285096916813927e-07,2.0257589312677737e-06,1.2761047685216909e-07,1.731747943267692e-05,4.531166108989737e-09]","[6.535825747278068e-08,3.323949329114839e-07,0.9999872446060181,8.509948202117812e-06,1.1569559532631501e-08,1.6696549209882505e-07,1.5425337096530711e-06,4.3835292728999775e-08,2.0592756300175097e-06,7.954997216508275e-10]","[1.2410239946802903e-07,5.05661944316671e-07,0.9999359846115112,4.995859126211144e-05,1.9655429284171078e-08,2.3985006691873423e-07,2.355515789531637e-06,4.4287688183430873e-08,1.074853844329482e-05,2.1825519169738072e-09]","[4.149626420257846e-08,2.6465184532753483e-07,0.9999610185623169,3.333220593049191e-05,1.2272098892651684e-08,2.413242441434704e-07,2.629271023124602e-07,1.1952268508252928e-08,4.836889729631366e-06,2.824468714468509e-10]","[5.975931571811088e-08,6.152130538339406e-08,0.9999918937683105,6.974835741857532e-06,8.340880874868617e-09,1.8148515579241575e-08,2.2238690178255638e-07,2.3768890855535574e-08,7.436681244143983e-07,5.845214312572011e-10]","[1.6516112566478114e-07,4.522215988345124e-07,0.999970555305481,1.961026464414317e-05,5.818541204405392e-09,8.689487884794289e-08,7.040173386485549e-07,1.7643532856936872e-08,8.455330316792242e-06,9.944235435099813e-10]"
,,,"[0.18112201988697052,0.0004167740698903799,0.3035687804222107,0.045867327600717545,0.0017750660190358758,0.04114474356174469,0.014808474108576775,8.26832401799038e-05,0.40643176436424255,0.0047823963686823845]",,
"[0.00013099687930662185,0.00033547531347721815,0.009629829786717892,0.010788163170218468,0.048510994762182236,0.0166779737919569,0.00036249859840609133,0.000733656925149262,0.8803048729896545,0.03252563998103142]","[0.0001551118039060384,0.0007693075458519161,0.004865698516368866,0.006325849331915379,0.01123801525682211,0.006717863492667675,0.0001300497242482379,0.0009997815359383821,0.9439436197280884,0.02485467493534088]","[6.361242412822321e-05,0.00019520556088536978,0.002098248340189457,0.005808295216411352,0.009962787851691246,0.004327474627643824,0.0001234991505043581,0.0005354437744244933,0.9443073272705078,0.03257803991436958]","[4.7400368202943355e-05,0.0008535952074453235,0.004417142830789089,0.006456401664763689,0.013445246033370495,0.016713405027985573,9.118962771026418e-05,0.0003775977820623666,0.9382598400115967,0.019338157027959824]","[0.00022035502479411662,0.0002739385236054659,0.0195158664137125,0.023872537538409233,0.09128659963607788,0.003005271079018712,0.00013679506082553416,0.003954172600060701,0.44723081588745117,0.41050365567207336]","[9.867715561995283e-05,0.00019767631602007896,0.002982532838359475,0.00593462074175477,0.003811288857832551,0.0014045967254787683,4.7207580792019144e-05,0.0003134536382276565,0.9556924700737,0.029517333954572678]"
,"[7.195640500867739e-05,0.0003563432255759835,0.9752587080001831,0.013149824924767017,5.216223897264172e-08,5.511317340278765e-06,2.31434978559264e-06,5.877987132407725e-05,0.011093085631728172,3.3375079055986134e-06]","[9.74647900875425e-06,3.167712930007838e-05,0.9875461459159851,0.009926644153892994,4.2495237551065657e-08,1.418264560015814e-06,1.5072315591169172e-06,4.4192795030539855e-05,0.002437886781990528,6.188060979184229e-07]",,"[1.1659128176688682e-05,1.169425104308175e-05,0.9978171586990356,0.0010609827004373074,8.134634299494792e-08,3.5307041912346904e-07,1.2653329406475677e-07,0.0003830736968666315,0.0007132338942028582,1.6295650766551262e-06]",
"[1.957339009095449e-05,0.0004672712821047753,0.0031173129100352526,0.014796506613492966,0.18594208359718323,0.005408802535384893,0.0002501891285646707,0.0381200835108757,0.0055498783476650715,0.7463283538818359]",,"[9.993620551540516e-06,0.00027245088131166995,0.003596173832193017,0.009256698191165924,0.112701915204525,0.002959390403702855,0.0002029616734944284,0.008041170425713062,0.0060597993433475494,0.8568994998931885]","[1.5618310499121435e-05,0.0007231213385239244,0.006735643837600946,0.01566064916551113,0.2845795452594757,0.01249669585376978,0.00018855571397580206,0.008161486126482487,0.01169227622449398,0.6597464084625244]","[2.132759163941955e-06,5.6516106269555166e-05,0.001042823540046811,0.0011986702447757125,0.09081566333770752,0.00025706589804030955,1.5700003132224083e-05,0.014758744277060032,0.001125394948758185,0.8907273411750793]","[1.6791535017546266e-05,0.0002826260752044618,0.003876633010804653,0.003923393785953522,0.03694869577884674,0.0015907312044873834,9.152619168162346e-05,0.003951065242290497,0.007274949457496405,0.9420434832572937]"
,"[5.158943849892239e-07,0.0014242447214201093,0.9976240992546082,8.662069740239531e-05,2.962121016025776e-06,1.1237782018724829e-05,0.0008089938201010227,4.595915470417822e-06,3.65484957001172e-05,1.5947756537570967e-07]","[7.271173103617912e-07,0.0011443175608292222,0.9964150190353394,0.00021793259656988084,9.555412361805793e-06,2.044468783424236e-05,0.002073897747322917,4.53222173746326e-06,0.00011326686944812536,2.471086020250368e-07]","[5.451162223835126e-07,0.002694715280085802,0.9960569143295288,0.00015995462308637798,7.907186045486014e-06,2.8437472792575136e-05,0.0009653906454332173,3.1051865789777366e-06,8.284750947495922e-05,2.4023813693929696e-07]",,"[5.184886617826123e-07,0.001247975742444396,0.9984006285667419,5.989657074678689e-05,1.14426677555457e-06,5.450034223031253e-06,0.00025950284907594323,2.837881538653164e-06,2.2079691916587763e-05,1.0264436411944189e-07]"
,,,"[7.890012966527138e-06,2.0165845853625797e-05,0.0036481209099292755,0.00021594298596028239,0.0014403375098481774,0.03530842065811157,0.06534641236066818,1.868585712827553e-07,0.894010066986084,2.4915734684327617e-06]",,"[1.8544071281212382e-05,1.3735436368733644e-05,0.008777724578976631,0.00023208146740216762,0.00020465477427933365,0.007658024784177542,0.023442504927515984,1.652207259894567e-07,0.9596479535102844,4.621176685759565e-06]"
,,"[1.675603743933607e-05,3.5611057683127e-05,9.150680853053927e-05,0.00020275743736419827,0.0002565439499448985,0.0014275710564106703,6.787214715586742e-06,7.665070006623864e-05,0.9943159222602844,0.0035699643194675446]",,,"[2.575021244410891e-05,2.9983248168719e-05,0.000180372764589265,8.540113049093634e-05,4.321361120673828e-05,0.0004908949485979974,1.68929830124398e-06,2.9959723178762943e-05,0.9971358776092529,0.001976709347218275]"
"[0.0007094985339790583,0.00022095679014455527,0.00028426796779967844,0.0012057614512741566,2.2164726033224724e-05,0.011828026734292507,3.880370786646381e-05,1.9682443053170573e-06,0.985651969909668,3.652271698229015e-05]","[0.0014419247163459659,0.00038094594492577016,0.003179444232955575,0.0015957712894305587,0.00012499094009399414,0.036111362278461456,0.00036993937101215124,8.682125553605147e-06,0.9566816091537476,0.00010535777983022854]","[0.0004920614883303642,0.00019374235125724226,0.001247286330908537,0.0033447244204580784,5.973665611236356e-05,0.012355480343103409,0.0001585030840942636,3.4663366932363715e-06,0.9820529818534851,9.211625001626089e-05]","[0.0003320623654872179,0.00022563138918485492,0.0031521895434707403,0.0025832708925008774,0.00011618196003837511,0.03410119563341141,7.114622712833807e-05,1.7150892972495058e-06,0.9593889117240906,2.7745680199586786e-05]","[0.000500804278999567,9.512327233096585e-05,0.0071767354384064674,0.0016903338255360723,0.0004104339168407023,0.0037109386175870895,3.6551118682837114e-05,3.790105620282702e-05,0.9860007166862488,0.000340337457600981]","[0.0009867914486676455,0.00018048036145046353,0.0021948209032416344,0.0008076567319221795,8.600477485742886e-06,0.007169116288423538,6.27817353233695e-05,1.7239137832802953e-06,0.9885162115097046,7.178074883995578e-05]"
"[0.06985203176736832,6.797158857807517e-05,0.0007561591919511557,0.0019450068939477205,0.001498750178143382,0.49914291501045227,0.07581622898578644,8.990661626739893e-06,0.35021597146987915,0.0006959895836189389]",,"[0.05263282731175423,7.680631097173318e-05,0.001185853616334498,0.004119265358895063,0.0009102717158384621,0.06304413080215454,0.11999227106571198,2.0222078092047013e-05,0.7560638785362244,0.001954386942088604]","[0.0307344701141119,7.989082223502919e-05,0.0007171673350967467,0.0039873612113296986,0.0003771594783756882,0.07548894733190536,0.019629040732979774,1.1609039574977942e-05,0.8679704666137695,0.0010039336048066616]",,"[0.20052361488342285,9.687248530099168e-05,0.0033948691561818123,0.012631506659090519,0.0002828355645760894,0.04100080579519272,0.029680730774998665,2.7399471946409903e-05,0.7093442678451538,0.003017005044966936]"
"[6.832631333963946e-05,1.2920919289172161e-05,6.080789535189979e-05,0.006332423072308302,4.3865420593647286e-05,0.012314439751207829,3.063052815832634e-07,0.0018776095239445567,0.975532054901123,0.0037571212742477655]","[0.00010933810699498281,1.4458192708843853e-05,0.0002298436447745189,0.005647228565067053,0.00011991459905402735,0.011411285027861595,1.5870020888542058e-06,0.03231184929609299,0.9191910028457642,0.03096349909901619]","[4.652679126593284e-05,4.495067969401134e-06,7.316907431231812e-05,0.00570855475962162,4.750566586153582e-05,0.00439817551523447,5.684777875103464e-07,0.0043252878822386265,0.9628347158432007,0.022561123594641685]","[1.0055446182377636e-05,3.4574895835248753e-06,1.839304059103597e-05,0.0005440980312414467,1.3538788152800407e-05,0.001976549159735441,1.0794032334615622e-07,0.0006871857331134379,0.9931320548057556,0.0036146261263638735]","[9.208011761074886e-06,4.603547040460398e-06,0.00046493273111991584,0.001858817646279931,0.0012373736826702952,0.0011314658913761377,1.8509051358250872e-07,0.179468035697937,0.646701991558075,0.16912345588207245]","[4.008733230875805e-05,2.6862576305575203e-06,8.747023821342736e-05,0.001072727725841105,4.87424267703318e-06,0.0005967614124529064,7.389297707049991e-08,0.0008202669559977949,0.9914219975471497,0.005953111220151186]"
,,"[1.6085938113974407e-05,0.000144146746606566,0.0024789744056761265,0.00043930293759331107,6.3082825363380834e-06,0.004134918097406626,0.0002729173284024,9.074589115698473e-07,0.9924952983856201,1.114326369133778e-05]",,"[2.5131394068012014e-05,0.0003254314651712775,0.003997079096734524,0.0001924300449900329,6.639827006438281e-06,0.0005368104320950806,0.00010434489377075806,4.950727088726126e-06,0.9947994947433472,7.643873686902225e-06]",
,"[0.04030245915055275,0.00016185181448236108,0.8860835433006287,0.06837192922830582,0.00014682345499750227,0.0005586004699580371,0.0017017849022522569,0.0001737453421810642,0.0020263558253645897,0.00047298072604462504]","[0.003383300267159939,7.08120296621928e-06,0.8367351293563843,0.1571761965751648,2.816763117152732e-05,0.0001338760048383847,0.0003393747902009636,4.121636811760254e-05,0.0021313722245395184,2.4285396648338065e-05]","[0.00185526127461344,8.807452104520053e-06,0.9181017875671387,0.07853516936302185,3.0447310564341024e-05,0.00027187567320652306,9.00914310477674e-05,3.4051139664370567e-05,0.0010640040272846818,8.56756651046453e-06]","[0.0017387575935572386,2.532155804146896e-06,0.9657794833183289,0.03220308944582939,1.3149305232218467e-05,2.052189847745467e-05,4.628913302440196e-05,3.2820778869790956e-05,0.0001539136574137956,9.409088306711055e-06]","[0.008875583298504353,3.1840108931646682e-06,0.9558576941490173,0.03424189239740372,3.223731027901522e-06,3.6353376344777644e-05,4.623649510904215e-05,7.547244877059711e-06,0.000918156816624105,1.0081430446007289e-05]"
,"[0.0014396143378689885,2.3487480575568043e-05,0.017183344811201096,0.07654760032892227,1.8889106286223978e-05,0.02801952138543129,9.314237104263157e-05,1.5991375903467997e-06,0.8766471743583679,2.553013837314211e-05]","[0.001039165654219687,8.549141057301313e-06,0.030820369720458984,0.12046827375888824,3.9802671381039545e-05,0.04013962671160698,0.0001494452590122819,8.617084858997259e-07,0.8072730898857117,6.081842366256751e-05]",,"[0.0031361824367195368,1.0712932635215111e-05,0.025320904329419136,0.045276425778865814,2.5951880161301233e-05,0.006830813828855753,4.327671558712609e-05,3.417547532080789e-06,0.9192900657653809,6.221068906597793e-05]","[0.005187641829252243,9.518371371086687e-06,0.034726694226264954,0.042754847556352615,7.179857675509993e-06,0.014046289026737213,4.1140683606499806e-05,6.499677169813367e-07,0.9032037854194641,2.2247475499170832e-05]"
,,"[1.884998710011132e-05,9.177533502224833e-05,0.001127141178585589,0.00012347931624390185,9.631689863454085e-06,0.00033867452293634415,2.6109050850209314e-06,0.00038088587461970747,0.9977522492408752,0.00015484762843698263]",,"[7.126196578610688e-05,0.0001839270262280479,0.003337593050673604,0.006652419455349445,3.8010257412679493e-05,0.0008147081243805587,5.60694115847582e-06,0.0009136523003689945,0.9859976768493652,0.001985173439607024]",
"[0.006650896742939949,8.172807611117605e-06,0.9441145658493042,0.045661404728889465,1.565719321661163e-05,0.00020558363758027554,4.1019986383616924e-05,6.449171632993966e-05,0.0032275691628456116,1.0725140782597009e-05]","[0.00112022808752954,1.012717439152766e-05,0.9780653119087219,0.018934141844511032,1.96468554349849e-05,0.0002642156614456326,7.089734572218731e-05,5.0143793487222865e-05,0.0014597546542063355,5.5387122301908676e-06]","[0.001340036396868527,4.09944777857163e-06,0.9662309885025024,0.03063214011490345,1.3773312275588978e-05,0.00020575943926814944,7.039555202936754e-05,2.949205008917488e-05,0.0014672549441456795,5.9939648053841665e-06]","[0.0006858805427327752,3.3596911634958815e-06,0.9783761501312256,0.01991843618452549,9.951037100108806e-06,0.00019228592282161117,1.5377599993371405e-05,1.4219161130313296e-05,0.000782706483732909,1.5868120044615353e-06]","[0.0006096217548474669,7.027159654171555e-07,0.988614559173584,0.010427292436361313,1.0074993952002842e-05,1.859534859249834e-05,1.3434766515274532e-05,2.8698577807517722e-05,0.0002737914037425071,3.2641221423546085e-06]","[0.0013236843515187502,2.372571088926634e-06,0.9856686592102051,0.011594194918870926,3.841284069494577e-06,9.069058432942256e-05,9.621338904253207e-06,8.282626367872581e-06,0.0012964230263605714,2.2894869289302733e-06]"
"[0.0014315600274130702,0.0062840767204761505,0.008124195970594883,0.13877686858177185,0.0002997683477587998,0.02687305398285389,0.000582893961109221,3.471473974059336e-05,0.8174339532852173,0.00015893118688836694]",,"[0.001063067466020584,0.004196672234684229,0.007240187376737595,0.12651327252388,0.00034285258152522147,0.0371662862598896,0.0017609014175832272,3.110215766355395e-05,0.820688784122467,0.0009969607926905155]","[0.0008477845112793148,0.00807051733136177,0.004137501120567322,0.07088859379291534,0.00023373024305328727,0.024764670059084892,0.0004016555321868509,1.9123601305182092e-05,0.890455961227417,0.00018045159231405705]",,"[0.0019269989570602775,0.0026214944664388895,0.007655685301870108,0.029955431818962097,2.8593061870196834e-05,0.006393603049218655,0.00025749075575731695,9.534461241855752e-06,0.9509458541870117,0.00020526738080661744]"
"[0.0009634865564294159,1.6247457097051665e-05,5.898736708331853e-05,2.4615117581561208e-05,4.993809125153348e-05,0.029476981610059738,3.089707752224058e-05,8.695078577147797e-06,0.9691172242164612,0.0002528969489503652]","[0.00048302882350981236,4.115717820241116e-05,0.0001121722161769867,2.8475269573391415e-05,8.843089017318562e-05,0.04640383645892143,0.00010981739615090191,2.6032103050965816e-05,0.9521803259849548,0.0005267420201562345]","[0.00044564143172465265,1.3638251402880996e-05,6.227790436241776e-05,2.88673909381032e-05,4.763242031913251e-05,0.013101804070174694,4.095650729141198e-05,1.1539915249159094e-05,0.9858483076095581,0.0003993593854829669]","[0.000216680156881921,1.424907532054931e-05,5.419639273895882e-05,1.533576869405806e-05,2.6926178179564886e-05,0.021238738670945168,1.8132235709344968e-05,4.491357231017901e-06,0.9783087372779846,0.00010253417713101953]",,"[0.0007672706851735711,8.671022442285903e-06,8.357833576155826e-05,1.9341496226843446e-05,2.1835714505868964e-05,0.006560469977557659,1.665604031586554e-05,6.2018607422942296e-06,0.9922561645507812,0.00025970631395466626]"
,,"[0.00031284373835660517,0.00011780534987337887,0.0008983452571555972,0.0037182322703301907,0.018941301852464676,0.02124820090830326,0.00017503996787127107,0.002416996518149972,0.5824806690216064,0.3696906566619873]",,,"[0.0009600832127034664,0.00019246726878918707,0.0009341340628452599,0.0017959129763767123,0.004245840944349766,0.015962017700076103,0.00010730514622991905,0.0019070495618507266,0.8351843357086182,0.1387109011411667]"
"[4.1679686546558514e-06,2.006495833484223e-06,0.004284990951418877,0.06124470382928848,0.0001701077853795141,0.018256327137351036,2.373224197071977e-05,1.4170815632041922e-07,0.9160119891166687,1.8745381566986907e-06]",,,,,
"[0.008609424345195293,1.544963197375182e-05,0.0001712253870209679,0.001884543802589178,0.0025700738187879324,0.9825617074966431,0.0002788985148072243,0.0006096551078371704,0.002095249015837908,0.0012037288397550583]","[0.01320150587707758,2.5871484467643313e-05,0.00034278511884622276,0.0012965081259608269,0.006352705415338278,0.9701840281486511,0.0012230565771460533,0.0019098292104899883,0.0026587287429720163,0.002805054886266589]","[0.011271265335381031,1.96055079868529e-05,0.000331540999468416,0.002946264110505581,0.008402182720601559,0.9638214111328125,0.001621524221263826,0.0014241060707718134,0.003813803195953369,0.006348427385091782]","[0.005884191486984491,1.4678603292850312e-05,0.0002280540211359039,0.0014604738680645823,0.004559823777526617,0.983773946762085,0.0004504060198087245,0.0005099416594021022,0.0020721489563584328,0.0010463069193065166]","[0.019395824521780014,7.751554221613333e-05,0.0030684468802064657,0.005452049430459738,0.08988752961158752,0.7803922295570374,0.0017214921535924077,0.04406469315290451,0.016913261264562607,0.039026979357004166]","[0.07414320111274719,4.572645775624551e-05,0.001674651401117444,0.0051662009209394455,0.003934355918318033,0.8802834153175354,0.0017280017491430044,0.0010989337461069226,0.01343122124671936,0.018494276329874992]"
"[1.747278838593047e-05,1.3973424302093918e-06,5.274745262795477e-07,0.00041855202289298177,0.001784454914741218,0.00017880670202430338,3.677850202166155e-08,0.09106523543596268,0.0003540220786817372,0.9061794877052307]","[7.92081937106559e-06,8.593102620579884e-07,1.1810086562036304e-06,0.00026266000350005925,0.0017788717523217201,0.00011935589282074943,8.900997272576205e-08,0.19970907270908356,0.0001669472985668108,0.7979530692100525]","[2.7215346563025378e-06,2.3659164583023085e-07,3.75750715875256e-07,9.902573219733313e-05,0.001466328394599259,3.7585967220366e-05,4.101458372929301e-08,0.04531440511345863,8.742867794353515e-05,0.9529918432235718]","[2.4426924937870353e-05,3.0377093480637996e-06,4.284379883756628e-06,0.0015026198234409094,0.013563872314989567,0.0011654606787487864,1.3887573402371345e-07,0.07837741076946259,0.0008083114516921341,0.9045505523681641]","[2.6284405976184644e-06,2.0610796980236046e-07,7.006003102105751e-07,0.00018548090883996338,0.0008093403303064406,1.103327940654708e-05,1.6842578887121817e-08,0.03212825208902359,7.061598444124684e-05,0.9667916893959045]","[6.812726951466175e-06,4.294682582894893e-07,5.172931309971318e-07,0.00022813685063738376,0.0009695066255517304,4.960873775416985e-05,2.258846265590364e-08,0.03294971585273743,0.00024772758479230106,0.965547502040863]"
"[0.003399246372282505,3.0247480026446283e-05,0.011958988383412361,8.623216126579791e-05,0.7858030796051025,0.0015069054206833243,0.13363152742385864,0.001169746508821845,0.023748191073536873,0.03866589441895485]","[0.005068852100521326,1.662441536609549e-05,0.0060709398239851,2.113199298037216e-05,0.6873629689216614,0.0006774195353500545,0.1479453146457672,0.00042969483183696866,0.020036861300468445,0.132370263338089]","[0.002578949322924018,1.3091787877783645e-05,0.007993197999894619,5.476966907735914e-05,0.7499611377716064,0.000658323522657156,0.1610305905342102,0.0005853921757079661,0.022623680531978607,0.05450090020895004]",,"[0.0032328469678759575,1.1106253623438533e-05,0.01491659227758646,4.833980347029865e-05,0.7709503769874573,0.0003908116777893156,0.08263257145881653,0.0012534498237073421,0.009801310487091541,0.11676263064146042]","[0.023508645594120026,4.2836029024329036e-05,0.07822262495756149,0.00011196116247447208,0.48238152265548706,0.0010066218674182892,0.20694516599178314,0.0009185723029077053,0.07129129767417908,0.13557069003582]"
,,"[3.980383382895525e-07,9.802126896829577e-07,0.0001594244095031172,6.505197802653129e-07,0.00011762318172259256,6.298696098383516e-05,0.9996421337127686,7.058611029009398e-09,1.4234025911719073e-05,1.4759020814381074e-06]","[6.635193017245911e-07,6.038932042429224e-06,0.0002350496652070433,1.616902864043368e-06,0.00039576462586410344,0.00028734939405694604,0.9990249872207642,3.4764795486808e-08,4.6851986553519964e-05,1.648263719289389e-06]","[8.91480681275425e-07,2.219539965153672e-06,0.0002531091158743948,1.1938378747800016e-06,0.0003631908621173352,6.265039701247588e-05,0.9992800354957581,3.940568404914302e-08,3.372661376488395e-05,2.9776279006910045e-06]",
"[0.00015654132585041225,1.9192139006918296e-06,0.0001288107450818643,0.007368292193859816,0.00011426035780459642,0.0020330422557890415,5.750049325570217e-08,0.7448925375938416,0.07164303213357925,0.1736615002155304]","[0.00011445859126979485,5.383315510698594e-06,0.00024759143707342446,0.008932034485042095,0.000120299264381174,0.0015592301497235894,1.0643880443694798e-07,0.645135760307312,0.10744964331388474,0.2364354431629181]","[5.7028151786653325e-05,1.0396640846010996e-06,0.0002325645909877494,0.01247906032949686,0.00013302949082572013,0.001267335726879537,9.300865144723502e-08,0.35883593559265137,0.12863779067993164,0.4983561635017395]","[0.00019001403416041285,8.199373951356392e-06,0.0008649745141156018,0.03192326799035072,0.0004490571445785463,0.005248390603810549,1.1884255002314603e-07,0.3408467471599579,0.34689396619796753,0.2735752463340759]","[2.665649662958458e-05,3.44599982327054e-07,0.00027926889015361667,0.008124816231429577,0.00011329750850563869,0.00012940783926751465,2.215295324958788e-08,0.6545817852020264,0.008915598504245281,0.3278287947177887]","[0.000990011147223413,7.0780802161607426e-06,0.0010339919244870543,0.020955609157681465,0.00011630745575530455,0.00329692754894495,1.533413751531043e-07,0.4839782416820526,0.2904742956161499,0.19914738833904266]"
"[0.024431779980659485,3.98814445361495e-05,0.9076581001281738,0.0342840738594532,0.0007195061189122498,0.009891794994473457,0.0013355094706639647,0.0003840732097160071,0.020331401377916336,0.0009238267666660249]",,"[0.0020973198115825653,1.160924421128584e-05,0.8862049579620361,0.0790504515171051,0.0007644519209861755,0.008998516947031021,0.0029838320333510637,0.0004080295911990106,0.018253572285175323,0.0012272674357518554]","[0.004809479229152203,7.880676275817677e-05,0.9550727009773254,0.007888643071055412,0.0005758034531027079,0.0014326999662443995,0.0017129273619502783,0.0012918885331600904,0.02532762847840786,0.0018094786209985614]","[0.0024027256295084953,1.1006250133505091e-05,0.9779836535453796,0.005602163262665272,0.0024302080273628235,0.00033221213379874825,0.00041663117008283734,0.002873003948479891,0.004077845253050327,0.0038704925682395697]","[0.01017676293849945,2.020268993874197e-06,0.9837926626205444,0.001599255483597517,1.971433448488824e-05,0.00024987736833281815,0.0004084942047484219,3.510377064230852e-05,0.003385004121810198,0.0003310582251287997]"
,"[0.014160018414258957,0.018932709470391273,0.00789994839578867,0.0020433543249964714,0.003081781091168523,0.10818517953157425,0.06162324547767639,0.00012767279986292124,0.7822187542915344,0.0017273486591875553]",,,"[0.032379016280174255,0.01218936312943697,0.030633747577667236,0.0107228709384799,0.0046012308448553085,0.08496701717376709,0.036471981555223465,0.00037708700983785093,0.7851419448852539,0.0025156941264867783]",
,,"[1.9832192776902957e-07,6.67154722577834e-08,3.880680196743924e-06,9.94042511592852e-06,0.9988754391670227,2.897566901083337e-06,1.3516793160306406e-06,0.0004217026580590755,2.7435484298621304e-05,0.0006570991827175021]",,"[2.770721607703308e-07,5.029188443472776e-08,1.209216770803323e-05,8.755016096984036e-06,0.9979057312011719,1.799776100597228e-06,1.0041767382062972e-06,0.0007246771710924804,7.731639925623313e-06,0.0013379048323258758]","[1.0355252925364766e-05,7.533681696259009e-07,0.00022097304463386536,8.080079715000466e-05,0.9819545745849609,2.452873559377622e-05,8.59599640534725e-06,0.0008486158330924809,0.00035356191801838577,0.016497312113642693]"
"[1.6564494217163883e-05,0.001390700927004218,0.010156840085983276,0.00400052685290575,0.0004967201966792345,0.0065132929012179375,0.0024044883903115988,4.319631443649996e-06,0.9749924540519714,2.397250682406593e-05]",,"[5.42584029972204e-06,0.00016700346895959228,0.007079992908984423,0.0025952013675123453,0.00010594491322990507,0.0009451538207940757,0.002178702037781477,2.0475608835113235e-06,0.9869089722633362,1.14172626126674e-05]",,,
,"[3.796880628215149e-05,0.03746958076953888,0.9564629793167114,0.0010617553489282727,8.706218181941949e-07,0.00012648027040995657,0.004180230665951967,1.8735054254648276e-05,0.0006409637280739844,5.154009841135121e-07]","[4.290551441954449e-05,0.013166377320885658,0.9799119830131531,0.0021912844385951757,9.860906402536784e-07,6.721758109051734e-05,0.0034197703935205936,1.3353803296922706e-05,0.0011853220639750361,7.841043156986416e-07]","[2.4329263396793976e-05,0.03519612178206444,0.9613679051399231,0.0017609242349863052,8.450754194200272e-07,0.00016104549285955727,0.0006925883353687823,1.2114587661926635e-05,0.000783959636464715,2.62290711816604e-07]","[1.6806863641249947e-05,0.0027767373248934746,0.9961200952529907,0.000399666401790455,2.6181379553236184e-07,1.8524649931350723e-05,0.0005646305507980287,9.342276825918816e-06,9.374044020660222e-05,2.453206775498984e-07]",
"[6.338801176752895e-05,6.119742010923801e-07,1.0922362889687065e-06,5.944972599536413e-06,1.2424299711710773e-05,0.9991497993469238,2.3186325961432885e-06,1.6089519476736314e-06,0.0007497823098674417,1.3036856216785964e-05]",,"[5.568566848523915e-05,5.500228326127399e-07,4.16802959080087e-06,2.5666771762189455e-05,2.068325375148561e-05,0.997334361076355,4.492168045544531e-06,1.9208287085348275e-06,0.002529908437281847,2.2674988940707408e-05]","[3.54282783519011e-05,1.0894791557802819e-06,1.8776390788843855e-06,4.9812565521278884e-06,1.855478149082046e-05,0.9976842403411865,3.3794506180129247e-06,1.2475167068259907e-06,0.002234868472442031,1.4328468751045875e-05]","[0.0003686714335344732,3.6144604109722422e-06,2.217768633272499e-05,2.9183951482991688e-05,0.00015392355271615088,0.9844693541526794,2.6322644771425985e-05,4.5994056563358754e-05,0.014624843373894691,0.00025581379304639995]","[0.0001518069620942697,7.949948326313461e-07,5.108628556627082e-06,1.3935340575699229e-05,1.7669864973868243e-05,0.9960009455680847,1.0805894817167427e-05,4.306740265747067e-06,0.0036934190429747105,0.0001011569838738069]"
"[0.009105054661631584,0.01787419244647026,0.6499913930892944,0.24484199285507202,6.982332365623733e-07,0.07133933156728745,0.0017243418842554092,9.36603537411429e-05,0.005020408891141415,8.943745342548937e-06]",,"[0.008738422766327858,0.012446156702935696,0.723726749420166,0.19619113206863403,1.2214627531648148e-06,0.045869920402765274,0.005548201035708189,0.00013537069025915116,0.0073162466287612915,2.6700645321398042e-05]","[0.005865600425750017,0.023936985060572624,0.8103929162025452,0.10592418909072876,7.180003649409628e-07,0.044559985399246216,0.0023894179612398148,0.00011944730795221403,0.006797723472118378,1.2996403711440507e-05]","[0.003419877728447318,0.005131720099598169,0.8841865062713623,0.0934014841914177,4.897131589132186e-07,0.01122515369206667,0.0010319810826331377,0.00012120044266339391,0.0014711137628182769,1.0522160664550029e-05]","[0.004563234280794859,0.005080820061266422,0.940575897693634,0.03634694218635559,1.241181593059082e-07,0.009525887668132782,0.001089216209948063,3.315723006380722e-05,0.002780225593596697,4.552256541501265e-06]"
,,"[0.0010388491209596395,0.0008415925549343228,0.004181213211268187,0.0009463777532801032,0.003870607353746891,0.0033704321831464767,0.9771080017089844,8.225052442867309e-05,0.008537324145436287,2.3401638827635907e-05]",,"[0.011612428352236748,0.007655513472855091,0.027403226122260094,0.010927118360996246,0.028222868219017982,0.013543449342250824,0.8540725111961365,0.0019613918848335743,0.04384268447756767,0.0007588106673210859]",
"[0.000405957835027948,0.0009238227503374219,0.004379382822662592,0.00022418287699110806,0.0050323959439992905,0.014193997718393803,0.9631335139274597,1.0413105883344542e-05,0.011559860780835152,0.00013650102482642978]","[0.000290450407192111,0.0010504064848646522,0.004478956572711468,4.803850970347412e-05,0.0016815679846331477,0.003550941590219736,0.9851599931716919,9.634934031055309e-06,0.003646229160949588,8.385170076508075e-05]","[9.018102718982846e-05,0.0001801103207981214,0.0023574638180434704,8.472943591186777e-05,0.002008137060329318,0.0036054421216249466,0.988186240196228,2.765068757071276e-06,0.0034156565088778734,6.927118374733254e-05]","[0.0001901700161397457,0.0007193331839516759,0.006692541763186455,0.0001950073492480442,0.007499012630432844,0.015285109169781208,0.9593479037284851,9.663166565587744e-06,0.00999122392386198,7.0011563366279e-05]",,"[0.0005656419089064002,0.000916408549528569,0.012422792613506317,0.00018972306861542165,0.003075607353821397,0.010183949023485184,0.9608850479125977,1.4032266335561872e-05,0.01150903757661581,0.00023780563788022846]"
"[7.700577407376841e-05,0.00018643656221684068,0.00029644841561093926,0.9933663010597229,1.738587656063828e-07,0.005979292094707489,2.0410161596373655e-05,1.985750031963107e-06,6.925316120032221e-05,2.680168336155475e-06]","[3.503515836200677e-05,0.0008053524070419371,7.299378194147721e-05,0.9954932928085327,9.380129029068485e-08,0.003525526961311698,2.405337909294758e-05,1.1117851954622893e-06,3.967509474023245e-05,2.8880449463031255e-06]","[3.903123433701694e-05,0.00015792551857884973,0.0011596529511734843,0.9887959957122803,3.6055322993888694e-07,0.009720508009195328,3.3690117561491206e-05,1.6992061091514188e-06,8.765787060838193e-05,3.5543985177355353e-06]","[1.4173316230881028e-05,0.00023654497636016458,0.00024951103841885924,0.9917768239974976,1.6832559879276232e-07,0.0076666236855089664,7.72275325289229e-06,6.179453748700325e-07,4.706976324087009e-05,8.173715286829975e-07]","[3.929744707420468e-05,0.0001692191872280091,0.0006852599908597767,0.9973684549331665,3.6853745655207604e-07,0.0015494617400690913,2.062982639472466e-05,3.2740890674176626e-06,0.000159760209498927,4.260406058165245e-06]",
,,"[9.969051461666822e-06,2.200947847086354e-06,0.003125430317595601,0.0007449824479408562,0.9860585331916809,0.0011626849882304668,0.000977334682829678,0.0007452947902493179,0.0015005507739260793,0.005673043429851532]",,,"[0.00010010727419285104,5.677692115568789e-06,0.010642167180776596,0.001602889969944954,0.9548934102058411,0.0022373199462890625,0.0007889900589361787,0.001117133186198771,0.005368300713598728,0.023243993520736694]"
,,,"[3.539434771937522e-07,0.008993450552225113,0.9869341850280762,0.0009787947637960315,7.966732340491944e-08,0.00012712986790575087,0.002952737733721733,2.4176413262466667e-06,1.0869188372453209e-05,2.821611611025787e-09]","[6.430315693251032e-07,0.006598586216568947,0.9894393086433411,0.0009214768069796264,6.519695006090842e-08,2.9669110517716035e-05,0.0029955783393234015,4.498801899899263e-06,1.0136602213606238e-05,4.166542222350245e-09]","[3.4230748724439763e-07,0.0009262116509489715,0.9981160163879395,0.0002499704423826188,4.667513042733162e-09,1.4435528100875672e-05,0.0006902250461280346,2.42551408291547e-07,2.5592978545319056e-06,7.655646672155569e-10]"
,,,,,"[2.747831103988574e-06,4.3358832044759765e-05,8.78716673469171e-06,0.0004261631111148745,0.05831081047654152,2.9659404390258715e-05,1.383844505653542e-06,0.018330499529838562,0.0017419684445485473,0.9211046695709229]"
,,,,,"[0.00024552669492550194,3.0158722438500263e-05,0.0001504222018411383,0.9967221617698669,1.0088177759826067e-07,0.0010918673360720277,4.728216040916777e-08,8.663483640702907e-06,0.0011923316633328795,0.0005587071646004915]"
,,"[1.3488540389516857e-05,0.005801463034003973,0.004543082322925329,6.861166912131011e-05,3.275464041507803e-05,0.0012272922322154045,0.9850108027458191,9.735538952782008e-08,0.0033017429523169994,7.264224564096367e-07]","[7.967264537001029e-05,0.2700903117656708,0.038179874420166016,0.001322798547334969,0.00018074008403345942,0.028722453862428665,0.6209542155265808,1.2253407248863368e-06,0.04046434536576271,4.439661552169127e-06]","[6.883015885250643e-05,0.020957859233021736,0.0631345883011818,0.0007494747987948358,0.00018062564777210355,0.0037298747338354588,0.9063358902931213,1.6225043282247498e-06,0.004831461235880852,9.753426638781093e-06]","[0.00017930778267327696,0.059630122035741806,0.08249842375516891,0.0007360205636359751,3.335108340252191e-05,0.009835395030677319,0.8319967985153198,4.326748239691369e-07,0.015081184916198254,9.025792678585276e-06]"
"[0.00017763747018761933,6.268759875638352e-07,0.00010315596591681242,8.392260497203097e-06,0.9944226145744324,0.0012371380580589175,0.0008312931749969721,0.00017531328194309026,0.0013557403581216931,0.001688095973804593]","[9.98566611087881e-05,9.458016734242847e-07,0.00016425705689471215,6.902921086293645e-06,0.9964187145233154,0.0006767493323422968,0.0005878816591575742,0.00019933530711568892,0.000975894567091018,0.0008695689612068236]","[9.3747818027623e-05,6.582239961971936e-07,0.00015042720769997686,1.206527667818591e-05,0.9940081834793091,0.0009168031974695623,0.0014203619211912155,0.0002091085771098733,0.0010952065931633115,0.00209341524168849]","[2.4236534954980016e-05,5.610345965578745e-07,0.0001162109401775524,9.143112947640475e-06,0.9972466230392456,0.0015299413353204727,0.0002650864189490676,5.24399547430221e-05,0.0005132846999913454,0.00024245351960416883]",,"[0.00042041708366014063,1.3649150787387043e-06,0.000744289078284055,2.146767292288132e-05,0.98518306016922,0.001515266951173544,0.0012598814209923148,0.00021307244605850428,0.003569668857380748,0.0070714703761041164]"
"[4.454410884591198e-07,8.69589621288469e-06,1.016400165099185e-05,0.9911709427833557,1.534928514956846e-06,0.008686935529112816,1.9269646145403385e-07,1.2433786196197616e-06,7.91224156273529e-05,4.063038795720786e-05]",,,"[2.1794460280943895e-07,8.92682328412775e-06,1.0442994607728906e-05,0.9799688458442688,3.558157004590612e-06,0.019884008914232254,2.0814714218886365e-07,1.0778370551633998e-06,9.255418990505859e-05,3.0192719350452535e-05]",,
"[1.1964882105530705e-05,0.0037510390393435955,0.9948838353157043,0.0007703527808189392,5.22088521393016e-05,6.037798084435053e-05,0.0001924500393215567,3.854611804854358e-06,0.00026437590713612735,9.456340194446966e-06]","[3.0411129046115093e-06,0.0017809271812438965,0.9973010420799255,0.0002161448501283303,3.4756725654006004e-05,8.801733201835304e-06,0.0005592139787040651,1.016296573652653e-05,7.873335562180728e-05,7.2243269642058294e-06]","[1.375852889395901e-06,0.00045990271610207856,0.998754620552063,0.0001936585031216964,2.6330031687393785e-05,6.0283227867330424e-06,0.0004426660016179085,2.9015297968726372e-06,0.00010777936404338107,4.6663662942592055e-06]","[1.9312474250909872e-06,0.001418352941982448,0.9979397654533386,0.00030879623955115676,2.4695793399587274e-05,1.2086620699847117e-05,0.0001896920002764091,5.334843081072904e-06,9.541123290546238e-05,3.821861355390865e-06]","[1.1352146884746617e-06,0.0002873388002626598,0.9993540644645691,0.0002081349230138585,1.2467031410778873e-05,1.5235245882649906e-06,0.00010000413021771237,3.1321899314207258e-06,2.4383300115005113e-05,7.86771943239728e-06]","[2.9249833914946066e-06,0.0006331396871246397,0.9989610910415649,0.0001590222236700356,5.52554502064595e-06,2.6373436412541196e-06,0.00011274590360699221,2.757727770585916e-06,0.00011512299533933401,4.99307134305127e-06]"
,"[0.0015129923122003675,0.2271808385848999,0.08259402960538864,0.00943245179951191,0.0701492428779602,0.0421394407749176,0.025202207267284393,0.10465448349714279,0.11629252135753632,0.32084178924560547]","[0.0012624083319678903,0.14167676866054535,0.07546114921569824,0.019499674439430237,0.05978852137923241,0.028063835576176643,0.01920579932630062,0.15697407722473145,0.16555367410182953,0.33251404762268066]","[0.001254803268238902,0.29695743322372437,0.07679246366024017,0.01368520688265562,0.06760215759277344,0.03365049138665199,0.019360631704330444,0.10926640033721924,0.20330952107906342,0.1781209111213684]",,"[0.0016703426372259855,0.15825986862182617,0.15730682015419006,0.020266279578208923,0.07602499425411224,0.04700121656060219,0.029674099758267403,0.12080595642328262,0.12250044196844101,0.26649001240730286]"
"[4.86857898067683e-05,4.835607342101866e-06,0.0007835350115783513,0.03731594979763031,3.8015485188225284e-05,0.017479071393609047,1.0210785603703698e-06,1.9837741547235055e-06,0.9442498683929443,7.692173676332459e-05]","[0.0001513118331786245,3.260995799791999e-05,0.0003674876061268151,0.005764281377196312,5.3466072131413966e-05,0.013440730050206184,3.763970198633615e-06,3.80389883503085e-06,0.9790077209472656,0.0011748125543817878]","[3.2133637432707474e-05,3.2685911719454452e-06,0.0007901664357632399,0.08232000470161438,4.639869439415634e-05,0.019914356991648674,2.467128069838509e-06,2.5188176095980452e-06,0.8966171145439148,0.00027149333618581295]","[1.9121858713333495e-05,5.613982921204297e-06,0.0005341572687029839,0.011637698858976364,4.010948759969324e-05,0.014959026128053665,9.930648730005487e-07,1.654446236898366e-06,0.9727259874343872,7.560512312920764e-05]","[5.748086914536543e-05,7.563241069874493e-06,0.001193226664327085,0.021380731835961342,8.921484550228342e-05,0.003138712840154767,1.1059109965572134e-06,1.0870913683902472e-05,0.9738461971282959,0.00027497095288708806]","[0.00018657495093066245,2.651863042046898e-06,0.0017997483955696225,0.006212013307958841,5.145479462953517e-06,0.0022687034215778112,6.426560617001087e-07,7.377552151410782e-07,0.9894002079963684,0.00012348350719548762]"
,,"[8.779116456025804e-08,7.296494572983647e-07,0.00034803588641807437,5.792565502815705e-07,6.475231930380687e-05,7.710773206781596e-05,0.9995017051696777,2.08354422603918e-09,6.731740995746804e-06,1.8559495629233425e-07]",,,
,,,,,
,,"[9.599937129678437e-07,2.0715062419185415e-05,0.010037553496658802,0.00030926387989893556,0.00785316526889801,0.0760025605559349,0.7559053301811218,4.033896061628184e-08,0.14978370070457458,8.672143303556368e-05]","[1.2174519952168339e-06,4.558732689474709e-05,0.029880311340093613,0.0009902919409796596,0.010364407673478127,0.26565662026405334,0.12271243333816528,2.6712557499308787e-08,0.5703206062316895,2.8482963898568414e-05]","[2.0889638108201325e-06,1.7346757886116393e-05,0.0529741607606411,0.0013984242687001824,0.06129428744316101,0.0763399600982666,0.7175810933113098,2.577410214144038e-07,0.08954322338104248,0.000849114207085222]","[3.3804128634074004e-06,3.029718754987698e-05,0.016687393188476562,0.0007788430666550994,0.003835000330582261,0.1904233694076538,0.5913466215133667,3.8239537758499864e-08,0.19659174978733063,0.00030330734443850815]"
"[0.0022139661014080048,0.031105343252420425,0.8455467820167542,0.044500067830085754,2.617892823764123e-05,0.0023727824445813894,0.0001955714833457023,0.010103919543325901,0.06374087929725647,0.00019454020366538316]","[0.0007713551167398691,0.056057605892419815,0.8586439490318298,0.021346500143408775,4.0180017094826326e-05,0.0020358669571578503,0.0008207963546738029,0.04338008165359497,0.01669144816696644,0.00021216300956439227]","[0.0005543450242839754,0.008255476132035255,0.9417783617973328,0.01341924536973238,2.0473147742450237e-05,0.0008199825533665717,0.00025916978484019637,0.008541191928088665,0.02625059150159359,0.00010126039705937728]",,"[0.0006282191607169807,0.004710494074970484,0.9645702242851257,0.013498861342668533,9.006594154925551e-06,0.00032443131203763187,7.612345507368445e-05,0.008304551243782043,0.007769751362502575,0.00010838139860425144]",
"[0.00016557796334382147,0.0004920752835460007,4.839284156332724e-05,0.6406763195991516,0.00014091968478169292,0.3574961721897125,4.803530464414507e-05,0.00029514648485928774,0.0002230559039162472,0.0004143236146774143]",,"[6.698045035591349e-05,0.00035992954508401453,7.537531928392127e-05,0.6038364768028259,0.0002599458966869861,0.3940032720565796,0.00013080111239105463,0.00026134177460335195,0.0001828659587772563,0.0008230171515606344]","[5.741942732129246e-05,0.0008900566608645022,6.539469177369028e-05,0.5641818046569824,0.0002507909666746855,0.43368619680404663,4.729377542389557e-05,0.0002606419730000198,0.00019533080921974033,0.00036511762300506234]",,"[0.000274324556812644,0.00048492581117898226,0.00033550290390849113,0.679211437702179,0.00022130768047645688,0.31756651401519775,0.00013678469986189157,0.0003332269552629441,0.0003118903550785035,0.0011240518651902676]"
"[0.0004550995072349906,0.00044288518256507814,0.005789536517113447,0.0007042597280815244,0.0071650478057563305,0.022383281961083412,0.9612013697624207,2.558859523560386e-05,0.001717778155580163,0.00011509537580423057]","[0.00024035207752604038,0.00023474401677958667,0.003710815915837884,0.0001430417032679543,0.00345412059687078,0.007270833943039179,0.9840672016143799,1.4995437595644034e-05,0.0007863019127398729,7.760883454466239e-05]","[0.00016479811165481806,0.00015945719496812671,0.002518625697121024,0.00022371072554960847,0.003353261621668935,0.006417661905288696,0.9863189458847046,1.0718685189203825e-05,0.0007366309873759747,9.614413283998147e-05]","[0.00028425315394997597,0.0004639515245798975,0.003838426200672984,0.0003110928228124976,0.005754329264163971,0.015166358090937138,0.97178053855896,2.1662683138856664e-05,0.0022431218530982733,0.0001363133342238143]","[0.0002912617346737534,0.0001494848111178726,0.005191011819988489,0.0003567891544662416,0.010108939372003078,0.006749908905476332,0.9761146306991577,3.323521013953723e-05,0.000727553793694824,0.0002771642175503075]","[0.00033087164047174156,0.00022233785421121866,0.0039848750457167625,0.000271769444225356,0.003385832067579031,0.005789005197584629,0.984832227230072,1.2807611710741185e-05,0.001063665491528809,0.00010668150207493454]"
,"[1.0100439794769045e-05,2.0968801806020565e-08,4.087994966539554e-05,0.00029907116550020874,7.892198539138917e-08,3.643357558757998e-06,5.0187383138222685e-09,0.999135434627533,3.378202109161066e-07,0.0005103619187138975]",,,,
,"[0.0005104091251268983,3.711018507601693e-05,0.002835590159520507,0.006284747272729874,0.005125449039041996,0.00019963143859058619,4.016945240437053e-06,0.5649040937423706,0.01001904346048832,0.4100799560546875]","[0.00018653561710380018,1.1713820640579797e-05,0.000540130480658263,0.0032130402978509665,0.006463233381509781,0.00014956601080484688,3.237528517274768e-06,0.09721273928880692,0.008564986288547516,0.8836548328399658]",,"[0.00012133075506426394,1.0835977263923269e-05,0.0014174007810652256,0.0023793578147888184,0.0067397840321063995,2.620870145619847e-05,7.505213375225139e-07,0.29203200340270996,0.00616209814324975,0.6911101937294006]","[0.0012611016863957047,6.3197614508681e-05,0.004005936905741692,0.004801376257091761,0.0017488743178546429,0.00018185304361395538,2.9278544388944283e-06,0.07394207268953323,0.03237006813287735,0.8816226720809937]"
"[1.3914171859141788e-06,0.001231042086146772,0.9977107048034668,0.0009625123930163682,5.2895714475198474e-09,2.2396643544198014e-05,4.549138793663587e-06,7.171348670453881e-07,6.668698915746063e-05,1.4446857043992622e-08]","[1.3785247574560344e-06,0.003648398444056511,0.994835615158081,0.0013917312026023865,5.174858763723478e-09,8.866481948643923e-06,1.8194419681094587e-05,2.6239033559249947e-06,9.32206166908145e-05,2.942176635656324e-08]","[1.2179094710518257e-06,0.0014511399203911424,0.9965747594833374,0.0017985673621296883,7.440601468289287e-09,8.717336640984286e-06,2.2926966266823e-05,1.6356583500964916e-06,0.0001410199183737859,3.7182577017347285e-08]","[5.373105409489654e-07,0.0017151791835203767,0.9973207116127014,0.0008178265998139977,3.91151200318518e-09,7.476951850549085e-06,5.253748895484023e-06,1.1043154017897905e-06,0.00013186117575969547,1.0719092280453424e-08]","[4.490374010401865e-07,0.0002990088833030313,0.9993619322776794,0.000323688262142241,1.5606503867005017e-09,1.093932951334864e-06,2.815813559209346e-06,7.999088325050252e-07,1.0124083928531036e-05,8.533251438791467e-09]","[6.084831056796247e-07,0.0004434858856257051,0.9993336796760559,0.00017458698130212724,3.3569366730823447e-10,1.3798380678053945e-06,3.012682327607763e-06,2.970788557377091e-07,4.3024891056120396e-05,4.2972927438711395e-09]"
,,,,,"[0.018140416592359543,6.338891398627311e-05,0.9143224954605103,0.00035409958218224347,0.00012385040463414043,0.0019336686236783862,0.0033978603314608335,5.638792208628729e-05,0.05969497933983803,0.0019129066495224833]"
,,"[1.2933966900163796e-05,2.371649316046387e-05,0.9741407036781311,0.0003311529872007668,0.011934880167245865,0.0013392537366598845,0.012136436998844147,5.020173148295726e-07,7.751090743113309e-05,2.9163313683966408e-06]",,,
"[6.801240601816971e-07,6.218578164407518e-06,1.2498146134021226e-05,0.000124246726045385,1.1461562280601356e-05,3.897718670486938e-06,1.944655281249652e-08,0.9975711703300476,1.9678571334225126e-05,0.002250127727165818]","[8.223344707403157e-07,1.9696259187185206e-05,2.318074621143751e-05,9.496839629719034e-05,2.394102375546936e-05,4.386873115436174e-06,4.1730174871190684e-08,0.9855741858482361,4.740901567856781e-05,0.01421146560460329]","[4.2477353190406575e-07,2.6823020107258344e-06,1.907387559185736e-05,0.00013738599955104291,1.9500053895171732e-05,2.5335871214338113e-06,2.4584227986679252e-08,0.9976256489753723,2.5021783585543744e-05,0.0021677431650459766]","[7.383316074083268e-07,8.870831152307801e-06,3.864283280563541e-05,0.00026467215502634645,2.7032314392272383e-05,1.1888666449522134e-05,2.1348386169961486e-08,0.9985560774803162,2.698612843232695e-05,0.0010651223128661513]","[3.013903437931731e-07,1.0198870086242096e-06,2.9647928386111744e-05,0.00013086159015074372,1.3816222235618625e-05,7.117922109500796e-07,1.0049975074366557e-08,0.9950224161148071,4.583431291393936e-06,0.004796620458364487]",
,,"[6.677092869722401e-07,0.00018607078527566046,0.0027220139745622873,0.5697821378707886,0.011692050844430923,0.06611020863056183,2.4349657905986533e-05,0.2624962627887726,0.008828056044876575,0.0781581848859787]",,"[2.872561424283049e-07,9.716194472275674e-05,0.0008133985684253275,0.12249568849802017,0.012367271818220615,0.012892617844045162,3.5453765576676233e-06,0.8201566934585571,0.011488094925880432,0.019685158506035805]",
