"[0.08271068334579468,0.10098394751548767,0.13105309009552002,0.0904831811785698,0.0732102319598198,0.11098092049360275,0.08395325392484665,0.08483968675136566,0.14331550896167755,0.09846943616867065]","[0.06462394446134567,0.3501279950141907,0.04712862893939018,0.13681039214134216,0.05685153976082802,0.08188432455062866,0.07482241094112396,0.06062459573149681,0.06515844166278839,0.061967719346284866]","[0.09906933456659317,0.1071881651878357,0.07329737395048141,0.14758862555027008,0.06961896270513535,0.11529708653688431,0.13410411775112152,0.06841842085123062,0.08943840861320496,0.09597953408956528]","[0.09388861060142517,0.0719265565276146,0.08496890217065811,0.08313124626874924,0.10402563214302063,0.11363594233989716,0.12845581769943237,0.10043272376060486,0.08663244545459747,0.1329021006822586]",,
"[0.07763446867465973,0.08470641076564789,0.13066944479942322,0.07173214107751846,0.05964195728302002,0.11871364712715149,0.07278821617364883,0.10986930876970291,0.1590491235256195,0.11519525945186615]","[0.06568876653909683,0.2849048972129822,0.03052537515759468,0.26373711228370667,0.031925078481435776,0.08456628024578094,0.1072341799736023,0.02909354493021965,0.033951640129089355,0.06837309151887894]","[0.08054467290639877,0.044977687299251556,0.036448247730731964,0.051098186522722244,0.14564993977546692,0.1849762201309204,0.08852441608905792,0.0725376233458519,0.11095548421144485,0.1842874437570572]","[0.07894288003444672,0.061676815152168274,0.13261744379997253,0.15148457884788513,0.05707575008273125,0.07537255436182022,0.12898002564907074,0.14077778160572052,0.07703839242458344,0.09603379666805267]",,
"[0.06891999393701553,0.13805532455444336,0.11115356534719467,0.12802474200725555,0.07187389582395554,0.1022489070892334,0.0686725303530693,0.09939723461866379,0.10914044827222824,0.10251336544752121]","[0.04968744143843651,0.04368962347507477,0.04105949029326439,0.06707968562841415,0.16641080379486084,0.15153628587722778,0.16168572008609772,0.040700383484363556,0.048757705837488174,0.22939281165599823]","[0.15964041650295258,0.020618710666894913,0.029010437428951263,0.05060479789972305,0.027299020439386368,0.03904445469379425,0.04252754896879196,0.4326794743537903,0.1038782075047493,0.09469681233167648]","[0.08492490649223328,0.05218840762972832,0.16731257736682892,0.054803766310214996,0.039410658180713654,0.05742037668824196,0.3304673433303833,0.1112116277217865,0.03555963188409805,0.06670068949460983]","[0.03582887351512909,0.04061262682080269,0.21602988243103027,0.3272574245929718,0.10658836364746094,0.07514335215091705,0.03501463308930397,0.04211631044745445,0.0755510926246643,0.04585739225149155]",
"[0.06450586766004562,0.06073002144694328,0.1471647471189499,0.05242922529578209,0.06894516944885254,0.1146654561161995,0.0646221861243248,0.13286539912223816,0.1461726427078247,0.1478992998600006]","[0.06417244672775269,0.416652649641037,0.02426759898662567,0.17507998645305634,0.07216322422027588,0.10280542820692062,0.05562642961740494,0.025868268683552742,0.028223536908626556,0.03514040261507034]","[0.021109366789460182,0.024215953424572945,0.026160642504692078,0.051695674657821655,0.16963958740234375,0.0866457149386406,0.13541293144226074,0.03434565290808678,0.03995988890528679,0.4108145534992218]","[0.14016512036323547,0.014821931719779968,0.017773550003767014,0.042465467005968094,0.019325016066432,0.029023917391896248,0.039001479744911194,0.4797678291797638,0.08274266868829727,0.13491298258304596]",,
"[0.04710659757256508,0.06016544997692108,0.1842537224292755,0.04556466266512871,0.0504387728869915,0.11509490758180618,0.061077430844306946,0.09299726784229279,0.1434355527162552,0.1998656541109085]","[0.040429387241601944,0.13507702946662903,0.041831307113170624,0.20689544081687927,0.10739536583423615,0.11618651449680328,0.12689438462257385,0.06274060159921646,0.04869360104203224,0.11385631561279297]","[0.04016205295920372,0.024290284141898155,0.02340179868042469,0.03691955655813217,0.1788906455039978,0.1896764189004898,0.09533248841762543,0.050013381987810135,0.07149450480937958,0.2898188531398773]","[0.05029875412583351,0.04455922544002533,0.09973961859941483,0.044399507343769073,0.029074009507894516,0.04521418735384941,0.3666636645793915,0.16322200000286102,0.03566233813762665,0.12116671353578568]",,
"[0.05321963131427765,0.02475345879793167,0.13740882277488708,0.02648822031915188,0.06308718025684357,0.0691661387681961,0.05097226798534393,0.21171016991138458,0.10297742486000061,0.26021671295166016]","[0.05237877741456032,0.05910724028944969,0.03250139206647873,0.17056196928024292,0.24318556487560272,0.04682587832212448,0.10686282068490982,0.07959303259849548,0.03599114716053009,0.17299219965934753]","[0.043301887810230255,0.01288197748363018,0.03363827243447304,0.02324843406677246,0.1392960101366043,0.039093758910894394,0.1466556042432785,0.1306215226650238,0.040994882583618164,0.39026764035224915]","[0.12772014737129211,0.015451336279511452,0.034711647778749466,0.04348408058285713,0.1161218136548996,0.034007247537374496,0.09652014076709747,0.3454835116863251,0.02344689704477787,0.16305308043956757]","[0.02360287867486477,0.020987145602703094,0.28891515731811523,0.3224645256996155,0.14532968401908875,0.07637753337621689,0.01597907580435276,0.018783779814839363,0.06271608173847198,0.024844177067279816]",
"[0.04165850579738617,0.03452654927968979,0.10597307235002518,0.022114256396889687,0.07563236355781555,0.0673542395234108,0.038453225046396255,0.26176390051841736,0.12555161118507385,0.22697226703166962]","[0.04903288558125496,0.3855571150779724,0.013897831551730633,0.1508713662624359,0.18769676983356476,0.07146455347537994,0.0472969189286232,0.03200661763548851,0.01684250496327877,0.045333415269851685]","[0.02745480090379715,0.015518002212047577,0.013237492181360722,0.03273819759488106,0.14155621826648712,0.05000244826078415,0.07071814686059952,0.10072041302919388,0.06016550958156586,0.4878886938095093]","[0.023476678878068924,0.026593096554279327,0.057088568806648254,0.0232071690261364,0.026960022747516632,0.012526607140898705,0.33188727498054504,0.22603268921375275,0.02621208317577839,0.24601581692695618]","[0.07456297427415848,0.04155179485678673,0.1500883847475052,0.13834914565086365,0.12315844744443893,0.0729525238275528,0.04539279267191887,0.20411372184753418,0.07067205756902695,0.07915814220905304]",
"[0.02928926609456539,0.3596160411834717,0.14007921516895294,0.04611639678478241,0.02590843476355076,0.09124307334423065,0.05576460435986519,0.060040801763534546,0.10449735820293427,0.08744482696056366]","[0.020235644653439522,0.6949163675308228,0.022284505888819695,0.06347350776195526,0.022228512912988663,0.03696063905954361,0.03059285692870617,0.03830185532569885,0.0563342347741127,0.01467187236994505]","[0.02707589603960514,0.6106327772140503,0.029179859906435013,0.046858545392751694,0.035843443125486374,0.1311904639005661,0.05065690353512764,0.020916400477290154,0.029130637645721436,0.01851503737270832]",,,
"[0.025920335203409195,0.04788774624466896,0.18584029376506805,0.030747292563319206,0.09525488317012787,0.11253543198108673,0.0587567538022995,0.06532365828752518,0.08975338190793991,0.28798016905784607]","[0.04112759605050087,0.11430966854095459,0.0574188306927681,0.08637479692697525,0.2714122533798218,0.14267317950725555,0.07664098590612411,0.06527995318174362,0.07314687967300415,0.07161584496498108]","[0.015967175364494324,0.02553112804889679,0.03249770402908325,0.04860838130116463,0.2275446653366089,0.11831501871347427,0.10483256727457047,0.03086371347308159,0.04828540235757828,0.3475542366504669]",,,
"[0.007831606082618237,0.6074946522712708,0.07064172625541687,0.025770574808120728,0.004868287593126297,0.04042533040046692,0.029715651646256447,0.04520304501056671,0.12288255989551544,0.04516661539673805]","[0.0033724408131092787,0.8152315020561218,0.007805433124303818,0.04346896708011627,0.005341352429240942,0.03749778866767883,0.03849760815501213,0.009797954000532627,0.016498934477567673,0.022488132119178772]","[0.024162638932466507,0.4101811945438385,0.0385405533015728,0.056756895035505295,0.005975806619971991,0.028068212792277336,0.13965530693531036,0.15825039148330688,0.08697716891765594,0.051431816071271896]","[0.009493895806372166,0.44860127568244934,0.12229423224925995,0.21532072126865387,0.009777403436601162,0.06817474961280823,0.017886174842715263,0.014425490982830524,0.07389061152935028,0.02013542875647545]",,
"[0.12219313532114029,0.033768776804208755,0.13551568984985352,0.2775515019893646,0.017376292496919632,0.24897463619709015,0.03072379156947136,0.0438661053776741,0.06986752152442932,0.020162511616945267]","[0.13918617367744446,0.020415470004081726,0.07520239055156708,0.20543763041496277,0.011998451314866543,0.34863197803497314,0.08436978608369827,0.038364771753549576,0.0512847900390625,0.02510855160653591]","[0.11412361264228821,0.013903134502470493,0.13011707365512848,0.4462403357028961,0.014164848253130913,0.17649737000465393,0.022067245095968246,0.028289366513490677,0.042075734585523605,0.012521329335868359]",,,
"[0.023736752569675446,0.11685304343700409,0.03255609795451164,0.023309895768761635,0.010830993764102459,0.48820143938064575,0.13597145676612854,0.005124078132212162,0.013667023740708828,0.14974914491176605]","[0.016768455505371094,0.006150278728455305,0.5443388819694519,0.022105282172560692,0.006027853582054377,0.04721805453300476,0.042163144797086716,0.1846446841955185,0.11612271517515182,0.014460641890764236]",,,,
"[0.011450405232608318,0.04453602805733681,0.1710105836391449,0.17568162083625793,0.0037402345333248377,0.1694408655166626,0.0073255375027656555,0.16213275492191315,0.1068146601319313,0.14786724746227264]","[0.00690195057541132,0.0483284592628479,0.008964872919023037,0.7688543796539307,0.004408753011375666,0.08134129643440247,0.003025115467607975,0.05636165663599968,0.01594097726047039,0.005872506648302078]","[0.001577508868649602,0.0036283843219280243,0.006699231918901205,0.9159796237945557,0.0005277913296595216,0.00730011984705925,0.0035362383350729942,0.03316522017121315,0.0073904311284422874,0.020195426419377327]","[0.0031149734277278185,0.012185872532427311,0.005768171977251768,0.22214347124099731,0.006198516581207514,0.5302621126174927,0.005662261974066496,0.013935575261712074,0.027463814243674278,0.1732652634382248]",,
"[0.021400725468993187,0.13303515315055847,0.01921539194881916,0.0008058822131715715,0.11432845145463943,0.3573227822780609,0.3332006633281708,0.0006930810632184148,0.012509127147495747,0.007488767616450787]","[0.016153525561094284,0.006551605649292469,0.869431734085083,0.00046603253576904535,0.01123826950788498,0.05940113961696625,0.020838823169469833,0.00207078387029469,0.0044257743284106255,0.009422293864190578]",,,,
"[0.005662943702191114,0.605861246585846,0.11681103706359863,0.020120101049542427,0.007529982831329107,0.11680594831705093,0.0326482392847538,0.021638093516230583,0.03587101399898529,0.03705139830708504]","[0.009874928742647171,0.18195655941963196,0.03319757431745529,0.0225553959608078,0.01403204258531332,0.09227593243122101,0.03543417900800705,0.11433470249176025,0.47180861234664917,0.024530038237571716]","[0.0035409361589699984,0.786462128162384,0.011385085061192513,0.06391540169715881,0.007682246156036854,0.04742160439491272,0.04062897711992264,0.008373222313821316,0.018201127648353577,0.012389286421239376]","[0.015499229542911053,0.32927823066711426,0.02347097359597683,0.05640190839767456,0.022646963596343994,0.13892921805381775,0.08671054244041443,0.0827956423163414,0.16869713366031647,0.07557012140750885]","[0.008332907222211361,0.5335596203804016,0.06715703010559082,0.02654435858130455,0.008812508545815945,0.05064944177865982,0.21671345829963684,0.03520991653203964,0.02422427199780941,0.02879648096859455]","[0.007649363484233618,0.3223847448825836,0.12707774341106415,0.23044663667678833,0.02078767493367195,0.1202741488814354,0.024868331849575043,0.018728774040937424,0.10808145999908447,0.01970111019909382]"
"[0.0009853321826085448,0.9528915286064148,0.002732996130362153,0.003969025798141956,0.0010156001662835479,0.0130865927785635,0.0062082987278699875,0.0019051233539357781,0.005941749084740877,0.011263846419751644]","[0.0021825621370226145,0.8773006796836853,0.016820285469293594,0.022839799523353577,0.0036116524133831263,0.00910921674221754,0.010244449600577354,0.017782296985387802,0.033792443573474884,0.006316585466265678]","[0.0030764301773160696,0.8187467455863953,0.014904790557920933,0.06117260828614235,0.0030641425400972366,0.024732209742069244,0.039444681257009506,0.007844575680792332,0.009307187981903553,0.017706723883748055]","[0.002972062909975648,0.7538371682167053,0.011460349895060062,0.02095124125480652,0.014981746673583984,0.04902243986725807,0.038465265184640884,0.01595207490026951,0.05198412388563156,0.04037350416183472]",,
"[0.0010741513688117266,0.9335260391235352,0.002787085482850671,0.006668139714747667,0.0010849025566130877,0.02345842681825161,0.005799469072371721,0.0023410841822624207,0.007929250597953796,0.015331484377384186]","[0.0024214431177824736,0.8440736532211304,0.016613567247986794,0.03322615474462509,0.00353917945176363,0.016282372176647186,0.008385802619159222,0.024173706769943237,0.04021487012505531,0.011069265194237232]","[0.0032340213656425476,0.7871870398521423,0.012131541967391968,0.06720343977212906,0.004158268216997385,0.03751097619533539,0.023847825825214386,0.018835410475730896,0.021504268050193787,0.024387311190366745]","[0.0034081493504345417,0.5936949253082275,0.010244959965348244,0.03636445105075836,0.01786416582763195,0.11754617840051651,0.035123128443956375,0.013580063357949257,0.04397840052843094,0.12819555401802063]",,
"[0.000690717191901058,0.9720467329025269,0.002113430993631482,0.0020856638438999653,0.0002803401730488986,0.009169594384729862,0.004260570742189884,0.0006366440793499351,0.005456940736621618,0.0032593365758657455]","[0.0028045750223100185,0.5353975892066956,0.2450992614030838,0.014489823020994663,0.001668279990553856,0.0112202363088727,0.012922213412821293,0.03271251544356346,0.13460683822631836,0.009078697301447392]","[0.0005124578601680696,0.9792559146881104,0.0016406935174018145,0.005374616477638483,0.00039318366907536983,0.0024874808732420206,0.002088957466185093,0.0013917115284129977,0.006453785579651594,0.00040122802602127194]","[0.0020336408633738756,0.8821761608123779,0.012604051269590855,0.029515881091356277,0.007693794090300798,0.014425349421799183,0.01697673834860325,0.0055537899024784565,0.02475973591208458,0.004260777495801449]","[0.0017640114529058337,0.9240767359733582,0.009128885343670845,0.018256787210702896,0.0007765674381516874,0.011338167823851109,0.016072524711489677,0.0038720970042049885,0.01188821904361248,0.002825953299179673]",
"[0.00622468302026391,0.7441158890724182,0.0420406237244606,0.01922202855348587,0.0032786622177809477,0.03880318999290466,0.019781945273280144,0.025482816621661186,0.0853455513715744,0.01570473052561283]","[0.0005509909824468195,0.9805764555931091,0.000790235644672066,0.010268089361488819,0.00043971871491521597,0.002321583218872547,0.001928510144352913,0.0006903241155669093,0.0017276406288146973,0.0007063318626023829]","[0.00506706815212965,0.8190626502037048,0.01624586433172226,0.04117869585752487,0.002657477045431733,0.035417381674051285,0.03213595226407051,0.011300110258162022,0.025170549750328064,0.011764215305447578]",,,
"[0.0046218824572861195,0.7269481420516968,0.08190497010946274,0.011471848003566265,0.003444699803367257,0.023595379665493965,0.017189275473356247,0.01629459671676159,0.10833919793367386,0.006189937237650156]","[0.00060080032562837,0.9764571785926819,0.001892083091661334,0.007767367642372847,0.0011535705998539925,0.004063796252012253,0.0027572945691645145,0.0011630834778770804,0.0037482811603695154,0.0003964877687394619]","[0.00402439059689641,0.8507935404777527,0.02542678825557232,0.033079031854867935,0.0025837060529738665,0.02471201680600643,0.03783814236521721,0.004947321489453316,0.012622607871890068,0.003972485661506653]","[0.0031747969333082438,0.770119845867157,0.01685691438615322,0.008785194717347622,0.004779826384037733,0.014477559365332127,0.01161291915923357,0.023947885259985924,0.1439366340637207,0.0023085488937795162]",,
"[0.0002494610089343041,0.9072768092155457,0.013159363530576229,0.0070664850063622,0.0007521968800574541,0.004614879842847586,0.002351184608414769,0.014782121405005455,0.03877335786819458,0.010974161326885223]","[5.8060108131030574e-05,0.9831635355949402,0.0006258196663111448,0.010156686417758465,0.00022363010793924332,0.0008565140888094902,0.0010066528338938951,0.001016690512187779,0.0013256723759695888,0.0015667785191908479]","[0.0001916584005812183,0.8794030547142029,0.002665539737790823,0.005822401959449053,0.0013027216773480177,0.0011233215918764472,0.0012649033451452851,0.01230715587735176,0.08966889977455139,0.006250484846532345]","[0.0006141834892332554,0.6674192547798157,0.00417418172582984,0.02283351495862007,0.011983543634414673,0.025523759424686432,0.00842470396310091,0.00584558118134737,0.024814771488308907,0.22836646437644958]",,
"[0.0013936723116785288,0.8705706596374512,0.026394439861178398,0.011110667139291763,0.0014263882767409086,0.017952609807252884,0.009126520715653896,0.010097245685756207,0.03416064381599426,0.01776711456477642]","[0.0007189131574705243,0.9577664732933044,0.00262882630340755,0.012631116434931755,0.0010697543621063232,0.006325216963887215,0.0031829767394810915,0.004361486993730068,0.009497512131929398,0.0018177994061261415]","[0.0015562730841338634,0.8959705829620361,0.007803436368703842,0.02898486517369747,0.001392127713188529,0.020185252651572227,0.015382857993245125,0.007254029158502817,0.011406532488763332,0.010064056143164635]","[0.005893731024116278,0.643227219581604,0.010887764394283295,0.033304259181022644,0.007902075536549091,0.07271019369363785,0.025276456028223038,0.036477141082286835,0.11099303513765335,0.05332816764712334]","[0.00644201273098588,0.720284640789032,0.05049217492341995,0.03468766808509827,0.003598108422011137,0.027215849608182907,0.04850318282842636,0.047533776611089706,0.026808515191078186,0.03443402796983719]",
"[0.029599208384752274,0.015201426111161709,0.026076633483171463,0.00905681774020195,0.006668573711067438,0.30900052189826965,0.0018965499475598335,0.22590646147727966,0.3029947280883789,0.07359906286001205]","[0.027035405859351158,0.18171535432338715,0.00633225217461586,0.11895991116762161,0.033806610852479935,0.3894426226615906,0.0035819627810269594,0.15027695894241333,0.05776849761605263,0.03108043782413006]","[0.015559962950646877,0.012186313979327679,0.0045863427221775055,0.019357923418283463,0.012743827886879444,0.7516331672668457,0.0028214415069669485,0.04763372614979744,0.045167114585638046,0.08831020444631577]",,,
"[0.0005346477264538407,0.9311443567276001,0.019720034673810005,0.00404244102537632,0.00047299519064836204,0.006615174002945423,0.007504797074943781,0.0030492853838950396,0.02213059552013874,0.0047856224700808525]","[0.0002187737263739109,0.9861413240432739,0.001289626699872315,0.0029186217579990625,0.00025359445135109127,0.0027133983094245195,0.002370083937421441,0.0007744146860204637,0.0029404961969703436,0.0003795401134993881]","[0.001433154451660812,0.890146017074585,0.008365489542484283,0.013646034523844719,0.0014623655006289482,0.014110639691352844,0.022989263758063316,0.006180481519550085,0.03282150626182556,0.008844987489283085]",,,
"[0.00017144749290309846,0.9353265166282654,0.0194536205381155,0.0016610409365966916,0.0001740376465022564,0.0008743451326154172,0.0023047944996505976,0.004556076601147652,0.0324992798268795,0.0029788732063025236]","[1.298582719755359e-05,0.9984103441238403,0.00013693321670871228,0.0006772266351617873,2.8927161110914312e-05,0.00016864707868080586,0.00020972480706404895,0.00010158627264900133,0.0002086190797854215,4.482775693759322e-05]","[0.00022558803902938962,0.9272837042808533,0.010139803402125835,0.022988781332969666,0.0003314968489576131,0.000780178583227098,0.010750452987849712,0.0069055454805493355,0.013040474615991116,0.007553890813142061]","[0.0005788658745586872,0.923326849937439,0.0038566780276596546,0.005273530725389719,0.001369871199131012,0.004816383123397827,0.007481982000172138,0.005695144180208445,0.03412260487675667,0.013478078879415989]",,
"[0.0028675768990069628,0.006155918352305889,0.9072384834289551,0.0007468912517651916,0.003404706483706832,0.012816332280635834,0.06250808387994766,0.001266219187527895,0.002564564812928438,0.0004312383243814111]","[0.01959565281867981,0.00827972125262022,0.27991965413093567,0.002430723514407873,0.040131278336048126,0.039312221109867096,0.2705645263195038,0.04141111299395561,0.29753702878952026,0.0008181036100722849]","[0.006663055624812841,0.364544153213501,0.04222804680466652,0.08894173800945282,0.12319240719079971,0.012256859801709652,0.3541204333305359,0.002985747065395117,0.004684021230787039,0.00038349124952219427]","[0.007564414292573929,0.009472752921283245,0.08797347545623779,0.004327378235757351,0.014526216313242912,0.018947118893265724,0.8501579761505127,0.002622110303491354,0.003861077129840851,0.0005473718629218638]","[0.018558327108621597,0.006964573170989752,0.05375438928604126,0.0025141944643110037,0.03060191497206688,0.03050808422267437,0.8251392245292664,0.006158746778964996,0.024315234273672104,0.0014853185275569558]",
"[0.007818561047315598,0.05371595919132233,0.09641819447278976,0.011775325052440166,0.090397410094738,0.04404662922024727,0.01117043849080801,0.12043633311986923,0.36870941519737244,0.19551178812980652]","[0.008434170857071877,0.19944290816783905,0.02762892283499241,0.0961398035287857,0.33699655532836914,0.04024133086204529,0.02902728132903576,0.039085160940885544,0.052169181406497955,0.17083464562892914]","[0.00861364882439375,0.03569907695055008,0.013994446024298668,0.012768624350428581,0.3112035095691681,0.052786435931921005,0.013753322884440422,0.06320435553789139,0.278530091047287,0.2094464749097824]","[0.013316900469362736,0.07915318012237549,0.09257552772760391,0.019795017316937447,0.12311055511236191,0.0312562957406044,0.07113776355981827,0.17546114325523376,0.0802483856678009,0.3139452636241913]","[0.009115085005760193,0.0793486014008522,0.15540695190429688,0.10848894715309143,0.23812365531921387,0.07036877423524857,0.009844656102359295,0.023642586544156075,0.24421009421348572,0.06145068258047104]",
"[0.00017361641221214086,0.9699087738990784,0.01455196924507618,0.0016636359505355358,0.000144073273986578,0.003468239214271307,0.0036038043908774853,0.0008879195665940642,0.004187394864857197,0.0014106141170486808]","[0.00011529096809681505,0.9862356781959534,0.0011996094835922122,0.0019494399894028902,0.00015347804583143443,0.0013120583025738597,0.0018940824083983898,0.0008840849623084068,0.005907678976655006,0.000348622357705608]","[0.0002570467768236995,0.9711299538612366,0.0033270178828388453,0.005746888462454081,0.0002487761958036572,0.004411608446389437,0.00873256754130125,0.0011318745091557503,0.0038576326332986355,0.0011565897148102522]","[0.00033034812076948583,0.9351806640625,0.004067476373165846,0.005036095157265663,0.0017510681645944715,0.01929151453077793,0.01477127056568861,0.0011360689532011747,0.010960142128169537,0.007475204300135374]",,
"[0.007138444110751152,0.0010878833709284663,0.10998132824897766,0.13574151694774628,0.000471855397336185,0.609329342842102,0.0002656394790392369,0.00044250075006857514,0.12733341753482819,0.008207976818084717]","[0.005537115503102541,0.0024228827096521854,0.009342934004962444,0.7485268712043762,0.0006136643351055682,0.1811017543077469,0.00014389274292625487,0.00037083044298924506,0.0513346865773201,0.0006053380784578621]","[0.00773668335750699,0.001016970258206129,0.016540076583623886,0.5514523983001709,0.0004270294448360801,0.4016411602497101,0.0004963185056112707,0.00029805771191604435,0.01795969158411026,0.0024315782357007265]","[0.01636691950261593,0.00046834026579745114,0.009175274521112442,0.14808931946754456,0.0009877526899799705,0.610395073890686,0.0004089036665391177,0.000651205366011709,0.20533722639083862,0.008120105601847172]","[0.018305934965610504,0.002539824228733778,0.24932512640953064,0.42241987586021423,0.0006462270976044238,0.25286421179771423,0.013215938583016396,0.0019212268525734544,0.03193552792072296,0.006826075259596109]","[0.0038837632164359093,0.0004778785223606974,0.11363402009010315,0.5693272948265076,0.00024043086159508675,0.30027803778648376,6.31729417364113e-05,0.00010338032006984577,0.011098242364823818,0.0008937973179854453]"
"[0.0009600979392416775,0.9246835708618164,0.0113521171733737,0.00661018630489707,0.0004477696493268013,0.010638095438480377,0.004226538818329573,0.007142620161175728,0.023559963330626488,0.010379159823060036]","[0.0004192529304418713,0.9793558716773987,0.0008496911032125354,0.006588516291230917,0.00022237174562178552,0.0029014861211180687,0.0012982221087440848,0.0030484155286103487,0.004552239086478949,0.0007638575625605881]","[0.001542378100566566,0.8881828188896179,0.006242787465453148,0.04775819182395935,0.0055976929143071175,0.01393869984894991,0.004279071465134621,0.010892563499510288,0.01448045577853918,0.007085257209837437]",,,
"[0.0004444922087714076,0.927958071231842,0.0135614899918437,0.0064815618097782135,0.003778003389015794,0.0036454894579946995,0.0017571132630109787,0.007593911606818438,0.033488500863313675,0.0012913625687360764]","[0.001947247190400958,0.7729690670967102,0.021428745239973068,0.020428895950317383,0.014974035322666168,0.013903004117310047,0.010335274040699005,0.029836641624569893,0.10743839293718338,0.006738721858710051]","[0.0007560061058029532,0.9022921919822693,0.03778143972158432,0.007344232406467199,0.003916243556886911,0.004805309232324362,0.010314572602510452,0.010855629108846188,0.019937193021178246,0.001997220329940319]",,,
"[0.027019916102290154,0.018597867339849472,0.016619810834527016,0.010179446078836918,0.005478860344737768,0.7690644860267639,0.0012142828200012445,0.022483963519334793,0.10599464923143387,0.023346683010458946]","[0.03780188038945198,0.00846457201987505,0.0070844837464392185,0.00806647352874279,0.006699849851429462,0.6033756732940674,0.0010748811764642596,0.09776520729064941,0.22438965737819672,0.005277261137962341]","[0.037166059017181396,0.07305146008729935,0.005556431598961353,0.08531444519758224,0.00994088500738144,0.7335281372070312,0.002810147125273943,0.013956640847027302,0.025034476071596146,0.013641396537423134]","[0.010730188339948654,0.006549330893903971,0.0021190145052969456,0.0054688239470124245,0.008700279518961906,0.9024128913879395,0.0010837564477697015,0.00659566093236208,0.04101850837469101,0.015321658924221992]","[0.12383715808391571,0.010846348479390144,0.005103107076138258,0.019453542307019234,0.0044905049726367,0.361609548330307,0.002159060910344124,0.18279671669006348,0.2692447304725647,0.020459221675992012]","[0.05978703498840332,0.03493055701255798,0.019600760191679,0.024243095889687538,0.008527053520083427,0.7036802172660828,0.010191813111305237,0.06630432605743408,0.05229075625538826,0.020444346591830254]"
"[0.0015111459651961923,0.8573023080825806,0.012278326787054539,0.015815136954188347,0.0035235744435340166,0.0390029177069664,0.009797406382858753,0.011054525151848793,0.044275566935539246,0.005439150147140026]","[0.002083008410409093,0.7326738238334656,0.014158837497234344,0.044190794229507446,0.006556887179613113,0.10913962125778198,0.03216103836894035,0.011282172985374928,0.038039617240428925,0.00971423089504242]","[0.004798989277333021,0.6021503210067749,0.014037983492016792,0.0243164524435997,0.011105035431683064,0.12222226709127426,0.0317448191344738,0.03524751961231232,0.13419584929943085,0.02018071711063385]",,,
"[0.001767573761753738,0.025532593950629234,0.02799835056066513,0.03342297673225403,0.29235154390335083,0.11055251210927963,0.009814740158617496,0.007677771151065826,0.16117241978645325,0.32970955967903137]","[0.0016552165616303682,0.03462376818060875,0.005482150241732597,0.11520067602396011,0.5779590606689453,0.09169955551624298,0.017966371029615402,0.006363403517752886,0.06389395147562027,0.08515583723783493]","[0.0005130255594849586,0.006693425588309765,0.001909399637952447,0.015645066276192665,0.7085791826248169,0.10874224454164505,0.008103352040052414,0.0014036563225090504,0.025482673197984695,0.12292797118425369]","[0.005456813611090183,0.019791806116700172,0.011194982565939426,0.049787361174821854,0.399731308221817,0.060788918286561966,0.045664232224226,0.03528161719441414,0.15303801000118256,0.2192649245262146]","[0.002675215480849147,0.025333775207400322,0.06575305014848709,0.24210034310817719,0.24163569509983063,0.2445017397403717,0.006625753827393055,0.005330951418727636,0.05702166259288788,0.10902184247970581]","[0.00032624343293718994,0.004440235439687967,0.0023298049345612526,0.09627030044794083,0.7698350548744202,0.046771351248025894,0.002067454857751727,0.0006101502804085612,0.0723927840590477,0.004956675227731466]"
"[0.00028827908681705594,0.9657052159309387,0.009114639833569527,0.0031969209667295218,0.00043935890425927937,0.00655070086941123,0.002775377593934536,0.002208065241575241,0.006153053604066372,0.0035684455651789904]","[0.00029369237017817795,0.9715373516082764,0.0013155759079381824,0.005207199603319168,0.0006659595528617501,0.003530058776959777,0.002182248281314969,0.003255039919167757,0.010401158593595028,0.001611742889508605]","[0.0005094712832942605,0.9358265399932861,0.0034181769005954266,0.009757708758115768,0.0018025328172370791,0.016899704933166504,0.009047037921845913,0.003205751534551382,0.011142340488731861,0.008390678092837334]","[0.0013770445948466659,0.9214510917663574,0.005695780273526907,0.008005155250430107,0.0009998054010793567,0.007120625581592321,0.012364697642624378,0.016177300363779068,0.02019491419196129,0.0066135660745203495]","[0.0005412723403424025,0.9303745031356812,0.016959477216005325,0.019441032782197,0.0007764363544993103,0.011598114855587482,0.0036004227586090565,0.0034956419840455055,0.009867398999631405,0.003345737000927329]","[0.00041731380042620003,0.9110934734344482,0.003609333885833621,0.027003148570656776,0.002361941384151578,0.009293431416153908,0.002792712999507785,0.002722491743043065,0.037512388080358505,0.003193738404661417]"
"[0.000341944134561345,0.0012598097091540694,0.01420674566179514,6.341173138935119e-05,0.0031586445402354,0.0025820727460086346,0.9738774299621582,7.910290150903165e-05,0.004017422441393137,0.0004135677882004529]","[7.32944899937138e-05,0.0006814645603299141,0.0006294701597653329,8.909477764973417e-05,0.00341398105956614,0.000571507727727294,0.9942483901977539,5.2319528549560346e-06,0.00019914997392334044,8.842630631988868e-05]","[0.000183157593710348,0.0003008197818417102,0.0006058033904992044,2.750639760051854e-05,0.005080857779830694,0.0011598780984058976,0.9916314482688904,1.9326922483742237e-05,0.0007375095156021416,0.00025374695542268455]","[1.7324129657936282e-05,9.222030348610133e-05,0.000564859714359045,3.7749787225038745e-06,0.0001746705820551142,6.02624386374373e-05,0.9990430474281311,2.730157120822696e-06,2.6176074243267067e-05,1.4905249372532126e-05]","[0.00030147883808240294,0.001592682208865881,0.023424837738275528,0.0007751102675683796,0.014373722486197948,0.004916382022202015,0.9506994485855103,3.8560890970984474e-05,0.003580112475901842,0.00029756102594546974]",
"[0.0007525617838837206,0.9013696908950806,0.027770956978201866,0.00954972393810749,0.002001221990212798,0.0037763367872685194,0.004091525450348854,0.01660805195569992,0.016836317256093025,0.01724354922771454]","[0.0004538219072856009,0.9678196907043457,0.0028005228377878666,0.009725772775709629,0.0017081174300983548,0.0023683265317231417,0.0016631323378533125,0.0072881379164755344,0.0037091115955263376,0.0024633335415273905]","[0.0017863918328657746,0.8388840556144714,0.017564795911312103,0.027765991166234016,0.00458947941660881,0.0058271558955311775,0.010569714941084385,0.039531465619802475,0.02012873813509941,0.03335222229361534]","[0.007802209351211786,0.5862306952476501,0.012637208215892315,0.020856089890003204,0.004317437764257193,0.006226853001862764,0.009621835313737392,0.3198380470275879,0.018789559602737427,0.013680046424269676]","[0.0011479449458420277,0.8564943671226501,0.04890267923474312,0.048256419599056244,0.002209001686424017,0.006600199267268181,0.0035443108063191175,0.0142245227470994,0.009094434790313244,0.009526161476969719]",
"[0.016121361404657364,0.0017444574041292071,0.09888961911201477,0.057196639478206635,0.00024466097238473594,0.7875171303749084,0.0007849665707908571,0.0008052243501879275,0.032345447689294815,0.004350447095930576]","[0.02946833334863186,0.003463706001639366,0.011492053978145123,0.2875145375728607,0.0006856195395812392,0.5104882717132568,0.000937634555157274,0.002572643104940653,0.15069469809532166,0.002682489575818181]","[0.02688441425561905,0.0017072190530598164,0.01589164137840271,0.258219450712204,0.00048017140943557024,0.6520619988441467,0.002079092664644122,0.001659367117099464,0.03638279810547829,0.004633842967450619]",,,
"[3.230541915399954e-05,0.9951339364051819,0.00030134725966490805,0.0005102144787088037,5.266610605758615e-05,0.0015774560160934925,0.0013262031134217978,0.00010547066631261259,0.0008545711752958596,0.00010580907110124826]","[0.0005756494356319308,0.8963444232940674,0.03919275850057602,0.004183497745543718,0.0003869998035952449,0.00927661545574665,0.00805007666349411,0.005641715135425329,0.0343104749917984,0.0020377738401293755]","[3.82937905669678e-05,0.9955509901046753,0.00032152654603123665,0.0017748503014445305,7.997965440154076e-05,0.001028773607686162,0.0007463752408511937,0.00010894777369685471,0.0002964726008940488,5.381103983381763e-05]","[0.000436728703789413,0.9263693690299988,0.008247793652117252,0.012783677317202091,0.0012177260359749198,0.014157253317534924,0.020201267674565315,0.0015087125357240438,0.010144712403416634,0.00493280915543437]","[0.0013479414628818631,0.9176462292671204,0.0142419608309865,0.007366100326180458,0.0003742441185750067,0.0051830001175403595,0.027331756427884102,0.009816677309572697,0.014441226609051228,0.002250874415040016]",
,,,,,
"[0.10459542274475098,0.09466052055358887,0.26366961002349854,0.01875898987054825,0.03434915468096733,0.08171211183071136,0.28148844838142395,0.04783520847558975,0.024742254987359047,0.048188284039497375]","[0.0022397050634026527,0.0006309403106570244,0.9713835716247559,0.001512728980742395,0.00052590825362131,0.000260430620983243,0.0027932082302868366,0.016109952703118324,0.004130858462303877,0.0004127287247683853]","[0.145114466547966,0.04468543827533722,0.1876903772354126,0.18157102167606354,0.06189408898353577,0.022647662088274956,0.22567136585712433,0.11288400739431381,0.01351136527955532,0.004330208990722895]","[0.03544778376817703,0.02251284010708332,0.09094252437353134,0.03442763909697533,0.2667054831981659,0.07826452702283859,0.3259377181529999,0.07757383584976196,0.052221011370420456,0.015966564416885376]","[0.11912085115909576,0.02038607746362686,0.08121511340141296,0.17785155773162842,0.04906102269887924,0.4368983805179596,0.07272258400917053,0.03053368628025055,0.007581848651170731,0.004628813825547695]","[0.3708091378211975,0.0019718490075320005,0.020582793280482292,0.009788949973881245,0.0029417991172522306,0.001190848182886839,0.03297874704003334,0.5198000073432922,0.033111538738012314,0.00682431273162365]"
"[9.006143955048174e-05,0.9739887714385986,0.004239077214151621,0.0013989642029628158,0.00015565482317470014,0.0015476022381335497,0.0012295451015233994,0.0019780886359512806,0.013397155329585075,0.0019751591607928276]","[8.384186912735458e-06,0.998397171497345,4.414565410115756e-05,0.0008968921611085534,3.339679096825421e-05,0.0001719746651360765,0.00013160353410057724,9.431130456505343e-05,0.0001662053109612316,5.592872912529856e-05]","[6.090440001571551e-05,0.9892551898956299,0.0007245221058838069,0.004066146444529295,0.00013604243576992303,0.0015309919835999608,0.0013286730973049998,0.0005503427237272263,0.0016351096564903855,0.0007120942464098334]","[9.32137481868267e-05,0.9560981392860413,0.001314328401349485,0.0033621976617723703,0.0017225479241460562,0.012243476696312428,0.0033326572738587856,0.0007714338134974241,0.007903505116701126,0.0131584033370018]","[0.00018552978872321546,0.9765989780426025,0.002373277908191085,0.001951677491888404,0.00010514281166251749,0.0009070794912986457,0.003669225610792637,0.004860264249145985,0.007302075624465942,0.0020467883441597223]",
"[0.0008278907043859363,0.001999519532546401,0.0007091809529811144,0.006406900938600302,9.997783490689471e-05,0.9672383666038513,0.000847809249535203,7.715921128692571e-06,0.020182080566883087,0.0016806030180305243]","[0.0027140097226947546,0.0004690425703302026,0.024660658091306686,0.018659021705389023,0.0001564925187267363,0.30260786414146423,0.001047830330207944,0.0003073137195315212,0.6488164067268372,0.0005613621906377375]","[0.002049395116046071,0.011048822663724422,0.0011462090769782662,0.3116818964481354,0.00103867263533175,0.6568204760551453,0.0014320979826152325,2.862184919649735e-05,0.014470904134213924,0.00028290337650105357]","[0.0025706554297357798,0.002019858919084072,0.006416815333068371,0.5690782070159912,0.0005105615127831697,0.2556288540363312,0.009208877570927143,0.00016168635920621455,0.1496211141347885,0.004783343058079481]","[0.00034281107946299016,0.00017010667943395674,0.0002947533503174782,0.005532513372600079,0.0006509922677651048,0.973047137260437,0.001123183872550726,6.249134912650334e-06,0.016901984810829163,0.0019303510198369622]",
,,,,,
,,,,,
"[8.220730524044484e-05,0.9891868233680725,0.002476159017533064,0.0012698841746896505,0.00012031164078507572,0.0007807195652276278,0.0012567646335810423,0.001226890250109136,0.002952836686745286,0.0006474290858022869]","[5.971872451482341e-05,0.9929993152618408,0.0009781175758689642,0.0011637104908004403,0.00023650182993151248,0.002182715805247426,0.001136966166086495,0.000436939240898937,0.0005388938006944954,0.0002670428657438606]","[0.0007828927482478321,0.9314228296279907,0.00803943071514368,0.008419892750680447,0.0008022959227673709,0.0047643291763961315,0.010631746612489223,0.008711115457117558,0.016416477039456367,0.010008931159973145]","[0.00027636068989522755,0.9653146862983704,0.011389355175197124,0.0019260079134255648,0.0001798790181055665,0.0013419492170214653,0.010257127694785595,0.004486857447773218,0.003439435036852956,0.001388262608088553]","[0.00012581420014612377,0.9749159812927246,0.009855194017291069,0.0064548286609351635,0.00023730423708911985,0.0021734514739364386,0.0010459385812282562,0.0006789935287088156,0.0037883154582232237,0.0007241471903398633]",
"[2.0508854504441842e-05,7.0458136178785935e-06,0.001010729349218309,0.00011411964806029573,0.0028551225550472736,8.719589459360577e-06,9.411693099536933e-06,0.0161485206335783,0.0005616852431558073,0.9792640805244446]","[5.390692240325734e-05,8.091384370345622e-05,0.00043084510252811015,0.0013108736602589488,0.10560540854930878,4.811005783267319e-05,2.3019530999590643e-05,0.0209939107298851,0.0002009897871175781,0.8712521195411682]","[8.869077987583296e-07,4.304228866658377e-07,2.5707169697852805e-05,4.89695266878698e-05,0.0029103439301252365,3.69580925507762e-06,3.808463816312724e-06,0.0004591373144648969,1.695933133305516e-05,0.9965301156044006]","[5.999392305966467e-05,4.285117029212415e-06,0.00038861215580254793,0.00021801723050884902,0.002095269039273262,4.5979350034031086e-06,3.533166091074236e-05,0.039127498865127563,0.0002398709038970992,0.9578266143798828]","[0.00018864151206798851,1.4889727935951669e-05,0.001735640107654035,0.0005349784623831511,0.011018694378435612,3.363756331964396e-05,4.967656059307046e-05,0.10216175019741058,0.00041710020741447806,0.8838449716567993]",
"[9.184522787109017e-05,0.8177333474159241,0.03409586846828461,0.010782253928482533,0.0014147284673526883,0.04282635822892189,0.0034657565411180258,0.0019151483429595828,0.08206989616155624,0.005604804493486881]","[3.8899896026123315e-05,0.9567335247993469,0.001055432134307921,0.010500133968889713,0.001111186807975173,0.0200431440025568,0.0010652998462319374,0.0005178110441192985,0.008663552813231945,0.0002710122789721936]","[8.837260975269601e-05,0.21563555300235748,0.013273595832288265,0.6898454427719116,0.0014001739909872413,0.017304424196481705,0.02893165685236454,0.0011329205008223653,0.010913190431892872,0.02147470973432064]",,,
"[0.0027300065848976374,0.0015039556892588735,0.05773717537522316,0.0005756995524279773,0.006682679057121277,0.00395217165350914,0.9114643931388855,0.0010999051155522466,0.01069553941488266,0.0035584440920501947]","[0.00040678525692783296,0.0008763995720073581,0.0020377638284116983,0.0007660918054170907,0.007781052030622959,0.00091786083066836,0.986299455165863,4.044145316584036e-05,0.0002323093794984743,0.0006419132114388049]","[0.0008321970235556364,0.0001548521249787882,0.0019817459397017956,9.718848741613328e-05,0.003791016759350896,0.0009469731012359262,0.9903733730316162,0.00014375818136613816,0.0008752650464884937,0.0008036461658775806]","[0.003137384308502078,0.002073290990665555,0.13775599002838135,0.016962775960564613,0.038006290793418884,0.013091148808598518,0.7699270844459534,0.0003897294809576124,0.01618598960340023,0.002470343606546521]",,
,,,,,
"[0.0126936761662364,0.022219480946660042,0.0037984184455126524,0.011187375523149967,0.0013599001104012132,0.74599689245224,0.0020490246824920177,0.0017208366189152002,0.19562716782093048,0.0033472017385065556]","[0.009701506234705448,0.008701616898179054,0.0015828395262360573,0.01811174489557743,0.0019074580632150173,0.9018804430961609,0.0038374848663806915,0.0009171402198262513,0.04945484548807144,0.0039049761835485697]","[0.01394160557538271,0.004371620714664459,0.001737952814437449,0.00490366667509079,0.0015238336054608226,0.7782809734344482,0.00594299053773284,0.001953283092007041,0.17686045169830322,0.010483702644705772]",,,
"[0.0003484578337520361,9.997655979532283e-06,0.00012154656724305823,0.0020782887004315853,7.898210606072098e-05,0.9550313949584961,6.736579962307587e-06,0.0036801269743591547,0.03529788553714752,0.003346489043906331]","[0.00020888358994852751,4.2293238948332146e-05,1.3768290045845788e-05,0.01376890204846859,0.00010694420780055225,0.9824578166007996,3.7967581647535553e-06,0.001138767576776445,0.0018304792465642095,0.0004283550661057234]","[0.0004211259656585753,2.591390693851281e-05,0.00010512492008274421,0.10303516685962677,0.00020546434097923338,0.848845362663269,4.325639383750968e-05,0.00988645851612091,0.01233073603361845,0.025101350620388985]","[0.0001623643038328737,1.6861154108482879e-06,8.375211109523661e-06,0.0009695197222754359,9.742271504364908e-05,0.9851171970367432,3.760924528251053e-06,0.0008697891025803983,0.010068054310977459,0.002701961202546954]","[0.0011459620436653495,1.8325576093047857e-05,0.0001265308092115447,0.00925149954855442,0.00012907500786241144,0.9446492195129395,5.226798020885326e-05,0.02398633025586605,0.011763224378228188,0.008877619169652462]","[5.047655213274993e-05,5.65870186619577e-06,0.00012429451453499496,0.029064390808343887,0.00010416281293146312,0.9655828475952148,1.7515134231871343e-06,0.0001665018789935857,0.00459683034569025,0.00030310259899124503]"
"[0.0005665488424710929,0.9359970688819885,0.015264847315847874,0.007851662114262581,0.0004940258804708719,0.005717854481190443,0.003346469020470977,0.005942337680608034,0.02068372257053852,0.004135355353355408]","[0.0002041811094386503,0.9750998020172119,0.0011809981660917401,0.015795229002833366,0.0002947740722447634,0.0027945947367697954,0.0014534416841343045,0.0011013814946636558,0.0011498142266646028,0.0009258654899895191]","[0.0008158019045367837,0.9367185831069946,0.00551515631377697,0.011808832176029682,0.0009495651465840638,0.00798790156841278,0.006065324414521456,0.008320330642163754,0.015627073124051094,0.006191440857946873]","[0.0006157337920740247,0.9335067272186279,0.008496752940118313,0.030973859131336212,0.0008498803363181651,0.0066589172929525375,0.0029151684138923883,0.004506192170083523,0.008933333680033684,0.002543505048379302]",,
"[3.739097519428469e-05,0.8153197765350342,0.009666813537478447,0.05989225208759308,0.0031637006904929876,0.07363881915807724,0.0020050578750669956,0.0012278832728043199,0.015040656551718712,0.020007697865366936]","[5.002594662073534e-06,0.006964166183024645,0.9744439721107483,0.013929189182817936,0.00011631032248260453,0.0014675980200991035,0.0001998717780224979,0.0006599953048862517,0.0020976578816771507,0.00011624689068412408]","[4.634763899957761e-05,0.6088001728057861,0.012610659003257751,0.2963634133338928,0.006392982788383961,0.017930543050169945,0.0012457451084628701,0.005848989821970463,0.048473943024873734,0.0022872011177241802]",,,
"[0.00013285373279359192,0.9873493313789368,0.001340904738754034,0.0021504478063434362,0.00016135096666403115,0.003403615904971957,0.001253821304999292,0.0005104895099066198,0.0017211402300745249,0.0019759710412472486]","[0.0008601014851592481,0.7924850583076477,0.13430476188659668,0.015124999918043613,0.0006200927309691906,0.003805573098361492,0.005027459934353828,0.01214453112334013,0.030975090339779854,0.004652389790862799]","[0.00017951542395167053,0.9852492213249207,0.0012664562091231346,0.007322350516915321,0.0002389578294241801,0.0014286363730207086,0.0009277532808482647,0.0010735314572229981,0.0019484004005789757,0.00036511942744255066]",,,
"[0.07418453693389893,0.010748732835054398,0.009015565738081932,0.0024520372971892357,0.008530334569513798,0.6718669533729553,0.006042325869202614,0.051576461642980576,0.15445689857006073,0.011126232333481312]","[0.08614388853311539,0.0368550680577755,0.0037482264451682568,0.02176341414451599,0.022892775014042854,0.7665412425994873,0.012887735851109028,0.01710369996726513,0.023083297535777092,0.008980716578662395]",,,,
"[0.00016968237468972802,0.9802358150482178,0.0008205682970583439,0.0023240111768245697,0.0003654542670119554,0.007931466214358807,0.0013029747642576694,0.0006223841919563711,0.0033203335478901863,0.0029073962941765785]","[0.00034220199449919164,0.9635448455810547,0.0029853880405426025,0.010615360923111439,0.0006683598621748388,0.005467842798680067,0.0018878995906561613,0.0032619887497276068,0.009581220336258411,0.0016448958776891232]","[0.0003363708092365414,0.96242356300354,0.0011340347118675709,0.005388305988162756,0.000649305758997798,0.024784991517663002,0.0018497977871447802,0.0009210593998432159,0.0018969932571053505,0.0006155865848995745]","[0.0009986471850425005,0.8011777400970459,0.008558732457458973,0.10491140931844711,0.001510698115453124,0.014832104556262493,0.013925920240581036,0.00735433679074049,0.027164790779352188,0.019565647467970848]","[0.000237970074522309,0.9803413152694702,0.000552913814317435,0.00418485002592206,0.0007394621497951448,0.0020039291121065617,0.0009409112390130758,0.004402742721140385,0.005843665916472673,0.0007522184168919921]","[0.001975360093638301,0.8740561604499817,0.006834192667156458,0.018436798825860023,0.0024416297674179077,0.025785356760025024,0.012485620565712452,0.015786705538630486,0.02818245254456997,0.014015733264386654]"
"[5.855873041582527e-06,0.9957990050315857,0.001025069854222238,0.00036411144537851214,0.00013272133946884423,3.8049496652092785e-05,0.0002927558380179107,0.0008964378503151238,0.0012207406107336283,0.00022524638916365802]","[1.3812744327879045e-05,0.9925242066383362,0.001551142893731594,0.0019482781644910574,0.0002626138739287853,0.00010662983549991623,0.0012676658807322383,0.0010465324157848954,0.0007677198736928403,0.0005113990046083927]","[9.210394637193531e-05,0.9654492735862732,0.0028755846433341503,0.0017266321228817105,0.0019493597792461514,0.00037113926373422146,0.002745797159150243,0.00800769217312336,0.01019143033772707,0.006591003853827715]","[1.7976259186980315e-05,0.9839152097702026,0.009980232454836369,0.0009739983361214399,0.00014550449850503355,8.10228448244743e-05,0.0012696339981630445,0.002062529791146517,0.0012133247219026089,0.0003404758754186332]",,
"[0.01280723512172699,0.002303909044712782,0.30890384316444397,0.43007585406303406,0.000373245362425223,0.17046236991882324,0.003547948319464922,0.024663202464580536,0.03995560109615326,0.006906779017299414]","[0.0005776082980446517,0.0012740035308524966,0.002953604329377413,0.9836784601211548,0.0001407365925842896,0.009675526060163975,0.00044258899288251996,0.0006437498377636075,0.0002627413487061858,0.00035095089697279036]","[0.0005026197177357972,0.0003723670379258692,0.005704279989004135,0.21767471730709076,0.005332604516297579,0.7400673031806946,0.002523020375519991,0.0006178998737595975,0.004808533936738968,0.022396698594093323]","[0.38421767950057983,0.0007823089836165309,0.014637386426329613,0.31991952657699585,0.00039801225648261607,0.05831113085150719,0.0012190311681479216,0.07987765967845917,0.1393059939146042,0.0013312587980180979]",,
"[0.0023093954659998417,0.0014474689960479736,0.0015657090116292238,0.0002659823512658477,0.0010332698002457619,0.036983899772167206,0.9542238116264343,7.735307008260861e-06,0.0018129149684682488,0.00034987099934369326]","[0.013444315642118454,0.0008592450176365674,0.1778111457824707,0.0018108172807842493,0.001520207617431879,0.02355363219976425,0.7453686594963074,0.00014479929814115167,0.0352853424847126,0.0002018426894210279]","[0.003928772173821926,0.006483571138232946,0.0011703931959345937,0.005512357223778963,0.004257645923644304,0.02677035890519619,0.9504193067550659,2.115097413479816e-05,0.001381587004289031,5.4887721489649266e-05]","[0.003228762885555625,0.0005895924987271428,0.0035400877241045237,0.004869222640991211,0.05150439217686653,0.024091005325317383,0.9088404178619385,1.7567499526194297e-05,0.003158471779897809,0.00016052674618549645]","[0.006450671702623367,0.0005523941363207996,0.0009246596018783748,0.00025194082991220057,0.0010896488092839718,0.04737607389688492,0.9431253671646118,4.797411293111509e-06,0.000212885468499735,1.154560231952928e-05]",
"[2.9412177582344157e-07,0.9998363256454468,7.254105184983928e-06,1.7156055037048645e-05,1.1169253184561967e-06,2.8066235245205462e-05,4.0092028939398006e-05,2.298790832355735e-06,6.325088907033205e-05,4.133221409574617e-06]","[1.4181116057443433e-05,0.9890376925468445,0.0033607108052819967,0.00028337654657661915,2.4851373382261954e-05,0.0003951875842176378,0.000417574483435601,0.00030230593984015286,0.006013293284922838,0.00015082805475685745]","[2.650200940479408e-06,0.9988605976104736,8.120894926832989e-05,0.0006398690165951848,7.590075256302953e-06,7.442010246450081e-05,0.00016505311941727996,1.8978600564878434e-05,0.00012587870878633112,2.3775910449330695e-05]","[3.2650696084601805e-05,0.9924212098121643,0.0009488651994615793,0.0006130997790023685,5.622606477118097e-05,0.0004546461277641356,0.0019337197300046682,0.0004074694588780403,0.0027720120269805193,0.000360015663318336]","[7.439442924805917e-06,0.9986612796783447,0.0003541444311849773,0.00025531198480166495,4.98365307066706e-06,0.0002330784482182935,6.602748908335343e-05,2.9909419026807882e-05,0.00036015527439303696,2.7560601665754803e-05]",
"[0.0001345485361525789,0.978293240070343,0.005085734650492668,0.0012292758328840137,0.00014304339129012078,0.006459019146859646,0.003318816889077425,0.0007017628522589803,0.003988741431385279,0.0006458335556089878]","[0.00016964128008112311,0.9827004075050354,0.00069006736157462,0.001987246796488762,0.00019321279251016676,0.00685941893607378,0.002229852369055152,0.0006741824909113348,0.004211114253848791,0.00028474073042161763]",,,,
"[7.678290785406716e-06,0.9913056492805481,0.005680397618561983,0.00042618915904313326,1.7298132661380805e-05,0.0009459536522626877,0.0006157492753118277,7.097525667631999e-05,0.0008600156870670617,7.010623812675476e-05]","[4.487341357162222e-06,0.9969984292984009,0.000236490202951245,0.0007479669875465333,2.152671368094161e-05,0.000371482950868085,0.0002555764513090253,8.908349991543218e-05,0.001260492135770619,1.4389074749487918e-05]","[1.627340134291444e-05,0.9916383624076843,0.001069899881258607,0.002835822058841586,5.772007716586813e-05,0.001486421562731266,0.001677233725786209,0.00012343915295787156,0.001029099803417921,6.579887121915817e-05]","[3.7565423554042354e-05,0.9832503199577332,0.0033835782669484615,0.0013688062317669392,0.00012356301886029541,0.002398676937445998,0.004023098852485418,0.000448896229499951,0.004685785621404648,0.000279720698017627]","[4.2282419599359855e-05,0.9801320433616638,0.0072019100189208984,0.00541582889854908,0.00010029674740508199,0.0030103565659374,0.0015186741948127747,0.0003944752097595483,0.0020748660899698734,0.00010929657582892105]",
"[5.5807260650908574e-05,0.00044384089414961636,0.014719059690833092,0.7050193548202515,0.0002967562759295106,0.27163347601890564,4.845641888095997e-05,3.058166475966573e-05,0.006941654719412327,0.0008110613562166691]","[2.526211756048724e-05,0.0004874904698226601,0.0004411722475197166,0.933080792427063,0.00017401414515916258,0.05357424542307854,9.502375178271905e-06,2.6165438612224534e-05,0.012095385231077671,8.605751645518467e-05]","[4.483156590140425e-05,0.0002262416819576174,0.0004580983950290829,0.40373489260673523,0.00048574001993983984,0.594247579574585,2.30408495554002e-05,9.84131565928692e-06,0.0007257016259245574,4.399170938995667e-05]","[4.592084223986603e-06,3.2784093491500244e-05,0.00038220759597606957,0.9885242581367493,2.610808951430954e-05,0.009947876445949078,2.0588538973242976e-05,1.0815461791935377e-05,0.0007616605726070702,0.0002890725154429674]","[1.856051676440984e-05,7.213748176582158e-05,0.0004025142698083073,0.2041795253753662,0.0014260764000937343,0.7847241163253784,5.909391984459944e-05,1.355286076432094e-05,0.007587014231830835,0.0015174461295828223]",
"[0.0002694936119951308,0.9682443737983704,0.0012057875283062458,0.0026968540623784065,0.0004705977044068277,0.015125622972846031,0.002354260068386793,0.0007795974379405379,0.00622500479221344,0.0026284714695066214]","[0.00058985676150769,0.9474701285362244,0.0037366915494203568,0.011060981079936028,0.000832358724437654,0.016401976346969604,0.0046625505201518536,0.003098678309470415,0.010365111753344536,0.0017815768951550126]","[0.0025745071470737457,0.8096744418144226,0.006645185872912407,0.015644893050193787,0.0033170743845403194,0.06201191991567612,0.012109033763408661,0.01237550750374794,0.06277377158403397,0.012873590923845768]","[0.0007141234236769378,0.940743625164032,0.008375396952033043,0.008044920861721039,0.0006563140777871013,0.014119681902229786,0.014857473783195019,0.003936117980629206,0.006576530169695616,0.001975728664547205]","[0.0007194968638941646,0.9055527448654175,0.01077951304614544,0.027662651613354683,0.001610172213986516,0.02708481065928936,0.003584725083783269,0.002210484817624092,0.018993685021996498,0.001801682054065168]",
"[0.0007173607591539621,0.9497475028038025,0.012062979862093925,0.0069230846129357815,0.001030414248816669,0.0072097619995474815,0.007022908888757229,0.004395040217787027,0.009028574451804161,0.0018623103387653828]","[0.0012674765894189477,0.9164285063743591,0.01512532401829958,0.01995653472840786,0.0016232242342084646,0.013717413879930973,0.016151821240782738,0.00489646615460515,0.007646741811186075,0.0031864680349826813]",,,,
"[3.2862084481166676e-05,0.9787351489067078,0.0038836474996060133,0.00043292224290780723,0.00014953645586501807,0.0016443866770714521,0.002581085078418255,0.0006549715762957931,0.011367729865014553,0.0005176439299248159]","[9.431940270587802e-06,0.9968630075454712,0.00021527228818740696,0.0007499441271647811,5.062596028437838e-05,0.00044756720308214426,0.0009113159612752497,6.83813268551603e-05,0.0005910925683565438,9.3409966211766e-05]","[9.340784163214266e-05,0.9724502563476562,0.0026428012643009424,0.00093310751253739,0.00036729630664922297,0.0027327886782586575,0.008867306634783745,0.0008306990494020283,0.00972934439778328,0.0013529625721275806]","[3.4505555959185585e-05,0.977922797203064,0.011830992996692657,0.0006609803531318903,0.00010253605432808399,0.004107448738068342,0.0018195918528363109,0.00017851883603725582,0.0030561555176973343,0.00028646146529354155]",,
"[0.012982351705431938,0.0033043348230421543,0.014835392124950886,0.05019814893603325,0.0072629572823643684,0.8022098541259766,0.009733826853334904,0.0033029846381396055,0.08813253045082092,0.008037569932639599]","[0.007197148632258177,0.02362874150276184,0.004711567889899015,0.4599059820175171,0.028704514726996422,0.4401962459087372,0.008422207087278366,0.0019556519109755754,0.021955035626888275,0.0033228867687284946]","[0.009781048633158207,0.0014528916217386723,0.0013524306705221534,0.01527862623333931,0.0035396043676882982,0.9613516330718994,0.003338543465360999,0.000380928919184953,0.0029642877634614706,0.0005600125878117979]","[0.009422975592315197,0.0051008546724915504,0.011950000189244747,0.3248395621776581,0.013247259892523289,0.5231189131736755,0.032924674451351166,0.004140699747949839,0.048791926354169846,0.026463190093636513]",,
"[0.00017401120567228645,0.9429929852485657,0.023686952888965607,0.00904487818479538,0.0009031945373862982,0.001954529667273164,0.0019320894498378038,0.00738880131393671,0.0035613388754427433,0.008361241780221462]","[0.00014048017328605056,0.9711939096450806,0.002139926888048649,0.010559686459600925,0.0009931119857355952,0.0010201341938227415,0.0010624902788549662,0.0060950992628932,0.004303927533328533,0.002491285325959325]","[0.00017593028314877301,0.9754025340080261,0.002518649445846677,0.008605035953223705,0.0020196810364723206,0.004072083625942469,0.0014591817744076252,0.002846522955223918,0.0010472297435626388,0.0018531371606513858]",,,
"[3.4425102057866752e-06,0.9985722303390503,0.00016669945034664124,8.408716530539095e-05,1.7362579455948435e-05,0.00013026493252255023,0.00019303792214486748,5.798271740786731e-05,0.0007317113922908902,4.326022099121474e-05]","[5.46410919923801e-05,0.9847514033317566,0.001018601469695568,0.00047195228398777544,0.00010078387276735157,0.0006525783101096749,0.0039644851349294186,0.000571060401853174,0.007577372249215841,0.0008371248841285706]","[8.314527804031968e-06,0.9880544543266296,0.0023136797826737165,0.0015099105658009648,0.00010424445645185187,0.00040637742495164275,0.00040491390973329544,7.208485476439819e-05,0.0070156822912395,0.00011040848767152056]",,,
"[3.534278948791325e-05,0.9937279224395752,0.0011091941269114614,0.0003859450516756624,0.0001860139745986089,0.0005650266539305449,0.0010861502960324287,0.0004152964102104306,0.00151260185521096,0.0009765015565790236]","[0.00039733186713419855,0.7874540090560913,0.11830517649650574,0.0033831833861768246,0.0009051320957951248,0.0013380934251472354,0.005416996777057648,0.020174816250801086,0.060485318303108215,0.0021399909164756536]","[2.9977294616401196e-05,0.9954890608787537,0.0007784637855365872,0.0011297604069113731,0.0002508420147933066,0.000393924827221781,0.0006930928793735802,0.00042011294863186777,0.0006963326595723629,0.0001185006694868207]","[0.00029619797714985907,0.9150828123092651,0.023123670369386673,0.020589416846632957,0.0012855270178988576,0.0012889605714008212,0.013913209550082684,0.00630074692890048,0.013739096000790596,0.004380351863801479]","[0.0005927032325416803,0.9254240393638611,0.010800261981785297,0.004182677250355482,0.002339990111067891,0.002781482180580497,0.007882921025156975,0.0113987373188138,0.028968965634703636,0.0056282221339643]","[0.00012228275591041893,0.9636964797973633,0.017078092321753502,0.001881919102743268,0.0003383378207217902,0.0006418448174372315,0.009370842017233372,0.002843176946043968,0.0033482685685157776,0.0006787464371882379]"
"[3.0015953598194756e-05,0.9758337140083313,0.004233321640640497,0.0004378352896310389,6.122815830167383e-05,0.00223374692723155,0.0016244803555309772,0.0002585116308182478,0.014990855939686298,0.0002963465522043407]","[1.3901773854740895e-05,0.9947642087936401,0.0002745330275502056,0.0007466803072020411,8.19902415969409e-05,0.0017875188495963812,0.0011024883715435863,4.9705417040968314e-05,0.0010579255176708102,0.00012094109115423635]","[5.431893077911809e-05,0.9859113693237305,0.001962742069736123,0.000717701215762645,5.861933823325671e-05,0.0015422747237607837,0.0039209588430821896,0.0004930837894789875,0.0051536099053919315,0.00018532437388785183]","[2.843522815965116e-05,0.9750316739082336,0.004430288448929787,0.006327720358967781,0.00016267823230009526,0.0026784923393279314,0.0010849462123587728,0.00011204557085875422,0.009979929774999619,0.00016378925647586584]",,
"[0.00010198171366937459,0.9730311036109924,0.013109106570482254,0.001534446724690497,0.00025031305267475545,0.0007253665244206786,0.002279281383380294,0.002456046873703599,0.005019288044422865,0.0014932506019249558]","[5.0180457037640736e-05,0.9935826659202576,0.0009286556160077453,0.002057106466963887,0.00016306870384141803,0.00033746191184036434,0.0006542775081470609,0.0009466876508668065,0.0010951370932161808,0.00018479532445780933]","[0.00023871111625339836,0.97295081615448,0.005739296320825815,0.00992831401526928,0.00035083541297353804,0.0016131544252857566,0.0053383284248411655,0.0012723569525405765,0.0012508617946878076,0.0013173171319067478]","[0.00021041394211351871,0.9715011119842529,0.0036551824305206537,0.00265808985568583,0.0014763370854780078,0.0036941987928003073,0.004154301714152098,0.002259370870888233,0.00709022069349885,0.003300765296444297]","[0.0033831277396529913,0.7592245936393738,0.014793077483773232,0.00875286664813757,0.001048584934324026,0.001593477325513959,0.010061041451990604,0.14352984726428986,0.04475227743387222,0.012861090712249279]",
"[3.1552142900181934e-05,0.99408358335495,0.0013218066887930036,0.0003602601937018335,2.7039763153879903e-05,0.0009699199581518769,0.0005436113569885492,0.0002310773270437494,0.002185343997552991,0.00024577861768193543]","[0.0006130735855549574,0.6538210511207581,0.0014014308108016849,0.0016727292677387595,0.00035430240677669644,0.00947727169841528,0.0018045373726636171,0.013565942645072937,0.3153062164783478,0.001983429305255413]","[4.172725766693475e-06,0.9992896318435669,9.908187166729476e-06,0.0003779023536480963,9.387433237861842e-06,0.00015297303616534919,4.973004251951352e-05,1.3545649380830582e-05,8.299386536236852e-05,9.792369382921606e-06]",,,
"[0.00010906309762503952,0.9747549891471863,0.008758320473134518,0.0008709102985449135,0.00021233665756881237,0.0008455078350380063,0.0019033100688830018,0.0033849049359560013,0.008520323783159256,0.0006403758889064193]","[1.3204657079768367e-05,0.9982472658157349,0.00019729080668184906,0.0006569846882484853,6.975969881750643e-05,0.00018874532543122768,0.0002712637360673398,0.00014196708798408508,0.00017166930774692446,4.186973092146218e-05]","[0.00019014391000382602,0.9622205495834351,0.008649667724967003,0.011619746685028076,0.0003009984502568841,0.0007462348439730704,0.007452249061316252,0.0032566231675446033,0.0037970892153680325,0.001766545814462006]","[0.00015457253903150558,0.9743936061859131,0.0033876504749059677,0.0022378533612936735,0.001372584025375545,0.0038375724107027054,0.00524830911308527,0.0010778503492474556,0.005442303139716387,0.002847684547305107]","[0.0004249057383276522,0.9620071649551392,0.008184115402400494,0.0018824965227395296,0.0002333470620214939,0.0007325588958337903,0.00809127651154995,0.010510112158954144,0.006855159532278776,0.001078869216144085]",
"[0.001513457391411066,0.00019260941189713776,0.03635381534695625,5.863340993528254e-05,0.0015555352438241243,0.003870178246870637,0.9513140916824341,3.8921287341509014e-05,0.004234678111970425,0.0008680422906763852]","[0.0004627169400919229,0.0005246846121735871,0.0009695004555396736,0.00018000660929828882,0.004181094467639923,0.002518785186111927,0.9908115863800049,8.774031812208705e-06,0.0002344115637242794,0.00010845011274795979]","[0.0003344699216540903,2.2742065993952565e-05,0.0008628150098957121,5.296333984006196e-05,0.016607055440545082,0.00123756960965693,0.9804697632789612,4.743753834191011e-06,0.0002545061579439789,0.00015337718650698662]","[0.0003006523475050926,1.1881450518558268e-05,0.0008130358182825148,6.370781920850277e-05,0.0004021960776299238,0.0006083233165554702,0.9976435303688049,8.46504008222837e-07,2.256286097690463e-05,0.00013317605771590024]",,
"[2.5741472200024873e-05,0.9868515133857727,0.006105107255280018,0.001978882122784853,0.0002787775592878461,0.0005779342027381063,0.001069788821041584,0.0012108321534469724,0.0008098480757325888,0.0010915399761870503]","[1.5367621017503552e-05,0.9952775239944458,0.00037785174208693206,0.0020041398238390684,0.0002958461409434676,0.00033316368353553116,0.0004353979311417788,0.0005521290586329997,0.0004879895714111626,0.00022073573200032115]","[5.538352343137376e-05,0.960206925868988,0.0037839398719370365,0.020626064389944077,0.000932405237108469,0.00057826261036098,0.003528659464791417,0.0038019767962396145,0.002804975723847747,0.0036814368795603514]","[0.00020562679856084287,0.9498457908630371,0.0037632391322404146,0.00845261663198471,0.003901716321706772,0.0028278017416596413,0.004410697612911463,0.009068233892321587,0.005339391529560089,0.01218478661030531]","[4.333300967118703e-05,0.9839104413986206,0.0051769083365798,0.00259571080096066,0.0003754247445613146,0.0004884660011157393,0.002969125285744667,0.0025328379124403,0.001013325061649084,0.000894364551641047]","[8.185612387023866e-05,0.7564407587051392,0.13520768284797668,0.0959073081612587,0.0007489576819352806,0.002966139931231737,0.0020732434932142496,0.002143356716260314,0.0017478943336755037,0.002682893304154277]"
"[3.44246655004099e-05,3.243534592911601e-05,0.0009864321909844875,0.00047338701551780105,0.9730878472328186,0.0008736067684367299,0.0002652851981110871,0.0009358013630844653,0.000514217303134501,0.022796455770730972]","[1.262756541109411e-05,1.2702402273134794e-05,5.9427155065350235e-05,0.00025311505305580795,0.9959820508956909,0.00016367949137929827,6.406963802874088e-05,0.0007141781388781965,0.00040494449785910547,0.002333243377506733]","[5.8862742662313394e-06,2.83498366115964e-06,3.853039743262343e-05,0.00018266540428157896,0.997983455657959,0.0001150150565081276,8.645297202747315e-05,0.0002760457282420248,0.00010140155063709244,0.0012075583217665553]","[5.287673957354855e-06,3.46455840372073e-06,3.7651334423571825e-05,0.00010109292634297162,0.9949347376823425,0.00032614252995699644,8.03008588263765e-05,0.00011252720287302509,9.425692405784503e-05,0.004304685164242983]",,
"[4.825807309316588e-07,0.9997685551643372,1.2410801900841761e-05,2.2340082068694755e-05,1.7422888731744024e-06,3.3765762054827064e-05,6.372356438077986e-05,5.105628588353284e-06,8.593477832619101e-05,5.999554559821263e-06]","[6.840663900220534e-06,0.9977918863296509,0.0004864915390498936,0.00048087508184835315,1.5828045434318483e-05,0.00011390326835680753,0.00029962387634441257,0.00012536614667624235,0.0006034451071172953,7.568239379907027e-05]","[2.5476991140749305e-05,0.9938516616821289,0.0010566622950136662,0.00041754834819585085,4.311965312808752e-05,0.0002825463598128408,0.001325972960330546,0.00050679303240031,0.002135315677151084,0.0003548242093529552]","[1.3207154552219436e-05,0.9951307773590088,0.0012506291968747973,0.0013925841776654124,3.459243453107774e-05,0.00026150079793296754,0.000335152872139588,0.0001948315475601703,0.0013068545376881957,7.995040505193174e-05]",,
"[0.0007910964777693152,0.5400294661521912,0.16579300165176392,0.04379022866487503,0.0187249593436718,0.018529672175645828,0.0013881692430004478,0.00580879021435976,0.2008363902568817,0.004308206960558891]","[0.00043280349927954376,0.8369149565696716,0.012685614638030529,0.0790979191660881,0.020551886409521103,0.012128721922636032,0.0007580726523883641,0.003166011068969965,0.03356170654296875,0.0007022548816166818]","[0.0007903240621089935,0.41873863339424133,0.04951585829257965,0.3368827998638153,0.031172309070825577,0.011487394571304321,0.003465987043455243,0.008229630067944527,0.13471545279026031,0.0050016348250210285]","[0.0009108192170970142,0.2958883047103882,0.03503299877047539,0.10163328051567078,0.2438998818397522,0.14104187488555908,0.0035254075191915035,0.0028783855959773064,0.1539296954870224,0.02125931717455387]","[0.0014524415601044893,0.5948814749717712,0.08187146484851837,0.09665068984031677,0.018842142075300217,0.012965980917215347,0.0033247065730392933,0.01899387501180172,0.1673966497182846,0.003620676463469863]","[0.002805196214467287,0.5501602292060852,0.1360442191362381,0.09161721169948578,0.025394679978489876,0.0387449637055397,0.0018194779986515641,0.016118329018354416,0.13523784279823303,0.00205792672932148]"
"[0.0001362014008918777,0.9793375730514526,0.004630335606634617,0.0014516100054606795,0.00026306387735530734,0.0018154809949919581,0.0022069867700338364,0.0017778283217921853,0.007310313638299704,0.0010705578606575727]","[2.199993650719989e-05,0.9965033531188965,0.00015541596803814173,0.001870892709121108,8.42907975311391e-05,0.0004011674609500915,0.000386764295399189,0.00018262703088112175,0.000313627504510805,7.977676432346925e-05]","[0.00010823171760421246,0.9854235053062439,0.001332709682174027,0.006846848409622908,0.0002238401648355648,0.0019203798146918416,0.002248652745038271,0.00040986345265991986,0.0009221708751283586,0.0005637028370983899]",,,
"[0.005316558293998241,0.014553588815033436,0.03494546189904213,0.03182533010840416,0.08581947535276413,0.7504903078079224,0.03902873769402504,0.004711647517979145,0.010241559706628323,0.023067371919751167]","[0.006693535950034857,0.020592311397194862,0.003154811216518283,0.03817432373762131,0.15160782635211945,0.730170488357544,0.027717195451259613,0.004381112288683653,0.012745593674480915,0.004762809723615646]","[0.004208261147141457,0.0031872449908405542,0.0030075630638748407,0.019320262596011162,0.1768261343240738,0.7197022438049316,0.03985006362199783,0.003607208840548992,0.015095775946974754,0.015195262618362904]","[0.01859283819794655,0.013321139849722385,0.018239054828882217,0.04905170947313309,0.10672838985919952,0.5188314318656921,0.22276358306407928,0.017401810735464096,0.016847075894474983,0.018222926184535027]",,
"[0.00011433701001806185,0.9765001535415649,0.010847590863704681,0.0028421757742762566,0.00017574738012626767,0.0009383984724991024,0.0008614895632490516,0.0027280072681605816,0.002783749718219042,0.002208386082202196]","[0.0008108469774015248,0.8413053750991821,0.010436946526169777,0.006335416808724403,0.001464790664613247,0.0039383345283567905,0.0024034022353589535,0.04682072997093201,0.07743165642023087,0.009052530862390995]",,,,
"[0.0007255716482177377,0.8975859880447388,0.024528171867132187,0.005752010736614466,0.0016581651289016008,0.0035221525467932224,0.0038021986838430166,0.030345939099788666,0.021652109920978546,0.010427775792777538]","[8.856929343892261e-05,0.9892065525054932,0.000790602876804769,0.005231679882854223,0.0005335781024768949,0.0005838804063387215,0.0005861815880052745,0.001784190651960671,0.0007047480903565884,0.0004899969790130854]","[0.0005723683279938996,0.9362049698829651,0.007581364829093218,0.02462574653327465,0.0014751075068488717,0.0036103485617786646,0.003804390551522374,0.012263302691280842,0.0033725688699632883,0.0064897616393864155]",,,
"[0.0007028710097074509,0.0015471584629267454,0.0088402284309268,0.007181881926953793,0.8278216123580933,0.003611232154071331,0.0017016349593177438,0.03500723838806152,0.0039386991411447525,0.10964743047952652]",,,,,
"[0.00014782141079194844,0.9677258729934692,0.009714865125715733,0.002535833278670907,0.0002365042018936947,0.0007425842341035604,0.0007626317674294114,0.005447280127555132,0.007681654300540686,0.00500486372038722]","[5.9199741372140124e-05,0.9914924502372742,0.0006232122541405261,0.003375725820660591,0.00017484388081356883,0.00025849344092421234,0.0002056252706097439,0.002013259567320347,0.0012886206386610866,0.0005086185410618782]",,,,
"[1.1753184480767231e-05,0.9966132044792175,0.00030530523508787155,0.00022533898300025612,2.299088919244241e-05,0.00038897711783647537,0.0007488715345971286,0.00015047763008624315,0.0014627493219450116,7.036358874756843e-05]","[1.6488653272972442e-05,0.9924851059913635,0.0016227278392761946,0.0001756712736096233,3.072880281251855e-05,0.0005222046747803688,0.0012861575232818723,0.00021029308845754713,0.003495585173368454,0.00015513510152231902]","[5.58315878151916e-06,0.9985865354537964,7.883649232098833e-05,0.0002886148286052048,1.248991975444369e-05,0.00015947916836012155,0.00026763140340335667,7.499793719034642e-05,0.000514842162374407,1.0991948329319712e-05]",,,
"[4.0568247641203925e-06,0.9974907636642456,0.0008875314379110932,0.00025327253388240933,4.911663563689217e-05,0.00020086645963601768,0.000323706743074581,0.00011351054854458198,0.00047418029862456024,0.00020297292212489992]","[3.468803470241255e-06,0.9981422424316406,0.00010352217213949189,0.0005377057823352516,5.334106754162349e-05,0.00012927516945637763,0.00019064624211750925,0.00011816583719337359,0.0006494675762951374,7.219138205982745e-05]",,,,
"[2.8962585929548368e-06,0.9953725934028625,0.0018347614677622914,8.790893480181694e-05,5.924269862589426e-05,0.00010152676986763254,0.0006223784293979406,0.00017512650811113417,0.0017028622096404433,4.053767042933032e-05]","[7.835206474737788e-07,0.9993734955787659,4.733973401016556e-05,0.00010132792522199452,5.194643381400965e-05,5.7308403484057635e-05,0.000200014139409177,3.259360892116092e-05,0.00013363250764086843,1.5961459212121554e-06]","[1.3536348888010252e-05,0.9837987422943115,0.0011172746308147907,0.0017211080994457006,0.0014457766665145755,0.0010280724382027984,0.007515856996178627,0.00026485160924494267,0.002862304914742708,0.0002324871311429888]","[0.0021166792139410973,0.6478415727615356,0.007488037459552288,0.0019785116892307997,0.0005895551876164973,0.0006283746915869415,0.0146792596206069,0.15582258999347687,0.16783639788627625,0.001018925686366856]",,
"[3.114818582616863e-06,0.9968072175979614,0.0016880275215953588,0.00012002066796412691,8.594665814598557e-06,0.00020915313507430255,0.00046962822671048343,7.958555215736851e-05,0.0005442511755973101,7.041501521598548e-05]","[1.535170213173842e-06,0.999054491519928,7.33259876142256e-05,0.000183899377589114,6.9375100792967714e-06,8.423599501838908e-05,0.00016223864804487675,4.000604531029239e-05,0.0003798530378844589,1.3503746231435798e-05]","[7.274031304405071e-06,0.9960858821868896,0.0003689959121402353,0.0004993905313313007,7.017795724095777e-05,0.000739106850232929,0.001316468114964664,6.65531842969358e-05,0.0006804096628911793,0.00016580599185544997]",,,
"[1.084243103832705e-05,0.9877840876579285,0.0060577900148928165,0.00016327464254572988,2.0592749933712184e-05,6.338411913020536e-05,0.0007212897762656212,0.00043841407750733197,0.004650370683521032,8.994157542474568e-05]","[1.9286676433694083e-06,0.9989694356918335,9.817724640015513e-05,0.00027762752142734826,1.400614928570576e-05,1.2681865882768761e-05,0.00010528623533900827,9.709213190944865e-05,0.0004203449934720993,3.4694207897700835e-06]",,,,
"[2.313154965349895e-07,0.9995676875114441,4.94695377710741e-05,5.798400252388092e-06,6.4562509578536265e-06,1.6128340575960465e-05,0.00021412386558949947,5.4276888477033935e-06,9.506764763500541e-05,3.972268314100802e-05]","[1.4647336001871736e-06,0.9976364374160767,0.0010492982110008597,7.34859931981191e-05,2.1474155801115558e-05,1.1159562745888252e-05,0.0003941234026569873,0.00013844827481079847,0.0006546712829731405,1.936150511028245e-05]","[3.09413599097752e-06,0.9952989220619202,0.001183089567348361,0.00037872331449761987,5.4813604947412387e-05,5.797719495603815e-05,0.0024988839868456125,0.00011474067287053913,0.0003582158242352307,5.1515995437512174e-05]","[3.6973458918510005e-05,0.9750896096229553,0.0020205306354910135,0.0003835878742393106,0.0009236805490218103,0.0007771530072204769,0.006990362890064716,0.0005627624923363328,0.01172130648046732,0.0014940217370167375]","[3.655290811366285e-06,0.9869046807289124,0.005906326696276665,5.4932079365244135e-05,4.357630132290069e-06,1.069922473106999e-05,0.0063561308197677135,0.00032842211658135056,0.00033459096448495984,9.62716294452548e-05]","[0.0002332591247977689,0.9320756196975708,0.005330738611519337,0.0018871246138587594,0.0011801110813394189,0.0009686513221822679,0.04764734208583832,0.005818801466375589,0.0041834088042378426,0.0006748430896550417]"
"[6.828697678429307e-06,0.00011717629240592942,0.00020939014211762697,0.0010748830391094089,0.9053508639335632,0.005155558232218027,7.261132850544527e-05,0.026490898802876472,0.043680910021066666,0.01784084178507328]","[6.20768332737498e-07,5.225484710535966e-05,4.836695552512538e-06,0.000486337929032743,0.995826780796051,0.0010078203631564975,1.157888527814066e-05,0.001401144894771278,0.0008819768554531038,0.0003265918930992484]","[2.2006565814081114e-06,3.58183060598094e-05,3.8944304833421484e-05,0.0024766954593360424,0.9711786508560181,0.0015588921960443258,0.00010156037751585245,0.0067777023650705814,0.006970763206481934,0.01085874903947115]","[7.965373782781171e-08,1.5993418855941854e-06,1.3208816653786926e-06,3.614025263232179e-05,0.9952604174613953,0.001488776644691825,8.067049748206045e-06,7.170416211010888e-05,0.00036699979682452977,0.002764966571703553]","[1.3065993698546663e-05,5.784895984106697e-05,8.021474059205502e-05,0.0009803365683183074,0.9269371628761292,0.0028600345831364393,0.00011353150330251083,0.04486534371972084,0.014924709685146809,0.009167772717773914]",
"[1.1767900105041917e-05,0.9789872765541077,0.011948470957577229,0.00035630015190690756,8.215549314627424e-05,2.35858497035224e-05,0.00021784230193588883,0.004435415845364332,0.002587214345112443,0.001349973725154996]","[7.843256025807932e-05,0.16957080364227295,0.002302366541698575,0.0004121590463910252,0.000290591677185148,8.655057172290981e-05,0.00013154864427633584,0.264579713344574,0.5602800250053406,0.0022677795495837927]","[1.8986045802193985e-07,0.9994516968727112,7.252718205563724e-06,0.00034214690094813704,6.390922499122098e-05,7.274118729583279e-07,5.125315965415211e-06,5.934653745498508e-05,5.385171971283853e-05,1.5748799341963604e-05]",,,
"[5.705100193154067e-05,0.9846885204315186,0.008095594123005867,0.0005545931635424495,4.2850304453168064e-05,0.00043533777352422476,0.0009339377284049988,0.0010358383879065514,0.003477585967630148,0.0006785955047234893]","[2.157158451154828e-05,0.9975171089172363,0.00042400555685162544,0.0006728130974806845,2.51938690780662e-05,0.00014303141506388783,0.00024133110127877444,0.0002778103807941079,0.0006146722007542849,6.253294850466773e-05]","[0.00010648362513165921,0.9887934327125549,0.0029373338911682367,0.0027798402588814497,8.955180237535387e-05,0.000632762792520225,0.002195916138589382,0.0008125490276142955,0.001151634962297976,0.0005005210405215621]","[0.00016515882452949882,0.9717460870742798,0.0032359978649765253,0.002290283562615514,0.0009121673065237701,0.005470593459904194,0.004630766808986664,0.0006471220985986292,0.006271458696573973,0.004630351439118385]","[0.0005537882097996771,0.9575942754745483,0.01261206716299057,0.002066186396405101,8.20284549263306e-05,0.000715367728844285,0.006014031823724508,0.01136433519423008,0.007829740643501282,0.0011681943433359265]",
"[0.0007943406817503273,0.8512840867042542,0.011281452141702175,0.07138048857450485,0.0003649766731541604,0.029035473242402077,0.007247052621096373,0.0007648502942174673,0.024211997166275978,0.003635282628238201]","[0.004396715201437473,0.5573978424072266,0.006214021705091,0.1346317082643509,0.001205660868436098,0.1350209265947342,0.010427350178360939,0.010705819353461266,0.1377970427274704,0.002202918054535985]","[0.00025948224356397986,0.7404213547706604,0.0005889267195016146,0.24077320098876953,0.00020258687436580658,0.011619791388511658,0.003510672366246581,0.00022531826107297093,0.0017853344324976206,0.0006134846480563283]","[0.0010248518083244562,0.5025070309638977,0.0022425909992307425,0.20440350472927094,0.003575424663722515,0.24227705597877502,0.00952986627817154,0.0004925364628434181,0.019261687994003296,0.014685411006212234]",,
"[0.0001319825096288696,0.9606127142906189,0.008744951337575912,0.0016516774194315076,5.992373917251825e-05,0.002441385528072715,0.0007056259200908244,0.00391271710395813,0.01683184690773487,0.004907157272100449]","[7.229214679682627e-05,0.988521933555603,0.0005044067511335015,0.0024618390016257763,4.7978996008168906e-05,0.0010706685716286302,0.00022474322759080678,0.0021518871653825045,0.004115505609661341,0.0008287640521302819]","[0.0002848086878657341,0.9579153060913086,0.0031443643383681774,0.02082841657102108,9.987508383346722e-05,0.00432312348857522,0.00137836835347116,0.00260123866610229,0.003359021618962288,0.006065589841455221]","[0.00034001393942162395,0.86774742603302,0.0027318138163536787,0.003921687137335539,0.0008865582058206201,0.016461456194519997,0.0016883582575246692,0.006972193252295256,0.0631566047668457,0.03609396889805794]","[0.00033532397355884314,0.9423081278800964,0.001488139503635466,0.013053608126938343,0.00014408770948648453,0.0271846204996109,0.0005205802735872567,0.0022131067235022783,0.008133218623697758,0.004619186278432608]","[0.0061471289955079556,0.2836637496948242,0.004239456262439489,0.006798530928790569,0.00019440516189206392,0.00387955317273736,0.0029047559946775436,0.43182143568992615,0.2189667522907257,0.04138428717851639]"
"[3.1015483727969695e-06,0.9975805282592773,0.0004758695140480995,0.0003410452918615192,0.00011719581380020827,5.577436604653485e-05,0.00033119722502306104,0.0004974185721948743,0.0004640337429009378,0.00013378247967921197]","[7.975553671712987e-06,0.9932107329368591,0.0010381767060607672,0.0019914761651307344,0.0003835216339211911,0.00019202966359443963,0.0017714939313009381,0.0006219477509148419,0.0004105451807845384,0.0003721587418112904]","[2.1325211491785012e-05,0.9889779686927795,0.0010139928199350834,0.000668344262521714,0.0008610981749370694,0.00021936472330708057,0.001622224459424615,0.0033128252252936363,0.0021076607517898083,0.0011951265623793006]","[3.8036780551919946e-06,0.9942389726638794,0.0022407935466617346,0.00023564523144159466,0.00010572329483693466,7.66200028010644e-05,0.0020161420106887817,0.0007634887588210404,0.00019382168829906732,0.0001250627828994766]","[4.900555722997524e-06,0.9917411804199219,0.0023921141400933266,0.003600859781727195,0.0006462503224611282,0.00016325181059073657,0.0002710365515667945,0.00024660798953846097,0.0008170504006557167,0.00011667281069094315]",
"[2.1085432308609597e-05,0.24051450192928314,0.6005220413208008,0.010684782639145851,0.00011551279749255627,0.027089638635516167,0.11503586173057556,0.0001981324894586578,0.005801785737276077,1.6639894965919666e-05]","[3.404041535759461e-06,0.939359724521637,0.005626155529171228,0.020522695034742355,3.3552496461197734e-05,0.010720194317400455,0.023653917014598846,8.254023668996524e-06,7.143736002035439e-05,6.926442210897221e-07]",,,,
"[4.1882405639626086e-05,0.9825136065483093,0.0024597719311714172,0.0009566749795340002,0.0003594039299059659,0.00027416396187618375,0.0004031713760923594,0.007709307596087456,0.003850658191367984,0.0014314375584945083]","[3.2678078696335433e-06,0.998873770236969,4.207089659757912e-05,0.0006791148334741592,7.797908619977534e-05,4.535736297839321e-05,4.591943070408888e-05,0.0001328367943642661,5.9906964452238753e-05,3.982740963692777e-05]","[0.00011729230027412996,0.967716634273529,0.0017415625043213367,0.005418694578111172,0.0014925304567441344,0.0006053849356248975,0.0010648344177752733,0.0102775227278471,0.0059522707015275955,0.005613226443529129]","[4.4789623643737286e-05,0.9807915091514587,0.004398017190396786,0.0014525221195071936,9.288683213526383e-05,9.375545050716028e-05,0.0016107811825349927,0.008880309760570526,0.0013108416460454464,0.0013244119472801685]","[0.00010799173469422385,0.9749358296394348,0.003393335733562708,0.0034074210561811924,0.0006435410468839109,0.0004494099994190037,0.0007081615622155368,0.012678100727498531,0.0020763478241860867,0.0015998943708837032]",
"[2.9545080906245857e-05,0.9906822443008423,0.005107582081109285,0.0003026974736712873,4.863715003011748e-05,0.0005921218544244766,0.0012401124695315957,0.0003735858481377363,0.001542197889648378,8.127529144985601e-05]","[2.3536553271696903e-05,0.9953187108039856,0.00036494372761808336,0.0006026854971423745,7.016070594545454e-05,0.0003230859583709389,0.0006171233835630119,0.00031664600828662515,0.002315724967047572,4.728820567834191e-05]","[9.163662616629153e-05,0.9844770431518555,0.0020147315226495266,0.0019013570854440331,0.00045567358029074967,0.0009073636028915644,0.005471959710121155,0.0010170502355322242,0.0035210922360420227,0.00014197276323102415]",,,
"[1.8263189076606068e-06,0.9917383790016174,0.004450403619557619,0.0016767167253419757,3.8742695323890075e-05,0.000504207331687212,0.0003228405839763582,6.503990880446509e-05,0.0009769900934770703,0.00022486463421955705]","[1.0410980166852823e-06,0.9967149496078491,0.00011653454566840082,0.0018998206360265613,2.930948176071979e-05,0.00015586194058414549,7.847402594052255e-05,4.409485336509533e-05,0.0009254934848286211,3.441549779381603e-05]","[4.128955424675951e-06,0.9760422706604004,0.0012304182164371014,0.014951464720070362,0.0037085972726345062,0.0012313410406932235,0.00031824473990127444,0.00012570706894621253,0.002035796409472823,0.00035199278499931097]","[2.0367028810142074e-06,0.9955962300300598,0.00011456334323156625,0.0017384124221280217,8.979788253782317e-05,0.002201464958488941,0.00016861254698596895,1.3966124242870137e-05,6.066909190849401e-05,1.4230177839635871e-05]","[1.31558881548699e-05,0.8488150238990784,0.004682510159909725,0.13484881818294525,0.0001986729184864089,0.0012854407541453838,0.0040175942704081535,0.0003839659912046045,0.003724656067788601,0.002030131407082081]",
"[2.616123538246029e-06,6.185113306855783e-06,0.0002793011663015932,1.8351383914705366e-05,1.3004613492739736e-06,0.0016463987994939089,3.501529590721475e-07,6.027789640938863e-05,0.9978461265563965,0.00013905263040214777]","[6.33967574685812e-05,0.0009934153640642762,0.000787494471296668,0.03543622046709061,0.0003468325885478407,0.05256021022796631,1.2806966878997628e-05,0.0007430892437696457,0.9042684435844421,0.004788143560290337]","[2.5529239792376757e-05,1.3487815522239543e-05,0.00014741488848812878,0.00023876009800005704,3.131316043436527e-05,0.00850486196577549,6.4083469624165446e-06,0.00034919718746095896,0.9876546263694763,0.0030284258536994457]","[0.0003942139446735382,4.6293469495140016e-05,0.0042228298261761665,0.0038635439705103636,3.199228740413673e-05,0.11069576442241669,3.2371674478781642e-06,0.00255647674202919,0.8775696158409119,0.0006160180200822651]","[6.634820692852372e-07,5.116653937875526e-06,5.79893276153598e-05,0.0017950520850718021,3.957120134145953e-05,0.0019048760877922177,1.0189169330487857e-07,9.537872074361076e-07,0.9961928129196167,2.836801058947458e-06]",
"[1.4780850506213028e-05,0.9951946139335632,0.0002771934377960861,0.0018970476230606437,8.071760385064408e-05,0.00021052341617178172,0.00010359730367781594,0.0007857177988626063,0.0008637626888230443,0.0005720485933125019]","[0.00012291601160541177,0.952275812625885,0.0010128499707207084,0.012259543873369694,0.0006643076194450259,0.0009532569674775004,0.000629864982329309,0.009831054136157036,0.009670708328485489,0.012579705566167831]","[2.95207355520688e-05,0.9878515601158142,0.0015796942170709372,0.00579660851508379,0.00012760591926053166,0.00028634603950195014,0.00037988918484188616,0.0015505525516346097,0.0014178457204252481,0.000980305951088667]",,,
"[4.873827947449172e-06,0.9950430393218994,0.0010355807607993484,0.00021619129984173924,1.6595424312981777e-05,0.00023304912610910833,0.0003189237031619996,0.000148316117702052,0.0028778838459402323,0.00010544916585786268]","[1.168888047686778e-06,0.9990739822387695,3.072063918807544e-05,0.0005710813566111028,7.879073564254213e-06,8.236274879891425e-05,0.0001333245454588905,1.4390347132575698e-05,6.909738294780254e-05,1.588714076206088e-05]","[7.159188498917501e-06,0.9961646795272827,0.0003685919800773263,0.0004086997651029378,5.184116162126884e-05,0.00030280856299214065,0.0007553062750957906,0.0001641905982978642,0.001606981735676527,0.0001697674160823226]","[5.822275852551684e-06,0.9969455599784851,0.00044856409658677876,0.001000360818579793,2.5983721570810303e-05,0.00029605129384435713,0.00020577202667482197,0.00011377691407687962,0.0009135904838331044,4.4429703848436475e-05]",,
"[9.791403499548323e-06,6.951618161110673e-06,0.002248103264719248,2.4307280455104774e-07,1.6777903510956094e-05,0.0002921853447332978,0.9974067807197571,6.754237613648684e-09,1.83564807230141e-05,7.813212050677976e-07]","[4.6301476686494425e-05,7.283163995452924e-06,4.673820149037056e-05,4.315281785238767e-07,6.844251765869558e-05,0.00023238045105244964,0.9994731545448303,1.3219414896070703e-08,0.00012474948016460985,5.481252856043284e-07]","[2.3600555323355366e-06,2.3208896493542852e-07,4.39818268205272e-06,6.097077687172714e-08,4.370576061774045e-05,0.00017546711023896933,0.9997691512107849,4.697148781040994e-10,4.290169727028115e-06,3.1793882726560696e-07]","[2.529312769183889e-05,3.453650947449205e-07,3.58222569047939e-05,2.4686517718919276e-08,2.765363205980975e-06,1.6279776900773868e-05,0.9999058246612549,8.310325760874093e-09,1.3396170288615394e-05,2.0780235843176342e-07]","[6.947566726012155e-05,8.476271204926888e-07,0.00010066157847177237,1.6730656682284462e-07,2.1766021745861508e-05,0.00014689411909785122,0.9996504783630371,1.0638624203807012e-08,9.31758313527098e-06,3.2162540719582466e-07]","[1.936672742886003e-05,8.267566954600625e-06,0.0008161099394783378,8.024836279219016e-05,0.0007178268861025572,0.0013293673982843757,0.9965369701385498,1.349036971021178e-08,0.0004905982641503215,1.2750118685289635e-06]"
"[4.686462852987461e-05,0.8832791447639465,0.0012808418832719326,0.014007829129695892,0.006518822629004717,0.020688464865088463,0.0005475895595736802,0.003745889291167259,0.015194468200206757,0.05469001084566116]","[0.00017085215949919075,0.48425567150115967,0.10274111479520798,0.07908430695533752,0.010225719772279263,0.021701456978917122,0.0022616388741880655,0.047011151909828186,0.19351916015148163,0.059028979390859604]","[3.319742972962558e-05,0.9308187365531921,0.0008477616938762367,0.034981030970811844,0.0038256081752479076,0.007231384050101042,0.00029106272268109024,0.005005933810025454,0.013417107984423637,0.0035481380764395]","[0.00011464644921943545,0.6367347240447998,0.004784976597875357,0.1473798006772995,0.07203295826911926,0.03118235431611538,0.0017294719582423568,0.022826872766017914,0.042700763791799545,0.04051348939538002]","[0.00012023326416965574,0.6170655488967896,0.004304683767259121,0.11284591257572174,0.0397455096244812,0.07796517014503479,0.0019011651165783405,0.013538449071347713,0.03855757415294647,0.09395572543144226]","[0.0003470094525255263,0.649830162525177,0.010639897547662258,0.05395113676786423,0.011397475376725197,0.016776401549577713,0.003696243278682232,0.09935598820447922,0.09152914583683014,0.06247653812170029]"
"[4.0848673961590976e-05,0.01379602961242199,0.0005811314913444221,5.842576138093136e-05,0.014091046527028084,0.9479061365127563,0.003470136085525155,0.0002398420765530318,0.019250869750976562,0.0005655260174535215]","[3.548687163856812e-05,0.0028835549019277096,2.5314566300949082e-05,5.183923349250108e-05,0.033402685075998306,0.9411165118217468,0.002613744931295514,0.0001013913206406869,0.01955406926572323,0.00021531194215640426]","[0.0005007541622035205,0.005229538306593895,0.00012441413127817214,0.00010840121831279248,0.021147437393665314,0.8401528000831604,0.012944941408932209,0.0024054646492004395,0.11672411113977432,0.0006621118518523872]","[2.428610241622664e-05,0.0026035590562969446,0.000411936518503353,2.8423159164958633e-05,0.0023733109701424837,0.9870235919952393,0.0007312122033908963,4.4522672396851704e-05,0.006726648658514023,3.259222285123542e-05]","[7.044592348393053e-05,0.009139789268374443,0.00015984327183105052,0.001114608021453023,0.08076772093772888,0.8124330639839172,0.0015808427706360817,0.00011289867688901722,0.09439456462860107,0.00022628788428846747]",
"[0.00020627550838980824,0.9638590812683105,0.006443866062909365,0.0011330113047733903,0.0002174002438550815,0.005959474481642246,0.006541311740875244,0.0013059386983513832,0.013779840432107449,0.0005538471741601825]","[6.436144030885771e-05,0.9921397566795349,0.00047069945139810443,0.0016086578834801912,0.00010764173202915117,0.0020539455581456423,0.0023324277717620134,0.0002420943637844175,0.0008727058302611113,0.00010779622971313074]","[0.00042347057024016976,0.9541824460029602,0.002077474957332015,0.001509372377768159,0.000721488322596997,0.0161102544516325,0.010095056146383286,0.0011388113489374518,0.012429104186594486,0.0013125808909535408]","[0.00014253809058573097,0.9719216227531433,0.004964378662407398,0.0010754194809123874,0.00011970788182225078,0.002270232420414686,0.014587843790650368,0.0010966287227347493,0.003487896639853716,0.0003336718655191362]","[0.0003402344882488251,0.9770316481590271,0.0023853094317018986,0.001999511616304517,0.00027739786310121417,0.006167457904666662,0.0061424728482961655,0.0019126967526972294,0.0034144693054258823,0.00032875026226975024]","[0.0002792323939502239,0.9515220522880554,0.018265144899487495,0.009641761891543865,0.00020961060363333672,0.007016551215201616,0.006296344567090273,0.0008750937995500863,0.0055146971717476845,0.0003795185184571892]"
"[5.496088306244928e-06,0.9985401630401611,0.00024224557273555547,6.870775541756302e-05,2.087997563648969e-05,0.000155497677042149,0.00037284489371813834,4.274485763744451e-05,0.00043169641867280006,0.00011976562382187694]","[0.0001803492777980864,0.880271852016449,0.07178877294063568,0.0013138276990503073,0.00013663514982908964,0.0006681340164504945,0.004199820104986429,0.006768657825887203,0.034205853939056396,0.0004660605045501143]","[2.968571834571776e-06,0.9992990493774414,9.287507418775931e-05,0.000285444752080366,1.1755986633943394e-05,3.16123514494393e-05,0.00014731529518030584,3.934630149160512e-05,7.899897900642827e-05,1.071761562343454e-05]","[6.422949809348211e-05,0.987663209438324,0.0032623999286442995,0.0019315112149342895,0.0005560314748436213,0.0005456425133161247,0.0027304107788950205,0.0007068136474117637,0.002284441841766238,0.0002553943486418575]","[4.627519228961319e-05,0.9918111562728882,0.001950088539160788,0.0013531249715015292,0.00010186044528381899,0.00040009935037232935,0.0023207629565149546,0.00042250347905792296,0.0013607905711978674,0.00023322114429902285]",
"[9.019486242323183e-06,0.9965593218803406,0.00021079641010146588,0.0001347260840702802,4.6869809011695907e-05,0.0010403833584859967,0.0013563025277107954,6.420716817956418e-05,0.0005590377259068191,1.9196535504306667e-05]","[3.1566629331791773e-05,0.9911624193191528,0.001577430171892047,0.0005773819284513593,9.32931070565246e-05,0.0015926132909953594,0.0026359795592725277,0.00033888357575051486,0.001928222132846713,6.21804065303877e-05]","[3.777885649469681e-05,0.990012526512146,0.0006804622244089842,0.000466551398858428,0.00021489697974175215,0.005040186922997236,0.002962634200230241,0.0001237132091773674,0.00043034725240431726,3.095391366514377e-05]","[0.00012480058649089187,0.9688912630081177,0.002931494265794754,0.0015539921587333083,0.0005510909832082689,0.005610547494143248,0.012804228812456131,0.0008516327943652868,0.006323932204395533,0.0003569606924429536]","[5.7156306866090745e-05,0.962567150592804,0.007560576777905226,0.0007198250386863947,0.0001849896361818537,0.001569982967339456,0.023487208411097527,0.0009436378604732454,0.0027081368025392294,0.00020143364963587373]","[0.00014946013106964529,0.9743010401725769,0.007011037319898605,0.0007470680866390467,0.00017833562742453068,0.006715979427099228,0.006538000889122486,0.001315072295255959,0.002962603699415922,8.140767022268847e-05]"
,,,,,
"[6.585986284335377e-06,0.9962356686592102,0.0008943279972299933,0.00020228511129971594,2.5062237909878604e-05,0.00025576649932190776,0.0004848279932048172,0.00010164843843085691,0.0016466804081574082,0.00014711939729750156]","[3.059749587919214e-06,0.998618483543396,6.469886284321547e-05,0.000699878903105855,2.2343407181324437e-05,0.00014958548126742244,0.00024652507272548974,3.053326508961618e-05,0.0001423556386725977,2.2432870537159033e-05]","[2.1287523850332946e-05,0.9908285140991211,0.0002729244879446924,0.0007225172012113035,0.0002086047170450911,0.0010787626961246133,0.001133634359575808,0.00027317082276567817,0.005028467159718275,0.00043211167212575674]","[8.805279321677517e-06,0.9961113333702087,0.0006302705151028931,0.00045544595923274755,2.834255610650871e-05,0.00018374832870904356,0.0014921128749847412,0.00025381584418937564,0.0007311624940484762,0.00010493944864720106]","[7.5781244959216565e-06,0.9924131035804749,0.0028051447588950396,0.0030274929013103247,2.9430384529405273e-05,0.0005994896055199206,0.0003189057169947773,6.676758493995294e-05,0.0006608661497011781,7.124996045604348e-05]",
"[3.157851460855454e-05,0.9851629137992859,0.005346084479242563,0.00010813521657837555,1.7787120668799616e-05,0.0006613940349780023,0.0022527386900037527,0.0006294038030318916,0.005710748489946127,7.913974695838988e-05]","[2.2299741431197617e-06,0.9995554089546204,5.243354826234281e-05,8.759613410802558e-05,3.67428924619162e-06,6.977687735343352e-05,0.0001802820188459009,1.2555496141430922e-05,3.314653076813556e-05,2.727944092839607e-06]","[4.6367185859708115e-05,0.9855198264122009,0.0017461676616221666,0.0018732741009443998,2.8360025680740364e-05,0.00035223871236667037,0.0064508747309446335,0.0003512802650220692,0.0034356892574578524,0.00019598277867771685]","[0.00011197134881513193,0.9824560880661011,0.0014895112253725529,0.00031965484959073365,9.613224392523989e-05,0.0015680157812312245,0.0069756717421114445,0.0007441453635692596,0.005754177458584309,0.00048466792213730514]","[2.4995919375214726e-05,0.9891387820243835,0.0027893458027392626,0.00015142402844503522,1.1536316378624178e-05,0.00028084576479159296,0.006235160399228334,0.00030114149558357894,0.001039843657054007,2.6918683943222277e-05]",
"[5.6910985222202726e-06,0.9978817105293274,0.0005649939994327724,0.00021207652753219008,1.554092887090519e-05,9.997237793868408e-05,0.00036194600397720933,0.00014240588643588126,0.0006607559625990689,5.5007072660373524e-05]","[1.2367361705400981e-05,0.9961571097373962,0.0007126562995836139,0.0008269268437288702,4.9074500566348433e-05,0.000245624192757532,0.00099074630998075,0.0001802051701815799,0.0007121473900042474,0.00011322891805320978]","[2.8079206458642147e-05,0.9922348260879517,0.0015891827642917633,0.00040078096208162606,7.13938643457368e-05,0.0003346400917507708,0.0022783668246120214,0.00048785246326588094,0.002270761877298355,0.0003041335439775139]",,,
"[1.7666658095549792e-05,0.9887115955352783,0.0003003479214385152,0.002202428411692381,0.0003719335945788771,0.0026295343413949013,0.00034957274328917265,0.0003046174824703485,0.001347048906609416,0.0037651865277439356]","[3.9365921111311764e-05,0.9767367839813232,0.0010780416196212173,0.011417945846915245,0.0005306602688506246,0.0018924063770100474,0.00044942102977074683,0.00235340790823102,0.004276705905795097,0.0012252232991158962]","[5.930702536716126e-05,0.9783486723899841,0.00037157852784730494,0.0071646831929683685,0.0008089960319921374,0.010030854493379593,0.00045112535008229315,0.0006122746272012591,0.001278173760510981,0.0008742816280573606]",,,
"[3.8511831235155114e-07,9.72590555647912e-07,4.973297109245323e-06,0.0001231869828188792,0.985323965549469,0.00017288884555455297,5.097582516100374e-07,0.0016959571512416005,0.0033266451209783554,0.009350485168397427]","[4.3901138724322664e-07,1.3281501765050052e-07,2.3320512809732463e-06,0.00022487857495434582,0.9820041060447693,0.00020819577912334353,1.7658009028309607e-06,0.0009977142326533794,0.0008242800831794739,0.015736117959022522]","[9.089482500002077e-10,3.1700913005749953e-09,1.3681812127686044e-08,1.2566648592837737e-06,0.9923166036605835,0.0003283618134446442,6.139826069784249e-08,2.180342562496662e-06,7.375099812634289e-05,0.007277764845639467]","[1.4130444469628856e-05,4.163721314398572e-07,1.2168872672191355e-05,0.00021889513300266117,0.8368679881095886,0.0004112903552595526,1.607550984772388e-05,0.05208471044898033,0.01422816514968872,0.09614623337984085]","[2.7780444611380517e-08,7.054504891357283e-08,1.2494020666053984e-05,0.0008333991863764822,0.9974017143249512,0.0002507696917746216,7.82811540034345e-08,1.1093543434981257e-05,0.001341066206805408,0.0001492886949563399]",
"[3.659396838884277e-07,0.9991703033447266,3.2610078051220626e-05,3.17213089147117e-05,2.1272910089464858e-05,2.8872089387732558e-05,3.783734064199962e-05,5.140668508829549e-05,0.00014094186190050095,0.00048482674174010754]","[1.0058471161755733e-05,0.9635688662528992,0.021484287455677986,0.0005507232272066176,9.226550901075825e-05,6.738345109624788e-05,0.0004174322239123285,0.007033204659819603,0.005103473085910082,0.0016722653526812792]","[8.592498943471583e-07,0.9993450045585632,4.728473868453875e-05,0.00016315032553393394,2.6956320652971044e-05,1.3931588910054415e-05,3.9953116356628016e-05,0.00015896200784482062,0.00013440909970086068,6.950273382244632e-05]","[3.553581791493343e-06,0.9952880144119263,0.0005159894935786724,0.0019213304622098804,0.00012474649702198803,0.00011956070375163108,0.0004306203336454928,0.0002472776104696095,0.0001837742602219805,0.0011649924563243985]","[6.272667633311357e-06,0.9890013933181763,0.00035325626959092915,0.0004212443018332124,0.0008548928890377283,0.00044949029688723385,0.0005134679959155619,0.00083764927694574,0.0023198530543595552,0.0052423677407205105]","[1.528800385131035e-05,0.9878377914428711,0.001052460283972323,0.0003835668903775513,8.141424041241407e-05,5.54783437110018e-05,0.000645143969450146,0.006517627742141485,0.0020790547132492065,0.0013321927981451154]"
"[0.0007426366209983826,6.106428918428719e-05,0.00041234694072045386,0.0064664576202631,5.4099604312796146e-05,0.978898286819458,7.436376472469419e-05,1.3964770914753899e-05,0.011890869587659836,0.0013859757455065846]","[0.0010127276182174683,0.0003406957839615643,0.0001522783568361774,0.047455430030822754,9.404261072631925e-05,0.9394330382347107,6.289707380346954e-05,2.9470127628883347e-05,0.011011926457285881,0.00040748773608356714]","[0.0002133527013938874,1.8189677575719543e-05,4.665847882279195e-05,0.006017195526510477,4.901527427136898e-05,0.9911439418792725,5.078548565506935e-05,4.596974576998036e-06,0.001719119492918253,0.0007372130639851093]","[0.006215834990143776,0.00011284516949672252,0.00040375025128014386,0.014502299018204212,0.00013194623170420527,0.9404447078704834,0.0005684787756763399,0.0001597431255504489,0.03390389308333397,0.0035564620047807693]","[0.006519027519971132,2.8367192498990335e-05,0.00011013975745299831,0.00348589476197958,1.7761623894330114e-05,0.9856561422348022,4.759371222462505e-05,6.647273403359577e-05,0.0038482886739075184,0.000220234869630076]",
"[8.194534530048259e-06,0.9743486642837524,0.0032303861808031797,0.0012383990688249469,0.0004125026171095669,0.009428726509213448,0.0013306060573086143,0.0001454609155189246,0.009670999832451344,0.00018612880376167595]","[5.0706072215689346e-05,0.38655874133110046,0.0022869931999593973,0.0020798470359295607,0.0011469681048765779,0.04244556650519371,0.0018431574571877718,0.0029317457228899,0.5602805614471436,0.0003757357771974057]","[2.8354794267215766e-05,0.8845326900482178,0.0008186594932340086,0.003988488577306271,0.04141802713274956,0.029354576021432877,0.002224980155006051,0.00041811159462668,0.03695417940616608,0.00026194541715085506]",,,
"[0.00012366208829917014,0.9728331565856934,0.007638484239578247,0.0010207670275121927,0.00042952646617777646,0.0009353106142953038,0.0020593618974089622,0.008295102044939995,0.006102342624217272,0.0005623899633064866]","[6.539315108966548e-06,0.9986259937286377,8.826863631838933e-05,0.0007134414627216756,5.920522744418122e-05,0.00010466547246323898,0.00020425404363777488,0.00012694559700321406,5.598840652965009e-05,1.4791585272178054e-05]","[0.00020191424118820578,0.9622897505760193,0.005758634768426418,0.013858095742762089,0.0006863922462798655,0.0006533642299473286,0.006125117652118206,0.006263324059545994,0.002884106244891882,0.0012792963534593582]","[7.656917296117172e-05,0.9798243045806885,0.0023220565635710955,0.001558941788971424,0.002283494221046567,0.0026188953779637814,0.004084577318280935,0.001056352281011641,0.0030978431459516287,0.0030771277379244566]",,
"[4.0459119190927595e-05,0.986054003238678,0.0028066777158528566,0.0027707244735211134,0.0001125075068557635,0.002256192732602358,0.0008850545273162425,0.00038722791941836476,0.004180410876870155,0.0005067729507572949]","[1.8108250515069813e-05,0.9948338270187378,0.00020741115440614522,0.0025250629987567663,8.907330629881471e-05,0.001269378699362278,0.00028426956851035357,0.00013474817387759686,0.0005708509124815464,6.72645983286202e-05]","[8.991164941107854e-05,0.9550021290779114,0.002233116887509823,0.029945719987154007,0.0003414473030716181,0.002400784520432353,0.0026178499683737755,0.0008012194884940982,0.005228978581726551,0.001338821486569941]",,,
"[0.048467375338077545,0.00015991278633009642,0.19727441668510437,3.692991231218912e-05,0.11365810036659241,0.20915941894054413,0.42732545733451843,3.839510100078769e-05,0.003621206618845463,0.00025879647000692785]","[0.0765090063214302,9.379150287713856e-05,0.0179453045129776,5.628958024317399e-05,0.2264707088470459,0.12959511578083038,0.5479060411453247,3.0739782232558355e-05,0.0013126188423484564,8.03641087259166e-05]","[0.056658342480659485,2.0810617570532486e-05,0.0026880521327257156,1.045673434418859e-05,0.18525075912475586,0.15123404562473297,0.6028199791908264,1.9179540686309338e-05,0.0011877244105562568,0.0001106497147702612]","[0.001015068031847477,7.991185157152358e-06,0.01774222031235695,2.6108957627002383e-06,0.0036725392565131187,0.0029838914051651955,0.9745168685913086,1.5804652093720506e-06,5.262204649625346e-05,4.63764126834576e-06]","[0.23248545825481415,5.830812006024644e-05,0.07510489970445633,1.2972413060197141e-05,0.04688013345003128,0.294878214597702,0.34989863634109497,3.1780582503415644e-05,0.000631717499345541,1.789090492820833e-05]",
"[3.73732291336637e-07,0.00028024634229950607,0.0003208821581210941,0.0005055232904851437,0.8403005599975586,1.1109736078651622e-05,5.864281774847768e-06,0.01599114201962948,0.0025789188221096992,0.14000529050827026]",,,,,
"[2.6759394131659064e-06,0.9961916208267212,0.0011447002179920673,0.0001051049621310085,1.819793033064343e-05,0.00074176857015118,0.0003012127708643675,8.323642396135256e-05,0.001266235951334238,0.00014519265096168965]","[1.5605741054969258e-06,0.998230516910553,2.7333519028616138e-05,0.00017970734916161746,2.4062537704594433e-05,0.0002657914301380515,9.846379543887451e-05,5.988870907458477e-05,0.0010782609460875392,3.4346092434134334e-05]","[4.9316104195895605e-06,0.9861445426940918,0.00015007895126473159,0.009725339710712433,0.0004663396975956857,0.000871507334522903,0.0003276816278230399,0.00011198387801414356,0.0018867983017116785,0.0003108249802608043]","[3.534980578479008e-06,0.9966698288917542,0.00013060271157883108,0.0007768422365188599,5.681474431185052e-05,0.0008281098562292755,0.000588090973906219,7.517985795857385e-05,0.0007533794268965721,0.00011758162145270035]",,
"[7.641230695298873e-06,0.990911066532135,0.001381573500111699,0.0025467986706644297,0.00010736846161307767,0.00029535774956457317,0.00014969117182772607,0.0011126591125503182,0.002322056796401739,0.0011658748844638467]","[5.052405640526558e-07,0.9986959099769592,1.3224331269157119e-05,0.0011857233475893736,1.2937382052768953e-05,3.1970444979378954e-05,1.306188823946286e-05,1.1840000297524966e-05,1.7119267795351334e-05,1.778087971615605e-05]","[4.5784061512677e-05,0.9609706997871399,0.0014806399121880531,0.017285829409956932,0.0006004463066346943,0.0006594335427507758,0.0005735550657846034,0.0032017219346016645,0.0052278791554272175,0.009954020380973816]","[5.6964777286339086e-06,0.9887852668762207,0.0019958135671913624,0.007189964409917593,0.00010227950406260788,0.0002569894422776997,0.0002415316121187061,0.0003017835260834545,0.0005657372530549765,0.0005550021305680275]",,
"[5.741040695284028e-06,0.9976339340209961,0.0004502352385316044,0.0005027003935538232,4.3958163587376475e-05,0.0003896996204275638,0.00020110959303565323,0.00019817965221591294,0.0003164607333019376,0.0002579089195933193]","[3.1392542041430715e-06,0.9987635612487793,2.879638850572519e-05,0.0005511233466677368,3.353539068484679e-05,0.00022886943770572543,8.540839917259291e-05,7.471979915862903e-05,0.00018419083789922297,4.676772732636891e-05]","[1.5092919966264162e-05,0.992367684841156,0.00026822046493180096,0.0028830065857619047,0.00030538663850165904,0.001237009884789586,0.0006968597881495953,0.0002552170190028846,0.0010270264465361834,0.0009443976450711489]","[0.00017323870270047337,0.9600538611412048,0.0004943908425047994,0.002471083542332053,0.0002174264081986621,0.0005832749302498996,0.0009124164353124797,0.018934613093733788,0.013232560828328133,0.0029271666426211596]","[7.994193765625823e-06,0.9971967935562134,0.0003987267264164984,0.0006711098831146955,4.8265541408909485e-05,0.0002776732435449958,0.0007159082451835275,0.00027246546233072877,0.00027263828087598085,0.00013838408631272614]","[1.0901832865783945e-05,0.9907209873199463,0.0005171880475245416,0.006705663166940212,0.0001403632340952754,0.0005254631396383047,0.00019258263637311757,0.00019379419973120093,0.0008447921718470752,0.00014824478421360254]"
"[4.150089807808399e-05,0.0007422416238114238,0.005726299248635769,0.004735905211418867,0.0015078129945322871,0.9050947427749634,0.008356978185474873,2.2213151169125922e-05,0.07346302270889282,0.0003093533159699291]","[4.3433872633613646e-05,0.011561536230146885,0.0009985966607928276,0.07186326384544373,0.008274008519947529,0.8807190656661987,0.011069285683333874,3.423868110985495e-05,0.015313931740820408,0.0001225698069902137]","[3.547844244167209e-05,0.0005584955797530711,0.0016657727537676692,0.019795874133706093,0.02974221482872963,0.9090220332145691,0.016655830666422844,1.925270407809876e-05,0.022291461005806923,0.00021357096557039768]","[2.7248863261775114e-05,0.00037962530041113496,0.001045464538037777,0.011094589717686176,0.0026109996251761913,0.9623449444770813,0.009188089519739151,1.1684179298754316e-05,0.013108557090163231,0.00018874024681281298]",,
"[7.863700011512265e-05,2.4226603272836655e-05,9.368435712531209e-05,7.777152433163792e-08,1.885411620605737e-05,0.009205353446304798,0.9905436635017395,4.396062625033892e-09,3.5621498682303354e-05,1.932831317219552e-08]","[0.0019863094203174114,2.9626435207319446e-05,0.014203625731170177,9.055552254721988e-07,4.997080031898804e-05,0.03341612219810486,0.9491044282913208,3.033950406461372e-07,0.0012082635657861829,4.4889449668517045e-07]","[0.001476109609939158,6.15707685938105e-05,0.0003661605005618185,1.6323008367180591e-06,0.00010270454367855564,0.028665512800216675,0.9692781567573547,3.003073700824643e-08,4.804180935025215e-05,7.201938956313825e-08]","[9.794878860702738e-05,3.7665242871298688e-06,0.00020385584502946585,7.333688358812651e-07,1.5244884707499295e-05,0.0016876835143193603,0.997943103313446,1.5094419936190206e-08,4.7376775910379365e-05,2.156702834099633e-07]","[4.595878272084519e-05,1.7908745348904631e-06,4.219438415020704e-05,1.9285157293325028e-07,0.00011175319377798587,0.05244309827685356,0.9473289251327515,2.9232907206022674e-09,2.5847848519333638e-05,2.5390315272488806e-07]",
"[8.828942372929305e-05,0.9791930913925171,0.006297530606389046,0.0009460634901188314,0.00044682121369987726,0.0004514946776907891,0.0014021717943251133,0.006467689760029316,0.004034747835248709,0.0006720187957398593]","[1.624471588002052e-05,0.9963621497154236,0.000517978158313781,0.0014509549364447594,0.00013546633999794722,0.0001266858453163877,0.00048349134158343077,0.0004953042371198535,0.00028373399982228875,0.00012796786904800683]","[5.73346005694475e-05,0.9860872626304626,0.0016517759067937732,0.001307488651946187,0.0016790537629276514,0.0012471345253288746,0.002068818546831608,0.0016351405065506697,0.002116918796673417,0.002149099251255393]","[0.00019493848958518356,0.9649899005889893,0.008311845362186432,0.0011329427361488342,0.00024072977248579264,0.0002597171987872571,0.004385131411254406,0.015954602509737015,0.00374143966473639,0.0007886611856520176]",,
"[6.582252535736188e-05,3.5170908176951343e-06,7.604214715684066e-06,0.0001112186728278175,3.1700776617071824e-06,0.9983554482460022,4.596824965119595e-06,1.3856257510269643e-06,0.0007262348663061857,0.0007210871553979814]","[0.0031197532080113888,1.5846246242290363e-05,0.28953462839126587,0.017813893035054207,3.1524636142421514e-05,0.6831567287445068,8.019936649361625e-05,0.00015284516848623753,0.005388959776610136,0.0007056475151330233]","[0.0010044107912108302,2.420301825623028e-06,0.00012556313595268875,0.00017989211482927203,8.799678653304e-06,0.6669251322746277,7.1323843258142006e-06,0.00010715767712099478,0.33116158843040466,0.00047792523400858045]",,,
"[6.224882235983387e-05,0.9839876890182495,0.004468328785151243,0.0006205334793776274,6.263075192691758e-05,0.0030673258006572723,0.0019905378576368093,0.0005168215720914304,0.0048016090877354145,0.00042244826909154654]","[4.324363908381201e-05,0.9918828010559082,0.0003415815008338541,0.0012013043742626905,6.140008918009698e-05,0.0016643948620185256,0.0009901971789076924,0.0003382456779945642,0.0033586674835532904,0.000118274700071197]","[0.00013016992306802422,0.9806148409843445,0.0011897307122126222,0.003937151748687029,0.00015230207645799965,0.004783740267157555,0.00439416291192174,0.0006520790630020201,0.003689537290483713,0.00045641587348654866]","[0.0007415347499772906,0.9218939542770386,0.002305063419044018,0.0039483848959207535,0.000587382004596293,0.01681406795978546,0.010070949792861938,0.002531960839405656,0.038105253130197525,0.003001428907737136]","[4.8529956984566525e-05,0.9698262214660645,0.00558457151055336,0.0006621291395276785,4.8970137868309394e-05,0.0014400059590116143,0.016800297424197197,0.00061469164211303,0.0047967201098799706,0.00017794487939681858]","[0.00034182704985141754,0.9752468466758728,0.001896591274999082,0.0022576437331736088,0.00020010131993331015,0.008057476952672005,0.003612775821238756,0.0018382227281108499,0.006138436961919069,0.0004100436344742775]"
"[0.002789972582831979,0.8785198926925659,0.03009277768433094,0.03286955505609512,0.0005735641461797059,0.012509276159107685,0.0034642089158296585,0.021732542663812637,0.007281195838004351,0.010166929103434086]","[0.0018442552536725998,0.9110291600227356,0.004009566269814968,0.04531208425760269,0.0006390879862010479,0.005770857911556959,0.0017603924497961998,0.01762886345386505,0.007909347303211689,0.004096371587365866]","[0.004324742592871189,0.8237531781196594,0.009211307391524315,0.07757376879453659,0.0018356505315750837,0.02318171039223671,0.004957960452884436,0.021251915022730827,0.011147686280310154,0.022762149572372437]","[0.011356979608535767,0.7139352560043335,0.02009108103811741,0.06761256605386734,0.0010677175596356392,0.013774841092526913,0.007678227964788675,0.12679682672023773,0.020550072193145752,0.01713641919195652]",,
"[3.646279537861119e-06,0.9910600781440735,0.000741512281820178,0.0011696047149598598,0.00035279462463222444,1.0409030437585898e-05,5.252247865428217e-05,0.0043257903307676315,0.002142630983144045,0.00014094401558395475]","[1.5085263839864638e-05,0.9581525325775146,0.0014667975483462214,0.0011485039722174406,0.0012917800340801477,4.017752507934347e-05,0.0002431779430480674,0.023983808234333992,0.012829875573515892,0.0008281725458800793]","[7.281851594598265e-06,0.9831345081329346,0.0032006341498345137,0.002260711044073105,0.0009927141945809126,3.268657383159734e-05,5.4203715990297496e-05,0.005176018923521042,0.005032467655837536,0.00010874970757868141]",,,
"[8.059744868660346e-05,0.9885146021842957,0.0006033250247128308,0.000988708226941526,0.00011947869643336162,0.004665156826376915,0.0010130933951586485,0.0003311268228571862,0.0023777824826538563,0.0013061551144346595]","[0.0008901670225895941,0.889338493347168,0.020945392549037933,0.005577981472015381,0.0004235503147356212,0.015458202920854092,0.005162783432751894,0.011815305799245834,0.048388004302978516,0.0020001118537038565]","[4.5388267608359456e-05,0.9940909743309021,0.00019166391575708985,0.002625756897032261,9.428402699995786e-05,0.0017749180551618338,0.0004372327821329236,0.00016679400869179517,0.00043610483407974243,0.0001367817894788459]","[0.0004623622808139771,0.9424593448638916,0.004340479150414467,0.023371495306491852,0.00039109174394980073,0.00604806886985898,0.006558171007782221,0.0038470381405204535,0.008574780076742172,0.003947187215089798]",,
"[1.9674827854032628e-05,1.4450108665187145e-06,0.0013357396237552166,0.007167394272983074,1.1621985322562978e-05,0.9121840596199036,7.100143193383701e-06,1.1062622888857732e-06,0.0789978951215744,0.00027385217254050076]","[5.963486728433054e-06,6.928883976797806e-06,5.4490850743604824e-05,0.05980818718671799,2.64936315943487e-05,0.9385806918144226,2.250917077617487e-06,5.648988690154511e-07,0.0014839069917798042,3.052945248782635e-05]","[2.519771669540205e-06,1.8325792439100042e-07,2.5635990823502652e-05,0.006755553185939789,2.4894074158510193e-05,0.9828396439552307,4.445000740815885e-06,3.53743246250815e-07,0.0097733149304986,0.000573495461139828]","[4.8142839659703895e-05,2.0887498521915404e-06,0.0012965139467269182,0.028925178572535515,6.923622277099639e-05,0.9482424855232239,0.0002932710631284863,1.1873014955199324e-05,0.017898257821798325,0.0032129925675690174]","[1.5044563497212948e-06,7.897878617768583e-07,0.0021770079620182514,0.44635576009750366,1.6282736396533437e-05,0.5364689230918884,8.110764611046761e-07,1.1085503359709037e-07,0.014968066476285458,1.0814590496011078e-05]",
"[4.452857353953732e-07,0.9986041188240051,0.0006408098852261901,0.00023308690288104117,6.145461611595238e-06,5.948532998445444e-05,4.828892269870266e-05,1.6825588318170048e-05,0.0003468999348115176,4.3917734728893265e-05]","[1.481451909057796e-05,0.90897536277771,0.0011158509878441691,0.0008879489032551646,7.542045932495967e-05,0.0005205039633437991,0.00014681110042147338,0.001450244104489684,0.08651354908943176,0.0002994874957948923]","[2.295913859029497e-08,0.9997255206108093,1.4416144722417812e-06,0.0002599359431769699,1.6822289126139367e-06,2.6679690563469194e-06,2.0383895389386453e-06,5.522361448129232e-07,5.529378086066572e-06,6.321113232843345e-07]","[1.6157976006070385e-06,0.9966905117034912,0.0001455967139918357,0.0014687437796965241,8.289784454973415e-05,0.000411396031267941,0.00020713504636660218,1.6023774151108228e-05,0.0007920547504909337,0.00018415437079966068]","[1.3900572412239853e-05,0.992214024066925,0.00026916980277746916,0.0015695550246164203,4.080170037923381e-05,0.0001254858507309109,0.0001766711939126253,0.0006019786233082414,0.004661771468818188,0.000326646666508168]",
"[6.255886091821594e-06,0.9942973256111145,0.0019274502992630005,0.00019994060858152807,0.00010728045162977651,0.0010792356915771961,0.0007417424931190908,0.00017590679635759443,0.001324689481407404,0.00014016756904311478]","[4.5849774323869497e-05,0.9467743039131165,0.002387987682595849,0.0005171551601961255,0.0005363119998946786,0.0040405369363725185,0.0017374769086018205,0.0034974084701389074,0.04009587690234184,0.0003670266887638718]","[1.7845270861016616e-07,0.9997522234916687,4.6149216359481215e-06,0.0001654427614994347,4.880585493083345e-06,2.871109427360352e-05,2.279206455568783e-05,2.907731641244027e-06,1.6416883227066137e-05,1.7727815020407434e-06]",,,
"[4.843274382437812e-06,1.1243416338402312e-05,0.00035492630559019744,7.241389994305791e-07,0.0009804625296965241,5.333232184057124e-05,0.9985755681991577,1.6899731463126955e-06,7.780202395224478e-06,9.406794561073184e-06]","[3.45218759321142e-05,3.339229442644864e-05,0.016361048445105553,4.555898613034515e-06,0.00217228545807302,6.204864621395245e-05,0.9810490608215332,6.829897029092535e-05,0.00020732868870254606,7.501742402382661e-06]","[1.3186487194616348e-05,5.9073223383165896e-05,0.0004919317434541881,1.8103188267559744e-05,0.007583691272884607,4.302015440771356e-05,0.9917691946029663,6.561350801348453e-06,1.3588150068244431e-05,1.6146956340890029e-06]","[1.5097939467523247e-06,7.282965270860586e-07,5.149165735929273e-05,4.3947019889856165e-07,0.0012805069563910365,2.2136951884021983e-05,0.9986384510993958,3.493948383948009e-07,2.140641754522221e-06,2.145991174984374e-06]","[5.146724561200244e-06,1.4446458180827904e-06,0.00027210143161937594,2.1896818225286552e-07,0.00012166646047262475,2.771470690277056e-06,0.9995916485786438,1.9213885025237687e-06,2.415239123365609e-06,7.632048664163449e-07]","[1.9047489331569523e-05,1.1340631317580119e-05,0.0036028255708515644,9.831810530158691e-06,0.002247667172923684,6.077510624891147e-05,0.9940181970596313,7.520381132053444e-06,2.1030049538239837e-05,1.7941825944944867e-06]"
"[2.4955904791568173e-06,0.9961873888969421,0.0002444893179927021,0.0017759373877197504,0.00012336856161709875,0.00015550188254565,0.00011630715016508475,0.0003604367666412145,0.0007184423157013953,0.0003156160528305918]","[4.202704531053314e-06,0.9960333704948425,6.873235543025658e-05,0.001681534224189818,0.0001420094631612301,0.0017638896824792027,9.858280827756971e-05,7.193793135229498e-05,9.307810250902548e-05,4.257347609382123e-05]","[2.3597855033585802e-05,0.9620568752288818,0.0009277748176828027,0.012799782678484917,0.0022262742277234793,0.0011591744842007756,0.001075069303624332,0.002808663761243224,0.00490338122472167,0.012019485235214233]","[7.267200089700054e-06,0.9901520609855652,0.001566246966831386,0.002685724990442395,0.00024933426175266504,0.00025304098380729556,0.0014800967182964087,0.0016552213346585631,0.0012833678629249334,0.0006676387274637818]","[6.085656877985457e-06,0.9669002294540405,0.0021490389481186867,0.025824420154094696,0.0007075811154209077,0.0009473336394876242,0.0002243969647679478,0.0003617867478169501,0.002234984654933214,0.000644116138573736]",
"[3.2416075555374846e-05,0.9897359609603882,0.002598351100459695,0.0008687464287504554,0.00010370572272222489,0.0005631664535030723,0.0007069445564411581,0.0013584563275799155,0.002756590023636818,0.001275647897273302]","[8.262762094091158e-06,0.9980410933494568,0.0001000074262265116,0.000765523815061897,4.5460408728104085e-05,0.0001536113122710958,0.00012004392920061946,0.00029677656129933894,0.0003623441734816879,0.0001068973433575593]","[4.487376645556651e-05,0.9900463223457336,0.0009467592462897301,0.004199117887765169,0.0001582273398526013,0.0010152431204915047,0.0010297278640791774,0.0007349463412538171,0.0010122524108737707,0.0008126387256197631]",,,
"[1.1784513844759203e-06,0.9975411891937256,0.0004515820473898202,4.77954454254359e-05,6.642131666012574e-06,3.855106115224771e-05,0.0002784829121083021,0.00010607342119328678,0.001507679233327508,2.083624349324964e-05]","[4.164991906918658e-08,0.9999300241470337,2.0623435830202652e-06,4.009704935015179e-05,1.2440577847883105e-06,3.304056008346379e-06,9.91726938082138e-06,2.6480486212676624e-06,1.0111133633472491e-05,4.6598853487012093e-07]","[4.0824556890584063e-07,0.9997904896736145,1.1905361134267878e-05,1.874221743491944e-05,7.314639788091881e-06,7.25503487046808e-05,7.908079714979976e-05,4.792375420947792e-06,1.3472028513206169e-05,1.269854237762047e-06]","[1.8334829974264721e-06,0.99562668800354,0.00018413348880130798,0.00041159449028782547,9.808715549297631e-05,0.00013048107211943716,0.0023085244465619326,5.237929508439265e-05,0.0010194111382588744,0.0001669298653723672]","[1.2113201819374808e-06,0.9989769458770752,2.5492217901046388e-05,0.00027824376593343914,1.9890845578629524e-05,0.00041159192915074527,0.00016928481636568904,8.035700375330634e-06,9.622332436265424e-05,1.3100699106871616e-05]",
"[1.147908824350452e-05,0.8517955541610718,0.05531325563788414,0.01706656999886036,0.0002039856044575572,0.022086670622229576,0.001489110291004181,0.00030786546994931996,0.05163092538714409,9.453835082240403e-05]","[2.3928967038955307e-06,0.9567933082580566,0.0010625673457980156,0.030123094096779823,0.000150240448419936,0.004945770371705294,0.0002700047625694424,7.954418833833188e-05,0.006569211836904287,3.9174155972432345e-06]","[2.2374400941771455e-05,0.6622802019119263,0.01320568099617958,0.11037705838680267,0.0020883209072053432,0.16720712184906006,0.004754964262247086,0.00021935332915745676,0.039627015590667725,0.00021798450325150043]","[0.0003216512850485742,0.3412208557128906,0.02031751535832882,0.06345287710428238,0.0009354255744256079,0.03881262615323067,0.002183380536735058,0.00798750203102827,0.5245423316955566,0.00022575499315280467]","[1.1264002750976942e-05,0.8698003888130188,0.05838097631931305,0.02354252152144909,0.0003540597390383482,0.021768953651189804,0.01590605266392231,0.00030700021306984127,0.009902091696858406,2.669526293175295e-05]",
"[0.0004617770609911531,4.899264604318887e-05,0.004064659588038921,0.0002761865616776049,4.1436971514485776e-05,0.9911220073699951,0.001933762920089066,1.9496433196763974e-06,0.0019954638555645943,5.382750168791972e-05]","[0.000907527981325984,9.278584184357896e-05,0.000461769406683743,0.0007865996449254453,0.0001498586789239198,0.9877360463142395,0.0012367434101179242,5.267052529234206e-06,0.008576191030442715,4.717176852864213e-05]","[0.0012786203296855092,3.859887510770932e-05,0.0010893815197050571,0.0016723169246688485,0.0005507528549060225,0.9823780655860901,0.010288180783390999,4.639537564798957e-06,0.002559884451329708,0.00013956043403595686]","[0.0007739075226709247,1.970669109141454e-05,0.00047069459105841815,0.0008698604651726782,9.967735968530178e-05,0.9941772222518921,0.0027334410697221756,1.4783796586925746e-06,0.0007977208588272333,5.6284690799657255e-05]",,
"[1.7434853361919522e-05,2.5436784198973328e-06,0.00044975223136134446,9.817956015467644e-05,0.974631130695343,0.00010329400538466871,0.00030729241552762687,0.0008311010897159576,0.0001490803697379306,0.023410215973854065]","[3.698564614751376e-05,2.8744616429321468e-06,0.0030127475038170815,0.00013128768478054553,0.9857969880104065,3.263169128331356e-05,0.00013876202865503728,0.006610013544559479,0.0010623756097629666,0.003175252117216587]","[8.247626283264253e-06,1.9486415112623945e-06,0.00010087587725138292,6.222159572644159e-05,0.9993091821670532,1.1932175766560249e-05,4.6481494791805744e-05,0.0002604936307761818,1.4417927559406962e-05,0.0001841702323872596]",,,
"[9.276718060391431e-07,0.9981915354728699,3.4717697417363524e-05,0.00022405610070563853,2.084428160742391e-05,0.0010525869438424706,0.00019707011233549565,7.103876669134479e-06,0.0002670277317520231,4.032701781397918e-06]","[1.2169016372354236e-05,0.9772157073020935,0.009887178428471088,0.0010250199120491743,9.922022582031786e-05,0.007751089055091143,0.0012869364582002163,0.00012073423567926511,0.0025059329345822334,9.61024416028522e-05]","[4.834227729588747e-05,0.8807114362716675,0.0026495587080717087,0.0018046963959932327,0.0006328712333925068,0.019979989156126976,0.001482357271015644,0.001487390836700797,0.09109661728143692,0.00010667365131666884]","[1.8771871168610232e-07,0.9990240335464478,7.038217518129386e-06,0.0008253966807387769,6.661921815975802e-06,8.226372301578522e-05,2.753758235485293e-05,1.7256860473935376e-06,2.439050149405375e-05,6.814486255279917e-07]","[2.7399099053582177e-05,0.9735174179077148,0.0010884866351261735,0.011814995668828487,0.0002913812641054392,0.007874928414821625,0.0044410256668925285,6.35317774140276e-05,0.0007709353230893612,0.00010979013313772157]",
"[0.0004673193907365203,0.008416877128183842,0.06367147713899612,0.029184097424149513,0.00011637120769592002,0.007607275154441595,0.00045239541213959455,9.56899457378313e-05,0.889715313911438,0.000273168581770733]","[0.0008494965732097626,0.10895230621099472,0.008595811203122139,0.5656118988990784,0.000579504412598908,0.010395304299890995,0.0004602676199283451,0.00018808955792337656,0.30431246757507324,5.483797212946229e-05]","[0.0010294761741533875,0.012613547034561634,0.010192198678851128,0.24696758389472961,0.002200186252593994,0.05779609829187393,0.002789952326565981,7.384742639260367e-05,0.6653996706008911,0.0009375315858051181]","[0.007541855797171593,8.734924631426111e-05,0.000652650254778564,0.004662146791815758,1.6506302927155048e-05,0.0011865802807733417,7.782565808156505e-05,0.00032502098474651575,0.9853541851043701,9.579860488884151e-05]",,
"[4.016966704512015e-05,0.9797898530960083,0.0023505189456045628,0.00031756117823533714,9.121428774960805e-06,0.001105732750147581,0.0005256942822597921,0.0004830645921174437,0.015134480781853199,0.0002437558287056163]","[6.721857062075287e-05,0.9856482744216919,0.0003214908647350967,0.0007073309388943017,5.116636384627782e-05,0.005645467899739742,0.00035666042822413146,0.001822593854740262,0.005222581326961517,0.00015727122081443667]",,,,
"[1.8593590311866137e-06,0.9961748123168945,0.0006991177797317505,4.659893238567747e-05,9.916130693454761e-06,0.0001203008068841882,0.00038071355083957314,0.00012209625856485218,0.0023884994443506002,5.6006141676334664e-05]","[4.2402803046570625e-08,0.9999159574508667,1.741849587233446e-06,5.0415190344210714e-05,1.4245293868953013e-06,5.607925686490489e-06,1.5087345673236996e-05,1.2774124797942932e-06,7.836182703613304e-06,5.88324894579273e-07]",,,,
"[1.3281605788506567e-06,0.9971809387207031,0.0005395815242081881,9.984683856600896e-05,1.804530984372832e-05,0.00018094897677656263,0.0002647576911840588,6.669481081189588e-05,0.0016146327834576368,3.326829755678773e-05]","[3.4209071486657194e-07,0.9993653893470764,3.327786544105038e-05,0.0003141172928735614,1.0828620361280628e-05,7.641943375347182e-05,0.00011138958507217467,7.928669219836593e-06,7.22531767678447e-05,8.097216777969152e-06]","[1.8456057659932412e-06,0.9980663657188416,0.00018897101108450443,0.0001780829334165901,4.524555697571486e-05,0.0001974298938876018,0.0006710119778290391,7.827243098290637e-05,0.0005230169044807553,4.9706930440152064e-05]","[8.219915343943285e-07,0.9974606037139893,0.00047962056123651564,0.001011646119877696,4.35945694334805e-05,0.00025034911232069135,8.948044705903158e-05,1.332154806732433e-05,0.0006330671021714807,1.7503281924291514e-05]",,
