"[0.10493585467338562,0.11325684189796448,0.0932825356721878,0.10195910185575485,0.09361084550619125,0.11301542818546295,0.0955687165260315,0.09213141351938248,0.10433974117040634,0.0878995731472969]","[0.0946916863322258,0.10810890793800354,0.10547112673521042,0.09616424888372421,0.08575219660997391,0.09906473755836487,0.11454833298921585,0.12216202169656754,0.084020234644413,0.09001655876636505]","[0.08433690667152405,0.08973526209592819,0.09698477387428284,0.10545314103364944,0.09626569598913193,0.10765920579433441,0.1228010430932045,0.09026022255420685,0.09947811812162399,0.10702569037675858]","[0.08969710022211075,0.10550907254219055,0.09562231600284576,0.09768616408109665,0.10736919194459915,0.11014163494110107,0.10169292241334915,0.08616887032985687,0.1114727035164833,0.09464003890752792]","[0.08517978340387344,0.082465760409832,0.10296501964330673,0.12629181146621704,0.10561461001634598,0.09034949541091919,0.10077552497386932,0.10612170398235321,0.08661293238401413,0.11362335085868835]","[0.12268158793449402,0.09275069087743759,0.09769339859485626,0.10662467032670975,0.09797149896621704,0.09513353556394577,0.09460628032684326,0.0917322039604187,0.09642136096954346,0.10438482463359833]"
"[0.09743275493383408,0.10585763305425644,0.08560562878847122,0.13837116956710815,0.08767781406641006,0.10591506958007812,0.10264548659324646,0.0831817239522934,0.11113324761390686,0.08217943459749222]","[0.09103408455848694,0.10073933005332947,0.1094004288315773,0.10280314087867737,0.08040587604045868,0.10072478652000427,0.11321351677179337,0.12751390039920807,0.08275864273309708,0.09140633046627045]","[0.0948762446641922,0.06459106504917145,0.07314937561750412,0.19711200892925262,0.0747360810637474,0.07415267080068588,0.10624152421951294,0.07313849776983261,0.14246799051761627,0.09953460097312927]","[0.08259954303503036,0.10870034247636795,0.08913712203502655,0.10193345695734024,0.11017105728387833,0.10974350571632385,0.09894953668117523,0.07990715652704239,0.12790457904338837,0.09095370024442673]","[0.08746796101331711,0.07352080196142197,0.08859484642744064,0.11940184235572815,0.10391122102737427,0.06950490176677704,0.09394901245832443,0.12714359164237976,0.10388249903917313,0.13262337446212769]","[0.0979815423488617,0.08014547824859619,0.11223617941141129,0.10305843502283096,0.09254584461450577,0.10580963641405106,0.1307721585035324,0.07563874125480652,0.08316856622695923,0.1186433881521225]"
"[0.10835547745227814,0.10487526655197144,0.08000379800796509,0.11353907734155655,0.09214415401220322,0.10645493865013123,0.08798523247241974,0.09290477633476257,0.1365528255701065,0.07718446850776672]","[0.09554651379585266,0.09080250561237335,0.10694634169340134,0.09467252343893051,0.08156383037567139,0.08268753439188004,0.12801317870616913,0.15770699083805084,0.07968579232692719,0.08237476646900177]","[0.07830348610877991,0.06628098338842392,0.08626074343919754,0.11253724992275238,0.09101656824350357,0.0999203771352768,0.15312039852142334,0.09120015054941177,0.10213227570056915,0.11922770738601685]","[0.08474580943584442,0.10603373497724533,0.09623017907142639,0.10050807148218155,0.10623985528945923,0.11767953634262085,0.10951060056686401,0.08733402192592621,0.09745237976312637,0.09426575154066086]","[0.08903942257165909,0.06495305150747299,0.11034522205591202,0.13732872903347015,0.10216588526964188,0.07602973282337189,0.09344544261693954,0.13033530116081238,0.07694204896688461,0.11941517144441605]","[0.13502198457717896,0.07659050822257996,0.09748099744319916,0.11327186971902847,0.10094139724969864,0.07600633800029755,0.09060584753751755,0.0950981006026268,0.10014326870441437,0.11483966559171677]"
"[0.12535308301448822,0.1348804384469986,0.06701027601957321,0.1162659153342247,0.07953640818595886,0.1263119876384735,0.10390783101320267,0.07374119758605957,0.10108841210603714,0.07190448045730591]","[0.07650298625230789,0.095924012362957,0.08252120763063431,0.10090930759906769,0.08990640938282013,0.09456657618284225,0.1860591173171997,0.08873287588357925,0.08673937618732452,0.09813815355300903]","[0.057622216641902924,0.060373853892087936,0.09611013531684875,0.10797908157110214,0.08658753335475922,0.11736523360013962,0.2368973195552826,0.056246329098939896,0.07328677922487259,0.10753148794174194]","[0.07990308851003647,0.11189005523920059,0.08871108293533325,0.10948808491230011,0.10228947550058365,0.12930382788181305,0.09095873683691025,0.06597594171762466,0.1426365226507187,0.07884310930967331]","[0.10198941826820374,0.06792993098497391,0.11075741052627563,0.0858936458826065,0.09913887083530426,0.07690692692995071,0.12139163911342621,0.1311735212802887,0.08676692843437195,0.11805171519517899]","[0.12830699980258942,0.06665892899036407,0.08150076866149902,0.14339295029640198,0.08645453304052353,0.06463982909917831,0.12420619279146194,0.06683102250099182,0.12309586256742477,0.11491291224956512]"
"[0.13925431668758392,0.12251286953687668,0.0679805725812912,0.10587520152330399,0.07906252145767212,0.09828974306583405,0.10183067619800568,0.09047923982143402,0.12072780728340149,0.07398703694343567]","[0.08733289688825607,0.07811014354228973,0.10401470959186554,0.07920098304748535,0.099601611495018,0.07952958345413208,0.15922121703624725,0.12883993983268738,0.08095142990350723,0.10319744050502777]","[0.08511640131473541,0.06256820261478424,0.06398295611143112,0.09007972478866577,0.09868624806404114,0.08806806802749634,0.16447801887989044,0.09600062668323517,0.10258444398641586,0.1484353244304657]","[0.0721302181482315,0.11011933535337448,0.08385848253965378,0.09222973138093948,0.15496192872524261,0.1399926245212555,0.09298075735569,0.059980608522892,0.11704964190721512,0.07669667154550552]","[0.07604757696390152,0.0474817268550396,0.10355061292648315,0.1292446404695511,0.14047230780124664,0.06717775762081146,0.14188149571418762,0.11660740524530411,0.06378970295190811,0.11374679207801819]","[0.11439722776412964,0.07325204461812973,0.1631600260734558,0.07594434171915054,0.09438870847225189,0.0731799528002739,0.12594720721244812,0.0658021941781044,0.0924416035413742,0.12148665636777878]"
"[0.16906550526618958,0.18552523851394653,0.05163351073861122,0.09258081763982773,0.07170987874269485,0.12070251256227493,0.08819904923439026,0.03708358108997345,0.1348370462656021,0.04866287484765053]","[0.08222947269678116,0.09522312879562378,0.13883008062839508,0.08746489137411118,0.09575881063938141,0.08991215378046036,0.16115576028823853,0.09591405093669891,0.06680169701576233,0.08670999109745026]","[0.07759622484445572,0.07920297235250473,0.09849698841571808,0.10607404261827469,0.10017553716897964,0.09372951090335846,0.17908751964569092,0.07455301284790039,0.08747771382331848,0.10360650718212128]","[0.07702551037073135,0.13914081454277039,0.10621699690818787,0.12157895416021347,0.10108281672000885,0.12455743551254272,0.08745375275611877,0.07070739567279816,0.09931763261556625,0.07291867583990097]","[0.08240741491317749,0.0549401119351387,0.16932521760463715,0.142995223402977,0.1266176551580429,0.05259412154555321,0.08696118742227554,0.09138673543930054,0.06588908284902573,0.12688326835632324]","[0.13477963209152222,0.10555057972669601,0.1515372395515442,0.08334479480981827,0.0917491763830185,0.07979637384414673,0.12746140360832214,0.055912088602781296,0.09886931627988815,0.0709993988275528]"
"[0.0805741474032402,0.11603819578886032,0.07397181540727615,0.09038592875003815,0.09382454305887222,0.09821305423974991,0.14042474329471588,0.08885633945465088,0.11831497400999069,0.09939621388912201]","[0.07453468441963196,0.1307644546031952,0.08902254700660706,0.07971926033496857,0.08863676339387894,0.08527747541666031,0.15830592811107635,0.09306073933839798,0.07760802656412125,0.12307016551494598]","[0.03946521133184433,0.05818295478820801,0.08624222129583359,0.08774331212043762,0.10645741969347,0.13459385931491852,0.25452202558517456,0.053483862429857254,0.06276512145996094,0.11654405295848846]","[0.05174318701028824,0.14851601421833038,0.07563767582178116,0.08820166438817978,0.1450747847557068,0.15521672368049622,0.09654827415943146,0.05481638386845589,0.10274618119001389,0.08149906992912292]","[0.07364922761917114,0.08117171376943588,0.07973941415548325,0.08808542788028717,0.15589579939842224,0.04694026708602905,0.11258461326360703,0.1273222416639328,0.1113695576786995,0.12324170023202896]","[0.08464662730693817,0.08655042946338654,0.07771755754947662,0.1103946790099144,0.08473119884729385,0.06322789937257767,0.13305065035820007,0.06920845806598663,0.12965236604213715,0.1608201414346695]"
"[0.07997001707553864,0.09668795019388199,0.037070661783218384,0.12499955296516418,0.09320123493671417,0.10841845721006393,0.11671580374240875,0.13869759440422058,0.12325393408536911,0.08098480105400085]","[0.05049994960427284,0.08280956000089645,0.07254848629236221,0.13715338706970215,0.08938218653202057,0.07115517556667328,0.09234767407178879,0.17637835443019867,0.1329282969236374,0.09479695558547974]","[0.03670937567949295,0.04216817021369934,0.035398852080106735,0.18226838111877441,0.07377596944570541,0.09313686937093735,0.09196896851062775,0.09151667356491089,0.22999733686447144,0.12305939197540283]","[0.02415662631392479,0.0733242779970169,0.09535729140043259,0.13947269320487976,0.1951497197151184,0.20136037468910217,0.03907790407538414,0.05192102491855621,0.13568750023841858,0.04449255019426346]","[0.045218575745821,0.030843719840049744,0.12778274714946747,0.10047537833452225,0.08178242295980453,0.02757561206817627,0.06152989715337753,0.15249088406562805,0.04312826320528984,0.3291725516319275]","[0.049615226686000824,0.06808588653802872,0.09181137382984161,0.10963036864995956,0.09972132742404938,0.045181211084127426,0.08439101278781891,0.09600668400526047,0.22892430424690247,0.12663257122039795]"
"[0.047271184623241425,0.047187067568302155,0.06085575371980667,0.1133706346154213,0.21930694580078125,0.09383184462785721,0.07800134271383286,0.08905097097158432,0.0994097888469696,0.151714488863945]","[0.04635410010814667,0.03989775851368904,0.062374092638492584,0.09438691288232803,0.21902398765087128,0.0649191290140152,0.09368235617876053,0.12297600507736206,0.07865367829799652,0.17773200571537018]","[0.033225513994693756,0.023355785757303238,0.040491193532943726,0.115021251142025,0.2606167495250702,0.05580274388194084,0.1099100410938263,0.07942093908786774,0.08779286593198776,0.19436290860176086]","[0.03254430368542671,0.05123595893383026,0.05644518509507179,0.08131100982427597,0.296332448720932,0.11303259432315826,0.05956524237990379,0.06479576975107193,0.10641742497682571,0.13832007348537445]","[0.03599642589688301,0.023586275056004524,0.08826938271522522,0.06190197914838791,0.1658433973789215,0.04071617126464844,0.06389287114143372,0.11322758346796036,0.03889303654432297,0.367672860622406]","[0.07940477132797241,0.04086165130138397,0.11904460191726685,0.07047250866889954,0.08779303729534149,0.03424826264381409,0.045675233006477356,0.052634287625551224,0.12614253163337708,0.3437231779098511]"
"[0.10564330965280533,0.1818627119064331,0.08852129429578781,0.10326359421014786,0.03969184681773186,0.15273410081863403,0.07738488912582397,0.03266867250204086,0.19530348479747772,0.022926071658730507]","[0.11729929596185684,0.34013158082962036,0.047229111194610596,0.0322318971157074,0.03750113397836685,0.1083582267165184,0.0768994688987732,0.014818120747804642,0.17102669179439545,0.05450444668531418]","[0.10653304308652878,0.11587320268154144,0.1069057509303093,0.07068613916635513,0.03909109905362129,0.16844810545444489,0.09690386801958084,0.026242172345519066,0.1932612806558609,0.07605534791946411]","[0.04402092844247818,0.18546578288078308,0.12725003063678741,0.08018041402101517,0.07144196331501007,0.3318767249584198,0.029038749635219574,0.014654217287898064,0.10240190476179123,0.013669321313500404]","[0.1551763117313385,0.12847962975502014,0.17172668874263763,0.06055580452084541,0.054339293390512466,0.07950620353221893,0.06833356618881226,0.05754435434937477,0.18440808355808258,0.0399300754070282]","[0.09381870180368423,0.14925840497016907,0.10805398970842361,0.07662978768348694,0.04165063053369522,0.147689551115036,0.11009775102138519,0.02436348795890808,0.20825661718845367,0.04018102586269379]"
"[0.03902057930827141,0.03365958482027054,0.04128900170326233,0.0786617249250412,0.21081173419952393,0.1128987967967987,0.052504200488328934,0.16347739100456238,0.17307637631893158,0.0946006327867508]","[0.0632348582148552,0.03700855001807213,0.051634207367897034,0.028411606326699257,0.16966021060943604,0.05709003657102585,0.066507987678051,0.13169752061367035,0.16811661422252655,0.22663840651512146]","[0.030806003138422966,0.02041693404316902,0.03548288717865944,0.05231780558824539,0.1929876059293747,0.07197209447622299,0.08501050621271133,0.1210826113820076,0.16541343927383423,0.2245101034641266]","[0.023369379341602325,0.03581054136157036,0.05644658952951431,0.03685329481959343,0.31846222281455994,0.19302496314048767,0.04323587194085121,0.08439122885465622,0.1124873012304306,0.09591859579086304]","[0.03327168896794319,0.013284772634506226,0.08097603917121887,0.04761119931936264,0.19533485174179077,0.048632360994815826,0.044146254658699036,0.20661157369613647,0.05002199113368988,0.28010934591293335]","[0.07571487128734589,0.03326081112027168,0.09619848430156708,0.037890493869781494,0.06897054612636566,0.03575466573238373,0.02971402183175087,0.0721350908279419,0.28535082936286926,0.26501014828681946]"
"[0.04582127556204796,0.08861935138702393,0.03172604739665985,0.055506158620119095,0.1053578332066536,0.10561110079288483,0.03588882088661194,0.04682953283190727,0.3838321566581726,0.10080773383378983]","[0.04479040205478668,0.06729645282030106,0.06733783334493637,0.030686458572745323,0.1549256145954132,0.0981583297252655,0.07418902218341827,0.128003790974617,0.18579278886318207,0.14881935715675354]","[0.03123330883681774,0.03284637629985809,0.036836594343185425,0.04643584415316582,0.13696269690990448,0.06676449626684189,0.07541967928409576,0.04983680695295334,0.2882820665836334,0.23538213968276978]","[0.02117931842803955,0.07079720497131348,0.037143368273973465,0.028917821124196053,0.1888585239648819,0.13568945229053497,0.029793238267302513,0.031208615750074387,0.38575372099876404,0.07065869867801666]","[0.013164322823286057,0.008460714481770992,0.06018667668104172,0.011676531285047531,0.35324376821517944,0.010345815680921078,0.007779022678732872,0.2480931133031845,0.09896573424339294,0.18808433413505554]","[0.05470731481909752,0.07515561580657959,0.07070671766996384,0.02105274796485901,0.03752730414271355,0.0411548838019371,0.0214399266988039,0.03217205032706261,0.4298257827758789,0.2162577211856842]"
"[0.583702564239502,0.003081568982452154,0.056473035365343094,0.040688298642635345,0.01700243353843689,0.10258394479751587,0.10871725529432297,0.06401066482067108,0.01306924968957901,0.010671022348105907]","[0.830725908279419,0.0020173187367618084,0.022806692868471146,0.008377261459827423,0.0063349055126309395,0.025855369865894318,0.054062940180301666,0.018260542303323746,0.0134021220728755,0.018156876787543297]","[0.6755790710449219,0.0019385332707315683,0.0344412699341774,0.02276107296347618,0.011087358929216862,0.042107317596673965,0.1303720921278,0.03171510621905327,0.026384802535176277,0.02361326850950718]","[0.6019197106361389,0.0056504798121750355,0.053569525480270386,0.02899332530796528,0.021825863048434258,0.14416079223155975,0.05449090152978897,0.027232220396399498,0.043928418308496475,0.018228841945528984]","[0.7527068257331848,0.0012511538807302713,0.08173711597919464,0.010532914660871029,0.006329912692308426,0.009880678728222847,0.048596177250146866,0.03505384176969528,0.004001806490123272,0.049909673631191254]","[0.8429058194160461,0.0012300019152462482,0.020371463149785995,0.015241495333611965,0.0031463117338716984,0.011402818374335766,0.05188130587339401,0.01605752483010292,0.01598658226430416,0.021776694804430008]"
"[0.03829482942819595,0.15840335190296173,0.08741375803947449,0.4084855318069458,0.006638092454522848,0.15847738087177277,0.05258079245686531,0.008175671100616455,0.07252369821071625,0.009006977081298828]","[0.022778337821364403,0.17394569516181946,0.11357925087213516,0.32085075974464417,0.00574352266266942,0.09335397183895111,0.19589634239673615,0.01773553155362606,0.045802291482686996,0.010314292274415493]","[0.023916097357869148,0.06947015225887299,0.09018249064683914,0.41943636536598206,0.005766815505921841,0.12594759464263916,0.16663247346878052,0.0105673186480999,0.07042201608419418,0.0176586601883173]","[0.030822649598121643,0.3640272617340088,0.2079007625579834,0.13848935067653656,0.004098950419574976,0.04337645322084427,0.03440438210964203,0.008418472483754158,0.16354696452617645,0.004914712160825729]","[0.06373361498117447,0.11775470525026321,0.2078273892402649,0.2793647348880768,0.007880625315010548,0.06411594897508621,0.13583993911743164,0.022186502814292908,0.0686933621764183,0.032603129744529724]","[0.06274434924125671,0.1784057468175888,0.13845624029636383,0.31231755018234253,0.004025728441774845,0.06558985263109207,0.05328415334224701,0.007807111833244562,0.15736760199069977,0.020001696422696114]"
"[0.019865773618221283,0.37134766578674316,0.02024904079735279,0.030022716149687767,0.020927846431732178,0.1177968829870224,0.04828319326043129,0.01013569999486208,0.3475808799266815,0.013790313154459]","[0.033049773424863815,0.37504109740257263,0.028917677700519562,0.009637843817472458,0.025728704407811165,0.11407169699668884,0.07926637679338455,0.01110486127436161,0.28340768814086914,0.03977421298623085]","[0.015889843925833702,0.21596966683864594,0.030803944915533066,0.029004765674471855,0.024273190647363663,0.18039079010486603,0.09121029824018478,0.008355663157999516,0.36161017417907715,0.04249167814850807]","[0.012222588993608952,0.34278133511543274,0.018218616023659706,0.016425983980298042,0.020541919395327568,0.10569368302822113,0.021068254485726357,0.004521489609032869,0.4501432180404663,0.008382877334952354]","[0.03300151228904724,0.2684347331523895,0.028994865715503693,0.015992939472198486,0.030406035482883453,0.035947464406490326,0.03987138718366623,0.01749788038432598,0.5042921304702759,0.025561070069670677]","[0.026012931019067764,0.2416173368692398,0.028960151597857475,0.023367859423160553,0.0186484232544899,0.09183888137340546,0.07966065406799316,0.008027918636798859,0.44052964448928833,0.04133618250489235]"
"[0.007426321506500244,0.09952350705862045,0.02043103240430355,0.08180449157953262,0.0319264680147171,0.042564116418361664,0.023647431284189224,0.4355279803276062,0.1440296620130539,0.1131189614534378]","[0.00580105185508728,0.08534969389438629,0.03252393752336502,0.09005830436944962,0.018879065290093422,0.022449273616075516,0.01271066814661026,0.491237074136734,0.15443938970565796,0.08655151724815369]","[0.004881078843027353,0.057144083082675934,0.03336894512176514,0.09975997358560562,0.0240454263985157,0.0201634019613266,0.017925163730978966,0.370016485452652,0.22633764147758484,0.1463577151298523]","[0.0038738278672099113,0.1419687718153,0.04317649453878403,0.14993813633918762,0.03180510923266411,0.05066157132387161,0.007364240009337664,0.22005511820316315,0.29382216930389404,0.05733455717563629]","[0.004037490580230951,0.014106187038123608,0.05919359251856804,0.10647440701723099,0.032241906970739365,0.004671344067901373,0.005687972530722618,0.5165674686431885,0.045559901744127274,0.21145972609519958]","[0.005420496221631765,0.08665424585342407,0.03028102219104767,0.12302051484584808,0.011526587419211864,0.025662066414952278,0.012632669880986214,0.2961542010307312,0.20995329320430756,0.19869492948055267]"
"[0.007595683913677931,0.02580503188073635,0.08501153439283371,0.290653795003891,0.14717425405979156,0.16046234965324402,0.027043743059039116,0.06134334206581116,0.09739170223474503,0.09751854091882706]","[0.007547586690634489,0.018843943253159523,0.182902529835701,0.18008920550346375,0.14045794308185577,0.11694256961345673,0.03707452490925789,0.13436506688594818,0.06518994271755219,0.11658667027950287]","[0.005470257252454758,0.012654336169362068,0.10623743385076523,0.24671052396297455,0.1264774352312088,0.09009235352277756,0.03637297824025154,0.0704997107386589,0.1119481548666954,0.19353672862052917]","[0.00546741858124733,0.021722501143813133,0.13707874715328217,0.2516588866710663,0.13004188239574432,0.12427574396133423,0.021715756505727768,0.06786254793405533,0.14228151738643646,0.09789495915174484]","[0.00557373184710741,0.005845207720994949,0.19719763100147247,0.2642834186553955,0.1465752124786377,0.025392640382051468,0.0165640190243721,0.10807692259550095,0.03278476744890213,0.1977064609527588]","[0.016170112416148186,0.02537471614778042,0.2700789272785187,0.25973954796791077,0.09384749829769135,0.03207598254084587,0.022280925884842873,0.06495095789432526,0.15189945697784424,0.0635819137096405]"
"[0.14186348021030426,0.027617933228611946,0.10951390117406845,0.008177568204700947,0.0719529390335083,0.19713182747364044,0.06914150714874268,0.006326984614133835,0.34067222476005554,0.027601661160588264]","[0.12179520726203918,0.023525133728981018,0.256998211145401,0.004536493215709925,0.08971434086561203,0.11236780136823654,0.13971149921417236,0.015752360224723816,0.20596900582313538,0.029629932716488838]","[0.11052960157394409,0.0172259621322155,0.11205675452947617,0.0036358172073960304,0.04937507212162018,0.07582741230726242,0.1267000138759613,0.00818623136729002,0.4296650290489197,0.06679809093475342]","[0.04029591381549835,0.020580891519784927,0.19951143860816956,0.0034701668191701174,0.13289597630500793,0.3596603274345398,0.06201617792248726,0.0053560771048069,0.15915647149085999,0.017056545242667198]","[0.0882081389427185,0.011325167492032051,0.3191513419151306,0.00997325498610735,0.1310911774635315,0.10292662680149078,0.1198747530579567,0.010448403656482697,0.1571791172027588,0.049822114408016205]","[0.10814163833856583,0.015304645523428917,0.24829624593257904,0.0054514529183506966,0.060518525540828705,0.09355445951223373,0.1561008095741272,0.007552823517471552,0.24708662927150726,0.05799269303679466]"
"[0.03003639169037342,0.23377898335456848,0.36906781792640686,0.03904028609395027,0.02170664258301258,0.07047189027070999,0.1533474326133728,0.003655616659671068,0.06688463687896729,0.01201033964753151]","[0.020315254107117653,0.14140963554382324,0.5000556111335754,0.024170489981770515,0.021896062418818474,0.051314614713191986,0.1974649727344513,0.004529545083642006,0.0280742309987545,0.01076959166675806]","[0.014175900258123875,0.09679590910673141,0.5383955240249634,0.03612479194998741,0.027132412418723106,0.04947906360030174,0.17827652394771576,0.0034770360216498375,0.0448700375854969,0.011272814124822617]","[0.017808154225349426,0.22898370027542114,0.40111273527145386,0.03358316421508789,0.03250400722026825,0.09338414669036865,0.13721956312656403,0.0029427125118672848,0.041764240711927414,0.010697588324546814]","[0.02622493915259838,0.13241693377494812,0.4901669919490814,0.029229944571852684,0.025304673239588737,0.034316737204790115,0.19413138926029205,0.00438270065933466,0.043597932904958725,0.020227745175361633]","[0.024938242509961128,0.15600985288619995,0.45498839020729065,0.03768986091017723,0.015685956925153732,0.05156804621219635,0.19209793210029602,0.002911156276240945,0.04823284596204758,0.01587778329849243]"
"[0.0026347148232162,0.001773024327121675,0.005292690359055996,0.013272996991872787,0.6031238436698914,0.027047310024499893,0.005695408210158348,0.03636670112609863,0.055098406970500946,0.24969488382339478]","[0.0015701757511124015,0.0012646284885704517,0.006352687254548073,0.007052593398839235,0.7077536582946777,0.01618207059800625,0.006922191474586725,0.06259632855653763,0.02871440164744854,0.16159124672412872]","[0.0014840393560007215,0.0009661493822932243,0.0055165840312838554,0.006706738844513893,0.516355037689209,0.012537888251245022,0.006982399616390467,0.03684527799487114,0.0377383790910244,0.3748675286769867]","[0.0009659519419074059,0.001085586496628821,0.005392283666878939,0.008074995130300522,0.8611718416213989,0.024103444069623947,0.002681958954781294,0.013872785493731499,0.03132717311382294,0.051323842257261276]","[0.0018240499775856733,0.0007789366645738482,0.005164072383195162,0.009772025980055332,0.626180112361908,0.014057237654924393,0.004906667862087488,0.030162349343299866,0.02569682151079178,0.2814577519893646]","[0.002244553528726101,0.0014031315222382545,0.005075056571513414,0.010446111671626568,0.3706575036048889,0.02249947190284729,0.0056746890768408775,0.029835889115929604,0.052389707416296005,0.4997738301753998]"
"[0.004176619462668896,0.000729448045603931,0.005376594606786966,0.0010939076310023665,0.9100852608680725,0.003908257465809584,0.0042609237134456635,0.010257482528686523,0.006852464750409126,0.053259097039699554]","[0.0025682600680738688,0.000545426388271153,0.007052280008792877,0.0005851241876371205,0.9164412021636963,0.003013815963640809,0.005201269872486591,0.012308799661695957,0.0034661609679460526,0.0488177165389061]","[0.0021436200477182865,0.0004522781528066844,0.005099576432257891,0.0008471267647109926,0.8968966603279114,0.0029261820018291473,0.006289348937571049,0.007796654477715492,0.005617532879114151,0.07193104922771454]","[0.0018135772552341223,0.0005344367236830294,0.005654283799231052,0.000715897767804563,0.9367111325263977,0.0037033879198133945,0.002908253576606512,0.005106654018163681,0.004666519816964865,0.038185812532901764]","[0.0016507137333974242,0.00025399005971848965,0.007969440892338753,0.0006808034959249198,0.9084599018096924,0.0010493479203432798,0.002565356669947505,0.007346748374402523,0.0018437401158735156,0.06818002462387085]","[0.00965278223156929,0.00118628132622689,0.019639521837234497,0.0014961252454668283,0.7425892353057861,0.003684495808556676,0.005143958609551191,0.011062241159379482,0.01548381894826889,0.19006149470806122]"
"[0.0061350977048277855,0.017991632223129272,0.028466565534472466,0.07120170444250107,0.13072121143341064,0.18903301656246185,0.041002389043569565,0.008796303533017635,0.41719838976860046,0.08945368230342865]","[0.008756506256759167,0.023369619622826576,0.032821737229824066,0.05270373821258545,0.07785966247320175,0.06943299621343613,0.047490086406469345,0.018498308956623077,0.5795352458953857,0.08953212201595306]","[0.00427951430901885,0.007963726297020912,0.02982543595135212,0.07888872921466827,0.06398066878318787,0.09836011379957199,0.06467963755130768,0.005980834364891052,0.4107193648815155,0.23532195389270782]","[0.003286677412688732,0.015923412516713142,0.021815089508891106,0.04170406237244606,0.0596371665596962,0.06789866089820862,0.016528943553566933,0.00479565653949976,0.7084898948669434,0.05992047116160393]","[0.008920860476791859,0.011380838230252266,0.04076611250638962,0.055538568645715714,0.143296480178833,0.03958854451775551,0.037907131016254425,0.023606423288583755,0.4807308316230774,0.15826423466205597]","[0.006653296295553446,0.009994527325034142,0.02656780555844307,0.05541995167732239,0.0305416751652956,0.01902530901134014,0.016179334372282028,0.005154143087565899,0.7678900957107544,0.0625738799571991]"
"[0.002455679466947913,0.004789155442267656,0.00350982416421175,0.040296122431755066,0.031203171238303185,0.022101368755102158,0.017057979479432106,0.6628647446632385,0.14955273270606995,0.06616927683353424]","[0.00798631738871336,0.01568811573088169,0.003385120304301381,0.010960426181554794,0.014052764512598515,0.012588126584887505,0.00902754720300436,0.15597176551818848,0.5285680890083313,0.24177172780036926]","[0.001760505372658372,0.002991841873154044,0.004610956646502018,0.030179711058735847,0.013333965092897415,0.015491864643990993,0.015175833366811275,0.09144213795661926,0.2863827645778656,0.5386304259300232]","[0.002632756717503071,0.011607256717979908,0.018108142539858818,0.06603937596082687,0.08995936810970306,0.1025223359465599,0.007250954397022724,0.11640679836273193,0.5050915479660034,0.08038150519132614]","[0.003553005401045084,0.0035892075393348932,0.006272267550230026,0.022423522546887398,0.024833355098962784,0.004664217587560415,0.007339190691709518,0.4024096429347992,0.29655545949935913,0.2283601313829422]","[0.003254982177168131,0.012133633717894554,0.0030680152121931314,0.013787871226668358,0.00650308933109045,0.006204084027558565,0.005669028963893652,0.09881404042243958,0.723547101020813,0.12701815366744995]"
"[0.01819397509098053,0.002642157720401883,0.0029739555902779102,0.03109903633594513,0.005849736742675304,0.8846078515052795,0.0011895267525687814,0.0022186299320310354,0.04098459705710411,0.010240420699119568]","[0.025653263553977013,0.0033099777065217495,0.004158158786594868,0.028442855924367905,0.006172113120555878,0.8574183583259583,0.0019276289967820048,0.004284755792468786,0.05424109101295471,0.01439175195991993]","[0.016220157966017723,0.0019419793970882893,0.004154373425990343,0.04201039299368858,0.00657594483345747,0.8247044086456299,0.0023967695888131857,0.002736591035500169,0.06738249957561493,0.031876951456069946]","[0.00955705065280199,0.002934735966846347,0.004369423724710941,0.03755761682987213,0.009275377728044987,0.9015917778015137,0.0006309301825240254,0.0009842737345024943,0.02975323051214218,0.0033456883393228054]","[0.05565210431814194,0.004587298724800348,0.0060718790628015995,0.04227970540523529,0.0230354443192482,0.3360186815261841,0.0022037054877728224,0.01652935892343521,0.4817064702510834,0.0319153256714344]","[0.03871109336614609,0.006213897839188576,0.00598773593083024,0.026475997641682625,0.008699525147676468,0.7474035024642944,0.002629872877150774,0.005620812065899372,0.12953604757785797,0.028721503913402557]"
"[0.0007289273198693991,0.010953139513731003,0.8952682614326477,0.06897550821304321,0.0004151766188442707,0.001205049455165863,0.007506218738853931,0.009243118576705456,0.004331811331212521,0.001372731989249587]","[0.0005021650576964021,0.011440075002610683,0.9278443455696106,0.04059557989239693,0.00023836658510845155,0.0008364937384612858,0.005582834593951702,0.010773523710668087,0.001367304939776659,0.0008193535613827407]","[0.00041027471888810396,0.0069592054933309555,0.8895474076271057,0.07710567116737366,0.0003463338944129646,0.0010505691170692444,0.012540608644485474,0.007004910614341497,0.0028041251935064793,0.0022310535423457623]","[0.0002989632193930447,0.013149929232895374,0.9119681715965271,0.060309283435344696,0.00047006341628730297,0.001495750853791833,0.0035879521165043116,0.004829291719943285,0.003170117037370801,0.0007204075809568167]","[0.0002465224824845791,0.0017055176431313157,0.955600380897522,0.033715687692165375,0.00021845388982910663,0.00016434786084573716,0.0017829092685133219,0.004636360332369804,0.000725214893463999,0.0012046355986967683]","[0.0004467700491659343,0.008072896860539913,0.9328375458717346,0.047563377767801285,0.0001433493453077972,0.0003077017900068313,0.003061938099563122,0.004241167567670345,0.0025353161618113518,0.0007898657931946218]"
"[0.002394908806309104,0.030538352206349373,0.02414821833372116,0.019405649974942207,0.3508237898349762,0.09088543057441711,0.026965627446770668,0.012699956074357033,0.3330722153186798,0.10906589031219482]","[0.0018701180815696716,0.04812883958220482,0.03540180251002312,0.03996441885828972,0.23590146005153656,0.0708995833992958,0.023565249517560005,0.014159577898681164,0.4470233619213104,0.08308552205562592]","[0.001562643563374877,0.017074836418032646,0.03710370883345604,0.02859044261276722,0.213368758559227,0.07053140550851822,0.027552645653486252,0.008294707164168358,0.42338258028030396,0.17253834009170532]","[0.0012419703416526318,0.03162515535950661,0.04372365400195122,0.035108935087919235,0.2447650134563446,0.10061728209257126,0.007714302744716406,0.00633315509185195,0.4815734028816223,0.047297101467847824]","[0.0034931180998682976,0.017039965838193893,0.11266873776912689,0.0252134520560503,0.31777992844581604,0.0528668574988842,0.016098475083708763,0.020403647795319557,0.23638039827346802,0.1980554610490799]","[0.0024670104030519724,0.02342504821717739,0.04636618494987488,0.041116900742053986,0.1312219202518463,0.028118358924984932,0.00842150766402483,0.007334292400628328,0.6286066770553589,0.08292201906442642]"
"[0.011972734704613686,0.004861042369157076,0.009822914376854897,0.004045431036502123,0.0074307615868747234,0.03790609911084175,0.9068610668182373,0.0001796658762032166,0.014868944883346558,0.002051254967227578]","[0.006833472289144993,0.002290787175297737,0.012791316956281662,0.001596892368979752,0.0038867967668920755,0.015363140031695366,0.9516742825508118,0.00016429096285719424,0.0037900535389781,0.0016090447315946221]","[0.004585117567330599,0.0014634698163717985,0.006913047283887863,0.0017463902477174997,0.0036595051642507315,0.013741073198616505,0.9606292247772217,9.784133726498112e-05,0.005086988676339388,0.0020773576106876135]","[0.009173629805445671,0.004838228691369295,0.0256844162940979,0.004193267785012722,0.008927500806748867,0.05026865750551224,0.880775511264801,0.00017148902406916022,0.013958210125565529,0.0020091235637664795]","[0.02107909880578518,0.0037563713267445564,0.06529278308153152,0.006101017817854881,0.09164225310087204,0.031265925616025925,0.7414907813072205,0.002332752337679267,0.02553032524883747,0.011508706957101822]","[0.015085870400071144,0.004369654227048159,0.02310633473098278,0.004758985247462988,0.005100742448121309,0.018897628411650658,0.9092661738395691,0.00024130001838784665,0.016045499593019485,0.0031277837697416544]"
"[0.005140752997249365,0.07667633891105652,0.007431906647980213,0.13066627085208893,0.0034817697014659643,0.09513705223798752,0.0029933990444988012,0.005281577352434397,0.6640681028366089,0.009122859686613083]","[0.0035219360142946243,0.06491556018590927,0.02775864116847515,0.1638423055410385,0.005236473865807056,0.10111702233552933,0.0052149794064462185,0.00793969351798296,0.6067517399787903,0.013701621443033218]","[0.002301477361470461,0.024664780125021935,0.027628984302282333,0.1892019361257553,0.0037107160314917564,0.10835984349250793,0.0050050062127411366,0.004256024491041899,0.617196798324585,0.017674434930086136]","[0.0022081679198890924,0.059353165328502655,0.031734902411699295,0.19015377759933472,0.004991639871150255,0.13541147112846375,0.0018360101385042071,0.003255375660955906,0.5640115737915039,0.007043994497507811]","[0.0057746050879359245,0.04517078027129173,0.061357565224170685,0.13375799357891083,0.0055180760100483894,0.052000027149915695,0.004690162837505341,0.015286252833902836,0.6516871452331543,0.02475741133093834]","[0.00351253105327487,0.03216341510415077,0.027105238288640976,0.1531284898519516,0.002274838974699378,0.02648910880088806,0.002026359550654888,0.003701097099110484,0.7393826842308044,0.010216226801276207]"
"[0.002600709907710552,0.10545562952756882,0.5851123332977295,0.23119919002056122,0.0010228219907730818,0.012994751334190369,0.014496160671114922,0.0281197689473629,0.01648092269897461,0.0025177740026265383]","[0.004990109242498875,0.19274671375751495,0.6592751741409302,0.06633249670267105,0.0006859166314825416,0.007589379325509071,0.02002117596566677,0.033743541687726974,0.01013506855815649,0.004480471834540367]","[0.0024728160351514816,0.0836746096611023,0.6820210814476013,0.15141883492469788,0.0009574407595209777,0.010059187188744545,0.022193653509020805,0.025645526126027107,0.014546516351401806,0.007010370027273893]","[0.0019363189348950982,0.15786321461200714,0.6359729766845703,0.13321451842784882,0.0012586961966007948,0.015379393473267555,0.012290891259908676,0.019488932564854622,0.01986180618405342,0.002733327215537429]","[0.0022651958279311657,0.04361474886536598,0.7741157412528992,0.13267846405506134,0.0007756553241051733,0.0050382972694933414,0.009849702008068562,0.021117981523275375,0.006585671100765467,0.003958520013839006]","[0.0023683246690779924,0.0975421592593193,0.618114173412323,0.21525555849075317,0.000740348594263196,0.006554925814270973,0.016695627942681313,0.019560163840651512,0.02021428756415844,0.0029544143471866846]"
"[0.00843533594161272,0.04920627176761627,0.29415374994277954,0.5297014713287354,0.005283362697809935,0.031563449651002884,0.0018587622325867414,0.0009879331337288022,0.0720071792602539,0.006802510004490614]","[0.005195342469960451,0.0482950359582901,0.4934511184692383,0.3704777956008911,0.005770972929894924,0.020410973578691483,0.00574946915730834,0.002518915105611086,0.03694680333137512,0.011183616705238819]","[0.004079271573573351,0.019086334854364395,0.6053910255432129,0.293842613697052,0.004319272004067898,0.018088454380631447,0.0050863404758274555,0.0016585902776569128,0.03503710404038429,0.013410988263785839]","[0.004147637169808149,0.03599748760461807,0.578331708908081,0.2551898956298828,0.00456823967397213,0.01456034742295742,0.0026078864466398954,0.0013884976506233215,0.09485069662332535,0.008357569575309753]","[0.00465780682861805,0.006551650818437338,0.7735409736633301,0.17986519634723663,0.0033599594607949257,0.003534144489094615,0.001405451213940978,0.0019632105249911547,0.01727267913520336,0.007848949171602726]","[0.00527939572930336,0.03033437393605709,0.5363675355911255,0.35465019941329956,0.002655971562489867,0.007444988936185837,0.0021239048801362514,0.001659764559008181,0.05005601793527603,0.00942788552492857]"
"[0.01877117156982422,0.16331033408641815,0.026145458221435547,0.04025533050298691,0.005325768608599901,0.08687577396631241,0.016238519921898842,0.011232518590986729,0.6280348896980286,0.0038102122489362955]","[0.0174509659409523,0.14343158900737762,0.09742573648691177,0.03165169060230255,0.008122401311993599,0.07910359650850296,0.036125656217336655,0.040720030665397644,0.5401431322097778,0.0058251479640603065]","[0.010765351355075836,0.06342848390340805,0.04594502970576286,0.027900928631424904,0.004991905298084021,0.06444250047206879,0.03533083572983742,0.01348049659281969,0.7266976237297058,0.00701688788831234]","[0.009552482515573502,0.1036456748843193,0.05953643098473549,0.02809186279773712,0.006315145175904036,0.10497486591339111,0.015367526561021805,0.010729079134762287,0.6582095623016357,0.0035773420240730047]","[0.021559208631515503,0.04749879986047745,0.24610407650470734,0.10922432690858841,0.01728535071015358,0.06185218319296837,0.038983821868896484,0.04787486419081688,0.3809455931186676,0.02867172285914421]","[0.01220648642629385,0.08080925047397614,0.055241189897060394,0.03130221739411354,0.002957696560770273,0.019004207104444504,0.013407941907644272,0.010498002171516418,0.7706263065338135,0.00394669733941555]"
"[0.004130261950194836,0.4255838394165039,0.022489285096526146,0.008640805259346962,0.004065508954226971,0.03529861941933632,0.03999066352844238,0.002667797729372978,0.45473331212997437,0.002399932825937867]","[0.004158603958785534,0.4731768071651459,0.026313232257962227,0.006165406201034784,0.0028336844407022,0.020308056846261024,0.060647837817668915,0.004657686688005924,0.3989385664463043,0.002800114220008254]","[0.0031477955635637045,0.2631274461746216,0.03635481372475624,0.009660246782004833,0.004157216288149357,0.019785724580287933,0.07934089750051498,0.0031339223496615887,0.575512170791626,0.005779814440757036]","[0.002973618684336543,0.485903799533844,0.03939283639192581,0.007665305398404598,0.006980604026466608,0.04050641879439354,0.04532381519675255,0.0025264357682317495,0.3666738271713257,0.002053374657407403]","[0.004934089723974466,0.3285196125507355,0.03086916357278824,0.0055833617225289345,0.004536451771855354,0.009494805708527565,0.04981223866343498,0.00705924304202199,0.5556160807609558,0.0035749191883951426]","[0.0034758385736495256,0.40046951174736023,0.022343264892697334,0.008025254122912884,0.0018382073612883687,0.02260473184287548,0.04629114642739296,0.002499685389921069,0.4882896840572357,0.004162689205259085]"
,,"[0.001154402387328446,5.3261712309904397e-05,0.001787690445780754,0.07767274975776672,0.0034412068780511618,0.8146777153015137,0.0012564131757244468,0.00011098851246060804,0.09505904465913773,0.004786517005413771]","[0.0007617283263243735,6.267652497626841e-05,0.0018457125406712294,0.06519578397274017,0.003145841648802161,0.8724726438522339,0.00016785399930085987,3.847927291644737e-05,0.05570178106427193,0.0006074960110709071]","[0.005546786356717348,8.02622307674028e-05,0.02685803361237049,0.5782153010368347,0.02256261557340622,0.26029810309410095,0.001010304782539606,0.0011268936796113849,0.07210272550582886,0.0321989580988884]","[0.008359850384294987,0.00025003624614328146,0.0049950177781283855,0.22805039584636688,0.004329156130552292,0.4262595772743225,0.0006344077992253006,0.0002363154198974371,0.3213920593261719,0.005493193864822388]"
"[0.03422064706683159,0.00046632776502519846,0.7831512093544006,0.1680818796157837,3.2885076507227495e-05,0.006992632523179054,0.0008811014122329652,0.00036817797808907926,0.005790984723716974,1.4124581866781227e-05]","[0.07157748192548752,0.0005112151266075671,0.8591939806938171,0.059205759316682816,2.331472933292389e-05,0.004187492653727531,0.0013061297358945012,0.00041812274139374495,0.0035468058194965124,2.9701921448577195e-05]","[0.03952040523290634,0.0004039962950628251,0.8279736042022705,0.1184488907456398,3.1078689062269405e-05,0.005008032079786062,0.0018193222349509597,0.000372579408576712,0.00639039371162653,3.169075716868974e-05]","[0.02713025175035,0.0005620512529276311,0.8543317317962646,0.10203097015619278,3.915528213838115e-05,0.008431914262473583,0.0008555680979043245,0.0002523927250877023,0.006349438335746527,1.6508516637259163e-05]","[0.022971104830503464,0.00012827028695028275,0.8824998140335083,0.09039757400751114,2.7211004635319114e-05,0.0010352407116442919,0.0005256523727439344,0.0003938967129215598,0.0019911027047783136,3.0100656658760272e-05]","[0.058463793247938156,0.000388726795790717,0.7828138470649719,0.14826726913452148,1.9912895368179306e-05,0.002001080196350813,0.0006795073859393597,0.0002948940091300756,0.007051975931972265,1.8998007362824865e-05]"
"[0.0035890904255211353,0.008164397440850735,0.005309117026627064,0.02060810849070549,0.013472041115164757,0.04162211716175079,0.0006690389127470553,0.0006325827562250197,0.8990071415901184,0.006926305592060089]","[0.008849691599607468,0.012147942557930946,0.008995181880891323,0.007620647083967924,0.017018334940075874,0.041116416454315186,0.0013640447286888957,0.0008609729702584445,0.8764930963516235,0.025533542037010193]","[0.00501672038808465,0.0050961230881512165,0.007466897368431091,0.020326118916273117,0.014727527275681496,0.04101453721523285,0.0016701306449249387,0.0004891153075732291,0.8858821988105774,0.018310697749257088]","[0.0035414299927651882,0.008656337857246399,0.008616231381893158,0.01155163999646902,0.012719285674393177,0.038482703268527985,0.0006824062438681722,0.00034833597601391375,0.9069710373878479,0.008430619724094868]","[0.003696019994094968,0.004256418440490961,0.010766084305942059,0.013988517224788666,0.019404638558626175,0.007781095337122679,0.0002876868820749223,0.0009761759429238737,0.9207661747932434,0.01807723008096218]","[0.004385724663734436,0.004705139901489019,0.0059807817451655865,0.013924803584814072,0.004395860247313976,0.007710602134466171,0.0003739643143489957,0.00032338674645870924,0.9518985748291016,0.0063011134043335915]"
"[0.015283354558050632,0.014635642990469933,0.21069854497909546,0.02085810713469982,0.03705788776278496,0.09939592331647873,0.11704137176275253,0.0005751961143687367,0.47908496856689453,0.0053690336644649506]","[0.007104489486664534,0.014375539496541023,0.19357998669147491,0.007670492399483919,0.03978667035698891,0.06441139429807663,0.38842320442199707,0.0009361239499412477,0.2775646448135376,0.006147429347038269]","[0.009039634838700294,0.008257262408733368,0.20908184349536896,0.009374464862048626,0.025445997714996338,0.06646019965410233,0.3605523407459259,0.0007816863944754004,0.29663997888565063,0.014366643503308296]","[0.005744925234466791,0.012786145322024822,0.20930281281471252,0.010162780992686749,0.04783550649881363,0.10847258567810059,0.11870813369750977,0.0005144892493262887,0.4812004566192627,0.005272166803479195]","[0.009034693241119385,0.005196390673518181,0.4715054929256439,0.01823747158050537,0.05282516032457352,0.026566561311483383,0.1542198657989502,0.00109582778532058,0.2533082664012909,0.008010277524590492]","[0.013242376036942005,0.008426009677350521,0.2731761932373047,0.013172582723200321,0.017384249716997147,0.017049327492713928,0.08467736840248108,0.0005735861486755311,0.5653595924377441,0.0069387322291731834]"
"[0.050885360687971115,0.002217723987996578,0.007765072397887707,0.11877325922250748,0.007701074238866568,0.6781390309333801,0.009626787155866623,0.0003430198412388563,0.11688502132892609,0.007663724012672901]","[0.0875430703163147,0.0029066121205687523,0.01724972575902939,0.1539098173379898,0.00788193941116333,0.41012251377105713,0.018778391182422638,0.0008203755714930594,0.2824553847312927,0.018332192674279213]","[0.06614313274621964,0.001785548753105104,0.007599445525556803,0.12249398976564407,0.007081746589392424,0.3586656153202057,0.02610560692846775,0.0006922591128386557,0.35017499327659607,0.05925756320357323]","[0.02838285267353058,0.0020240324083715677,0.01607106812298298,0.15998373925685883,0.008135831914842129,0.6031026840209961,0.005137031432241201,0.00029256916604936123,0.1713353544473648,0.005534866359084845]","[0.06475798785686493,0.0021573242265731096,0.023380955681204796,0.32093989849090576,0.017073865979909897,0.2702106833457947,0.02254769206047058,0.0007983866962604225,0.2510121762752533,0.02712102234363556]","[0.09276628494262695,0.002438887255266309,0.03539115563035011,0.21115167438983917,0.010011794045567513,0.152096688747406,0.02536299265921116,0.0005647817743010819,0.44601142406463623,0.024204254150390625]"
"[0.00031564125674776733,0.0009795255027711391,0.00030282550142146647,0.9620100259780884,4.2845589632634073e-05,0.024228835478425026,3.5994165955344215e-05,0.00906505435705185,0.0012160736368969083,0.0018033025553449988]","[0.0005610132939182222,0.0011524860747158527,0.0014213013928383589,0.9087116718292236,0.00010295361425960436,0.03863820806145668,0.0001597127557033673,0.04137333482503891,0.002350459573790431,0.005528929177671671]","[0.00044875580351799726,0.000979787320829928,0.0012736666249111295,0.9252174496650696,0.00013609181041829288,0.030938604846596718,0.0001571914181113243,0.03072843700647354,0.004420815501362085,0.0056990692391991615]","[0.00027953225071541965,0.0013320108409970999,0.000835661543533206,0.931519627571106,0.0001263447047676891,0.044961001724004745,7.039072806946933e-05,0.013850418850779533,0.003939969465136528,0.0030850116163492203]","[0.0002416782663203776,0.0002435679780319333,0.0011397862108424306,0.9751750826835632,6.439399294322357e-05,0.0033265850506722927,3.050905252166558e-05,0.013783914037048817,0.0008461764082312584,0.005148319993168116]","[0.00027850919286720455,0.0004929904825985432,0.00044492879533208907,0.9697617888450623,2.36056512221694e-05,0.011042785830795765,6.113795097917318e-05,0.00869083683937788,0.0019569324795156717,0.007246450055390596]"
"[0.0004390208632685244,3.1118193874135613e-05,0.0014422159874811769,0.0005182781023904681,0.9411849975585938,0.0003756960213650018,0.0021091557573527098,0.004557979758828878,0.0012869196943938732,0.04805454611778259]","[0.00015691046428401023,2.501092058082577e-05,0.002478108275681734,0.0004972858005203307,0.9606319665908813,0.00033117341808974743,0.002697826363146305,0.004476482048630714,0.0009797920938581228,0.027725476771593094]","[0.000226417527301237,2.5143281163764186e-05,0.0037353767547756433,0.0007084332755766809,0.900214672088623,0.0004838055174332112,0.005049428436905146,0.0032773432321846485,0.001491472707130015,0.08478789776563644]",,"[0.00024807319277897477,1.8943810573546216e-05,0.002132802503183484,0.00030791142489761114,0.9553591012954712,0.00014176363765727729,0.0012908796779811382,0.0044775004498660564,0.001004012068733573,0.03501897677779198]",
"[0.01581418514251709,0.002472632098942995,0.00413809809833765,0.18156860768795013,0.004789629951119423,0.7126248478889465,0.005862867459654808,0.0004488533886615187,0.06984496861696243,0.0024353726767003536]","[0.04098845645785332,0.0028756028041243553,0.008235064335167408,0.10201551765203476,0.00712770689278841,0.6660787463188171,0.011757250875234604,0.0005043204873800278,0.15079596638679504,0.00962134450674057]","[0.01903386227786541,0.002077904064208269,0.005844754632562399,0.20234064757823944,0.007514919154345989,0.5941985249519348,0.013143839314579964,0.0004724367172457278,0.14333276450634003,0.012040290050208569]","[0.01127155963331461,0.0015376191586256027,0.00693289702758193,0.13503174483776093,0.007430468685925007,0.7518386840820312,0.003589283674955368,0.00024577073054388165,0.08014881610870361,0.0019731263164430857]","[0.03914567828178406,0.0026242665480822325,0.023131733760237694,0.3570307195186615,0.01249275915324688,0.42009153962135315,0.011330774053931236,0.0012901832815259695,0.11763707548379898,0.015225252136588097]","[0.029037201777100563,0.0034747347235679626,0.007355992216616869,0.22885365784168243,0.005207188427448273,0.41733497381210327,0.006601072382181883,0.00045557826524600387,0.29414284229278564,0.007536793127655983]"
"[0.0053360359743237495,0.003960633650422096,0.6566545367240906,0.26146891713142395,9.482129098614678e-05,0.004787346813827753,0.000132260043756105,0.0006505443598143756,0.06684336066246033,7.156429637689143e-05]","[0.002308752154931426,0.0017445675330236554,0.9029020071029663,0.06013783812522888,6.540477625094354e-05,0.002019954612478614,0.00016863537894096226,0.0007110070437192917,0.02989776059985161,4.4060361688025296e-05]","[0.002430789405480027,0.0016650186153128743,0.7534674406051636,0.18179766833782196,7.869342516642064e-05,0.0028597183991223574,0.0002099614212056622,0.0005941462586633861,0.05681145563721657,8.500368858221918e-05]","[0.002049397211521864,0.0022634125780314207,0.8024548888206482,0.11700132489204407,9.469087672187015e-05,0.003857313422486186,0.0001191555056720972,0.00044270502985455096,0.07166744023561478,4.969196379533969e-05]","[0.0012128137750551105,0.0006018298445269465,0.8528545498847961,0.12617793679237366,6.272699101828039e-05,0.0007970151491463184,6.765402213204652e-05,0.0003551024419721216,0.017792444676160812,7.798308070050552e-05]","[0.00256474525667727,0.0010125134140253067,0.9085270166397095,0.05129380151629448,2.2789916329202242e-05,0.0007365724886767566,5.127354961587116e-05,0.0001827809464884922,0.035570964217185974,3.760562321986072e-05]"
"[0.010043701156973839,0.004345475696027279,0.0026729756500571966,0.0012188286054879427,0.010144068859517574,0.05979088693857193,0.004098111297935247,0.015121971257030964,0.8735394477844238,0.019024409353733063]","[0.010754863731563091,0.008638586848974228,0.0028045866638422012,0.0005741643253713846,0.009860088117420673,0.04307376593351364,0.007941998541355133,0.01003305148333311,0.8267119526863098,0.07960693538188934]","[0.00924209039658308,0.0024007288739085197,0.0032487467397004366,0.0010735366959124804,0.010626676492393017,0.05336831510066986,0.005617551039904356,0.011497516185045242,0.8477749228477478,0.055149972438812256]","[0.006765991449356079,0.004754986148327589,0.005202861037105322,0.0010750630171969533,0.01445060782134533,0.12577573955059052,0.0023640054278075695,0.007566440850496292,0.8116267323493958,0.02041754312813282]","[0.02391096018254757,0.002868858864530921,0.022885655984282494,0.004265548195689917,0.048152435570955276,0.03228579834103584,0.005633961874991655,0.06826470792293549,0.5753481984138489,0.21638385951519012]","[0.009959499351680279,0.002693118527531624,0.00505866901949048,0.0004935165052302182,0.0020364420488476753,0.013192853890359402,0.001504478044807911,0.0051666246727108955,0.9309691190719604,0.02892567217350006]"
"[0.0034439305309206247,0.05489756539463997,0.15180756151676178,0.06203597038984299,0.1310620903968811,0.19915643334388733,0.0707460269331932,0.004318478517234325,0.296994686126709,0.02553720772266388]","[0.005078934598714113,0.05617876350879669,0.1798345297574997,0.024182263761758804,0.12264593690633774,0.1680278182029724,0.08641662448644638,0.0041620200499892235,0.29423758387565613,0.05923551693558693]","[0.0034038217272609472,0.03776339441537857,0.1608518660068512,0.050123266875743866,0.11133110523223877,0.1651826947927475,0.10611002892255783,0.0033528038766235113,0.3114382028579712,0.05044284835457802]","[0.002738777082413435,0.050449542701244354,0.14038194715976715,0.042092498391866684,0.12868939340114594,0.16732361912727356,0.04989142343401909,0.0025802343152463436,0.38773414492607117,0.02811848372220993]","[0.0030777156352996826,0.021763209253549576,0.21500056982040405,0.027785321697592735,0.28285619616508484,0.06096037104725838,0.032190896570682526,0.014474669471383095,0.25396332144737244,0.08792775124311447]","[0.004008256830275059,0.055329252034425735,0.19144445657730103,0.0464901328086853,0.08778190612792969,0.1033995971083641,0.058342672884464264,0.003593985689803958,0.40414977073669434,0.04545995593070984]"
"[0.0019584675319492817,0.03454425558447838,0.09690345078706741,0.44454270601272583,0.005888371728360653,0.20292480289936066,0.1560285985469818,0.006095167715102434,0.0489518828690052,0.00216226140037179]","[0.00419815257191658,0.05400051921606064,0.17963817715644836,0.17899474501609802,0.006366705521941185,0.2045816332101822,0.319630891084671,0.007616025395691395,0.03504357114434242,0.009929617866873741]","[0.0010888130636885762,0.020984310656785965,0.13598228991031647,0.2622182071208954,0.006582457572221756,0.17536461353302002,0.3356028199195862,0.004540862049907446,0.05132097005844116,0.006314610596746206]","[0.0007441861089318991,0.03922459855675697,0.11797193437814713,0.5021774172782898,0.006493987515568733,0.24005568027496338,0.0413610003888607,0.0020057340152561665,0.048486195504665375,0.00147923082113266]","[0.0027276610489934683,0.02130531333386898,0.3234842121601105,0.38937270641326904,0.018601007759571075,0.042173419147729874,0.047924790531396866,0.035231079906225204,0.10263655334711075,0.016543276607990265]","[0.0022247980814427137,0.024616478011012077,0.08618678152561188,0.6563934087753296,0.0028054672293365,0.04376234486699104,0.10011547058820724,0.0035273514222353697,0.07372850179672241,0.006639395374804735]"
"[0.002403129357844591,0.009305485524237156,0.032852184027433395,0.0022992179729044437,0.265047550201416,0.0033148578368127346,0.6589255332946777,0.012779507786035538,0.006597775034606457,0.006474760826677084]","[0.002945478307083249,0.010479305870831013,0.03959934413433075,0.0017333185533061624,0.17551091313362122,0.002371459035202861,0.7352290153503418,0.017983892932534218,0.0067753978073596954,0.007371934596449137]","[0.001709638861939311,0.005479289684444666,0.02464425191283226,0.0014566401951014996,0.15662404894828796,0.0015814981888979673,0.7864016890525818,0.009821975603699684,0.006045323330909014,0.00623565586283803]","[0.0027275949250906706,0.015916112810373306,0.04508150368928909,0.002859540982171893,0.334247887134552,0.003148147836327553,0.554091215133667,0.015915466472506523,0.016789613291621208,0.009222922846674919]","[0.002465306082740426,0.003767824498936534,0.06052778288722038,0.0019818106666207314,0.5034379959106445,0.0010655246442183852,0.38226082921028137,0.020713547244668007,0.0036073143128305674,0.020172076299786568]","[0.003541266778483987,0.008406301960349083,0.04030492901802063,0.0023189857602119446,0.1012500673532486,0.0020285984501242638,0.8109914660453796,0.010967089794576168,0.007591383531689644,0.01259984914213419]"
"[0.0001596998336026445,0.0050539481453597546,0.9032047390937805,0.0678354799747467,5.189784815229359e-07,0.001347044249996543,0.00014279635797720402,4.1841135498543736e-06,0.022251300513744354,3.9071161950232636e-07]","[9.745617717271671e-05,0.004133971408009529,0.9689282774925232,0.02247016318142414,1.5368449624020286e-07,0.00037494348362088203,0.0002399970981059596,6.49657886242494e-06,0.0037480872124433517,4.1136382833428797e-07]","[8.635497943032533e-05,0.0021286907140165567,0.8628230094909668,0.12369179725646973,2.443156859044393e-07,0.000765952339861542,0.00043987625394947827,4.726119186670985e-06,0.010058065876364708,1.2475502444431186e-06]","[2.7288193450658582e-05,0.004374363459646702,0.9777097702026367,0.013489080592989922,1.4300572104275489e-07,0.0006074041593819857,8.179952419595793e-05,2.368074319747393e-06,0.0037075786385685205,2.0808123224469455e-07]","[7.878903852542862e-05,0.0013931610155850649,0.9832189679145813,0.011942129582166672,1.202677140099695e-07,7.580067176604643e-05,0.00015590443217661232,6.579232376680011e-06,0.0031277532689273357,6.990393899286573e-07]","[2.5626108254073188e-05,0.0005705739604309201,0.9939449429512024,0.003304230747744441,1.0307296349765238e-08,1.959987639565952e-05,1.8085032934322953e-05,9.347252785119053e-07,0.0021158382296562195,1.2126892556807434e-07]"
"[0.003468855982646346,0.0036120789591223,0.004114532843232155,0.022186994552612305,0.010040153749287128,0.057452790439128876,0.0004132307367399335,0.005395037587732077,0.8710911870002747,0.02222517505288124]","[0.002163190394639969,0.004378977697342634,0.006003649439662695,0.015297973528504372,0.015107820741832256,0.04986931383609772,0.0011737364111468196,0.012887045741081238,0.8580800890922546,0.035038355737924576]","[0.0019568835850805044,0.0017019795486703515,0.003447559429332614,0.021943604573607445,0.007253992836922407,0.03856966644525528,0.0007133742328733206,0.0073006656020879745,0.8771215677261353,0.03999074548482895]","[0.0012893581297248602,0.0024456167593598366,0.0036403269041329622,0.009880676865577698,0.007229874841868877,0.030862625688314438,0.00035190509515814483,0.0030316116753965616,0.9246304631233215,0.016637498512864113]","[0.005790553521364927,0.0029676968697458506,0.032736748456954956,0.033888284116983414,0.019740154966711998,0.019176531583070755,0.0007400329341180623,0.02327587828040123,0.7841384410858154,0.07754561305046082]","[0.0028517558239400387,0.002533684251829982,0.026284856721758842,0.011090869084000587,0.007036555092781782,0.015860313549637794,0.000695787719450891,0.004252172075212002,0.8992016315460205,0.030192378908395767]"
"[0.00031706696609035134,0.0045463405549526215,0.05136433616280556,0.38694655895233154,0.11189112067222595,0.004960289224982262,0.000433507957495749,0.018798604607582092,0.38959887623786926,0.03114325739443302]","[0.0005395720945671201,0.0038896696642041206,0.1253535896539688,0.09748410433530807,0.10356564074754715,0.004546498414129019,0.0007085571414791048,0.011056441813707352,0.4991975724697113,0.15365839004516602]","[0.00022032094420865178,0.00208706920966506,0.06352612376213074,0.19934645295143127,0.07322129607200623,0.004008430056273937,0.000556219310965389,0.006589708849787712,0.544424831867218,0.10601948946714401]","[0.00013335308176465333,0.0034037672448903322,0.08461720496416092,0.22943224012851715,0.11360803246498108,0.005778075195848942,0.00020830676658079028,0.0032026860862970352,0.5339577198028564,0.025658605620265007]","[0.0002520923735573888,0.0011722316266968846,0.18828128278255463,0.2448045164346695,0.13245277106761932,0.0013447932433336973,0.0003735394566319883,0.012593279592692852,0.1724407970905304,0.24628473818302155]","[0.00038104449049569666,0.00303818192332983,0.11732449382543564,0.2208971381187439,0.03571205958724022,0.001347838551737368,0.0002515928936190903,0.004732777830213308,0.573879599571228,0.04243520647287369]"
"[0.016352728009223938,0.0014182456070557237,0.009615639224648476,0.08620093017816544,0.007340883836150169,0.4754425883293152,0.002752655651420355,0.0013006426161155105,0.3972281813621521,0.0023475184570997953]","[0.03322905674576759,0.001601739670149982,0.0070804632268846035,0.03478237986564636,0.0038728162180632353,0.21961145102977753,0.0012990509858354926,0.00041637112735770643,0.6938583254814148,0.004248225130140781]","[0.015555283986032009,0.0009733349434100091,0.010839923284947872,0.06748359650373459,0.0069269537925720215,0.26150038838386536,0.002529309131205082,0.0004599855456035584,0.6277093291282654,0.006021895445883274]","[0.011774233542382717,0.0011312428396195173,0.011086377315223217,0.06997203081846237,0.005322475451976061,0.38501250743865967,0.0007741033332422376,0.0002531680220272392,0.5122894644737244,0.00238444353453815]","[0.03282875567674637,0.0011738581815734506,0.038265161216259,0.19330525398254395,0.013055196031928062,0.1322586089372635,0.0015263186069205403,0.0008667498477734625,0.5743804574012756,0.012339696288108826]","[0.02600952982902527,0.0011287933448329568,0.011445247568190098,0.11189233511686325,0.0029360938351601362,0.21815581619739532,0.001367428689263761,0.00045061163837090135,0.6198360323905945,0.006778045557439327]"
"[0.00011274445569142699,0.00024927532649599016,0.0003461518499534577,0.9685371518135071,8.934485231293365e-05,0.005632588639855385,6.867493993922835e-06,9.593406139174476e-05,0.024277999997138977,0.0006519629387184978]","[8.234749839175493e-05,0.0003297184011898935,0.0009774899808689952,0.963667631149292,0.00032881874358281493,0.017079833894968033,3.587131868698634e-05,0.0002496069064363837,0.016422972083091736,0.0008257351000793278]","[4.713554517365992e-05,0.00010043218935607001,0.000726758677046746,0.9793789386749268,0.00017405783000867814,0.006057414226233959,2.3506348952651024e-05,8.845975389704108e-05,0.01205446757376194,0.001348731224425137]","[2.447118458803743e-05,0.00011496094521135092,0.0005859813536517322,0.9810501933097839,0.00012857578985858709,0.009106848388910294,2.1333594304451253e-06,2.2013640773366205e-05,0.008883730508387089,8.114743104670197e-05]","[9.758819214766845e-05,3.765529254451394e-05,0.004484505858272314,0.9856646060943604,0.00026750960387289524,0.0026939052622765303,1.0948558156087529e-05,0.00030072982190176845,0.00497278431430459,0.001469826209358871]","[0.00018338860536459833,0.0002507249009795487,0.0010341524612158537,0.9798539280891418,8.668474038131535e-05,0.004042464308440685,7.232292773551308e-06,7.850755355320871e-05,0.014057273045182228,0.00040565908420830965]"
,,,,,
"[0.0005038229865022004,0.004823422525078058,0.0064450884237885475,0.004360908642411232,0.00426879059523344,0.012602759525179863,0.0013279975391924381,0.004980762954801321,0.9442768692970276,0.016409602016210556]","[0.0005881744436919689,0.006340269930660725,0.00890827551484108,0.0035283181350678205,0.001446689129807055,0.004026732873171568,0.0010850813705474138,0.008766758255660534,0.9519026875495911,0.013407059013843536]","[0.00030296272598206997,0.0014402453089132905,0.005915049463510513,0.004225022159516811,0.001359815476462245,0.0029332542326301336,0.0012402839493006468,0.0033186336513608694,0.9437081813812256,0.03555658087134361]","[8.386905392399058e-05,0.0017048834124580026,0.0035462744999676943,0.002000287640839815,0.0005746000097133219,0.0014752806164324284,0.00015805797011125833,0.000981291988864541,0.9870022535324097,0.0024731478188186884]","[0.00042785299592651427,0.001396898296661675,0.023514360189437866,0.032724957913160324,0.006088125519454479,0.0018991754623129964,0.0012509713415056467,0.005283001810312271,0.9031861424446106,0.02422855608165264]","[0.000350424088537693,0.0014238168951123953,0.010196703486144543,0.0033534306567162275,0.00038236542604863644,0.0006471807137131691,0.0003289045998826623,0.001210816204547882,0.9769628047943115,0.005143540445715189]"
"[0.0012671210570260882,0.016035648062825203,0.004484301432967186,0.004089033231139183,0.006025578361004591,0.0780712217092514,0.0052771917544305325,0.0017488569719716907,0.8756912350654602,0.007309810724109411]","[0.0020106006413698196,0.027298837900161743,0.004146136809140444,0.0014880425296723843,0.0029845722019672394,0.043887194246053696,0.0030940575525164604,0.001097221625968814,0.9023236632347107,0.011669554747641087]","[0.0009584826766513288,0.010732895694673061,0.006013436242938042,0.0029154273215681314,0.005318798590451479,0.027972010895609856,0.005813400261104107,0.0007051816792227328,0.9297880530357361,0.009782366454601288]","[0.0007400754257105291,0.018596883863210678,0.003885060315951705,0.0030414131470024586,0.003806431544944644,0.07575413584709167,0.001384211704134941,0.0005051652551628649,0.8884985446929932,0.003788028610870242]","[0.0010741123696789145,0.00987515039741993,0.016967052593827248,0.0029917533975094557,0.023944830521941185,0.015886861830949783,0.001993099693208933,0.011708569712936878,0.8726915717124939,0.04286697506904602]","[0.0013351456727832556,0.012595677748322487,0.0037705949507653713,0.005447024945169687,0.002265626797452569,0.041978947818279266,0.0028139231726527214,0.0006694638868793845,0.9057461619377136,0.023377396166324615]"
"[0.00039410084718838334,0.0054312883876264095,0.04130460321903229,0.2397938221693039,0.026730723679065704,0.12129295617341995,0.002043770859017968,0.0003948973026126623,0.5610420107841492,0.0015717543428763747]","[0.000266040995484218,0.008085756562650204,0.026428429409861565,0.12572859227657318,0.011529375799000263,0.04364951699972153,0.002612147480249405,0.0004482870572246611,0.7793763279914856,0.001875711022876203]","[0.00027264279196970165,0.002762207295745611,0.03414611890912056,0.11732892692089081,0.008950866758823395,0.0391305610537529,0.0025120892096310854,0.00037213932955637574,0.7919394969940186,0.0025849356316030025]","[0.00015137618174776435,0.0032356211449950933,0.01660814881324768,0.04134640470147133,0.005486763082444668,0.024786340072751045,0.0010418007150292397,0.00019565914408303797,0.9057068824768066,0.0014410610310733318]","[0.0004378281009849161,0.0030535333789885044,0.10344310104846954,0.25972625613212585,0.02000640332698822,0.016868529841303825,0.0015902629820629954,0.0006807125173509121,0.5878738164901733,0.00631959643214941]","[0.0007133691105991602,0.007591833360493183,0.09868421405553818,0.09379682689905167,0.004428205545991659,0.009732149541378021,0.0015872387448325753,0.0003455572295933962,0.7822896242141724,0.0008309519616886973]"
"[0.0016404208727180958,0.003259186400100589,0.09294138848781586,0.04373813048005104,0.012963982298970222,0.07033928483724594,0.0013484592782333493,0.0006225007819011807,0.7655434608459473,0.00760316476225853]","[0.0023682850878685713,0.004519580397754908,0.1357983499765396,0.044474340975284576,0.013509014621376991,0.06196314096450806,0.002021846128627658,0.0012597684981301427,0.7240050435066223,0.01008060947060585]","[0.0019016660517081618,0.0030017292592674494,0.1323467493057251,0.06196010857820511,0.013156007044017315,0.05343291908502579,0.0025761607103049755,0.0008093704236671329,0.7145698070526123,0.01624547876417637]","[0.0015474788378924131,0.0030077036935836077,0.10378482192754745,0.03493510186672211,0.014460134319961071,0.06676695495843887,0.001446000998839736,0.0006475010304711759,0.7638792991638184,0.009525040164589882]","[0.0019073054427281022,0.003373214742168784,0.24350130558013916,0.03491263836622238,0.06810521334409714,0.02732439711689949,0.0010975314071401954,0.007324479054659605,0.5718510150909424,0.040602900087833405]","[0.0019761009607464075,0.002626830479130149,0.12368667125701904,0.03853307664394379,0.00639463122934103,0.01617893949151039,0.0009738162625581026,0.0005343054654076695,0.8009077906608582,0.008187888190150261]"
"[5.282830898067914e-06,8.813984777589212e-07,6.337656031973893e-06,4.723954407381825e-05,0.9957587122917175,0.00022103080118540674,1.7026000932673924e-05,7.450138946296647e-05,0.0007026820676401258,0.003166272770613432]","[1.4540872825818951e-06,3.4316545338697324e-07,9.432146725885104e-06,2.3757500457577407e-05,0.9982233643531799,0.0001517836790299043,1.5452462321263738e-05,8.085631270660087e-05,0.0001769835944287479,0.0013165813870728016]","[1.147508896792715e-06,2.7096700705442345e-07,5.435292223410215e-06,3.051812745979987e-05,0.9976094961166382,9.582184429746121e-05,2.0087225493625738e-05,4.368148438516073e-05,0.0003290132444817573,0.0018644792726263404]","[4.895461529486056e-07,2.869718116471631e-07,5.590683940681629e-06,2.317351390956901e-05,0.9991554021835327,0.00017273242701776326,4.843744136451278e-06,1.4654598089691717e-05,0.00015848233306314796,0.0004643179418053478]","[1.2243900755493087e-06,1.719545679179646e-07,1.4220813682186417e-05,1.9740386051125824e-05,0.997032642364502,4.658518446376547e-05,6.38236178929219e-06,8.194580004783347e-05,9.058980504050851e-05,0.002706613391637802]","[6.791148734919261e-06,1.1474477332740207e-06,2.068831236101687e-05,0.00010928337724180892,0.9857143759727478,0.0004580835229717195,4.357027864898555e-05,0.00012209369742777199,0.0012391527416184545,0.012284811586141586]"
"[0.0006513433763757348,0.004338547121733427,0.0025334220845252275,0.008230047300457954,0.004672427661716938,0.5870099663734436,0.015429893508553505,4.5649194362340495e-05,0.3766770660877228,0.00041169978794641793]","[0.0007755149272270501,0.004751653876155615,0.0059738727286458015,0.005058741196990013,0.008131656795740128,0.6326741576194763,0.0659322515130043,0.00017234640836250037,0.2756425440311432,0.0008872695616446435]","[0.00045289317495189607,0.002806522184982896,0.004141571465879679,0.00903879664838314,0.010402821935713291,0.5749092698097229,0.09353774785995483,8.525982411811128e-05,0.3031960725784302,0.0014290785184130073]","[0.0004853161808568984,0.007436941843479872,0.003643048694357276,0.011983366683125496,0.00787347462028265,0.5762274861335754,0.029798878356814384,9.987471275962889e-05,0.36190149188041687,0.0005501519190147519]","[0.0010495908791199327,0.004395856987684965,0.006126245949417353,0.007118541281670332,0.024017222225666046,0.22042809426784515,0.06591326743364334,0.0004037426842842251,0.6685516834259033,0.001995813101530075]","[0.0011788567062467337,0.006759257987141609,0.004376159980893135,0.013856296427547932,0.006179210729897022,0.37689411640167236,0.05332500860095024,0.00015303866530302912,0.5337071418762207,0.0035708658397197723]"
"[1.8790544345392846e-05,0.000166571800946258,0.9981873631477356,0.00013828316878061742,2.5761419237824157e-05,3.660297079477459e-05,0.0011452854378148913,7.81256312620826e-06,0.0002713366993702948,2.1489365735760657e-06]","[1.948436511156615e-05,0.0002096071548294276,0.9982700347900391,3.135697261313908e-05,1.2790485016012099e-05,1.1278330930508673e-05,0.0013265000889077783,9.314127964898944e-06,0.00010678205580916256,2.8058382213203004e-06]","[1.8968279619002715e-05,0.00012301244714763016,0.9976692795753479,0.00012494389375206083,2.6660221919883043e-05,2.964975828945171e-05,0.0016763173043727875,4.8879401219892316e-06,0.0003223299572709948,3.8719190342817456e-06]","[9.486471753916703e-06,0.00012476589472498745,0.9988794922828674,9.573133138474077e-05,2.699870674405247e-05,2.852586294466164e-05,0.0005598943098448217,3.5721470794669585e-06,0.0002702586934901774,1.3326083490028395e-06]","[1.1342470315867104e-05,4.92938888783101e-05,0.9990885257720947,7.457222818629816e-05,2.3975238946150057e-05,1.3569762813858688e-05,0.0006447546184062958,5.927472102484899e-06,8.529363549314439e-05,2.709171212700312e-06]","[1.4991368516348302e-05,0.00010242171993013471,0.9991497993469238,8.723594510229304e-05,9.55159430304775e-06,8.796613656159025e-06,0.0003570620610844344,3.6488379464572063e-06,0.000264954287558794,1.4708821254316717e-06]"
"[0.12200447171926498,0.015215393155813217,0.004040537402033806,0.01101289689540863,0.0449591726064682,0.5775399804115295,0.010588566772639751,0.07185668498277664,0.12206801027059555,0.020714273676276207]","[0.15350399911403656,0.0164117943495512,0.00567210465669632,0.0057692378759384155,0.03783595561981201,0.5156370401382446,0.013268638402223587,0.08825948089361191,0.12882310152053833,0.0348186157643795]","[0.09158386290073395,0.009356901980936527,0.004539187066257,0.008091066032648087,0.03551743924617767,0.629140317440033,0.014382554218173027,0.04825190454721451,0.1084277331829071,0.05070905014872551]","[0.08565044403076172,0.01710142008960247,0.003950654063373804,0.006191016640514135,0.049972958862781525,0.622092604637146,0.009243468753993511,0.04460963234305382,0.1390177458524704,0.022170044481754303]","[0.15409480035305023,0.01364122610539198,0.004837105982005596,0.011047359555959702,0.086819127202034,0.3837389051914215,0.014525504782795906,0.09889210015535355,0.19425317645072937,0.038150738924741745]","[0.2104443907737732,0.016987212002277374,0.006613063160330057,0.009955688379704952,0.04215459153056145,0.36524736881256104,0.012003572657704353,0.09119007736444473,0.20828914642333984,0.03711490333080292]"
"[0.009526515379548073,0.029327506199479103,0.010367210023105145,0.007404007017612457,0.0007063683588057756,0.0014909367309883237,0.0038112583570182323,0.009976016357541084,0.9174776077270508,0.009912661276757717]","[0.009524412453174591,0.04327948018908501,0.06187482550740242,0.009594779461622238,0.0018707914277911186,0.0024878575932234526,0.009496699087321758,0.038318537175655365,0.8084150552749634,0.015137539245188236]","[0.007354400586336851,0.022234156727790833,0.03345516696572304,0.00837227888405323,0.001364131923764944,0.0017188263591378927,0.009588269516825676,0.014029160141944885,0.8826324939727783,0.019251108169555664]","[0.005158221814781427,0.03504570946097374,0.05686471238732338,0.01137307658791542,0.002337841549888253,0.0043764738366007805,0.004296452738344669,0.007691120728850365,0.8672131299972534,0.0056432755663990974]","[0.010240697301924229,0.025240890681743622,0.07617377489805222,0.02952370047569275,0.0026291185058653355,0.001767653739079833,0.00749645009636879,0.02245035022497177,0.8033678531646729,0.02110953815281391]","[0.008153553120791912,0.020091943442821503,0.023325132206082344,0.007289393804967403,0.0005366543773561716,0.0012903785100206733,0.0028770153876394033,0.005867308937013149,0.9116706252098083,0.01889798417687416]"
"[0.0003263550461269915,0.00027517948183231056,0.015927931293845177,0.12726107239723206,2.2179458028404042e-05,0.006756387185305357,3.7329591577872634e-06,3.902484604623169e-05,0.8493244051933289,6.379759724950418e-05]","[0.0005547418841160834,0.0005603330209851265,0.0841718465089798,0.10349873453378677,4.8061105189844966e-05,0.010077236220240593,2.4159820895874873e-05,0.0003412744263187051,0.8005973696708679,0.00012615779996849597]","[0.000149958606925793,8.765463280724362e-05,0.019131287932395935,0.07961554080247879,2.4522081730538048e-05,0.003160774242132902,1.198372683575144e-05,4.94532250741031e-05,0.897659182548523,0.0001096591295208782]","[0.00011217252176720649,0.00019442211487330496,0.020225413143634796,0.061239130795001984,3.371828279341571e-05,0.00425581494346261,3.5425250644038897e-06,2.261033296235837e-05,0.9138716459274292,4.134041228098795e-05]","[0.0007301101577468216,0.00015733933832962066,0.2820667624473572,0.4330911338329315,0.00011931838525924832,0.006214586086571217,1.8649394405656494e-05,0.00040977972093969584,0.27645429968833923,0.0007380879833362997]","[0.000346384069416672,0.00012092315591871738,0.027107669040560722,0.08090274780988693,1.313034681516001e-05,0.004977080505341291,6.734325779689243e-06,4.384816566016525e-05,0.8862321972846985,0.0002492406638339162]"
"[6.034452235326171e-05,8.225157944252715e-05,0.00038395667797885835,0.0003296353970654309,0.9122776985168457,0.006265909876674414,0.00047550926683470607,0.0011842070380225778,0.0034796998370438814,0.0754607692360878]","[7.934673340059817e-05,0.00021518587891478091,0.0010165892308577895,0.0010127013083547354,0.8918957114219666,0.006255560554563999,0.0006872807280160487,0.0015691742300987244,0.008176189847290516,0.08909231424331665]","[7.315228140214458e-05,0.0001111302335630171,0.001223631203174591,0.0011888109147548676,0.6898240447044373,0.012179229408502579,0.001254245755262673,0.0010396585566923022,0.007123535964637995,0.285982608795166]","[6.121671322034672e-05,0.00014982707216404378,0.0009795393561944366,0.0010563494870439172,0.9085453152656555,0.008467608131468296,0.00039580874727107584,0.0008414650219492614,0.0078910943120718,0.07161165773868561]","[6.00919229327701e-05,7.958101195981726e-05,0.0008558339322917163,0.0006312031764537096,0.8920227885246277,0.003157832892611623,0.00042860719258897007,0.001783672021701932,0.004527112934738398,0.09645332396030426]","[0.00013847494847141206,0.0001882067008409649,0.0014832367887720466,0.0013642277335748076,0.7981137633323669,0.004974905867129564,0.0005432080943137407,0.0012271383311599493,0.012471710331737995,0.17949512600898743]"
"[0.006272448226809502,0.011031499132514,0.016662824898958206,0.20684316754341125,0.04073718562722206,0.09672686457633972,0.09019642323255539,0.0008087244350463152,0.5288945436477661,0.0018262980738654733]","[0.022740479558706284,0.01971808448433876,0.02286374568939209,0.1084318459033966,0.027809608727693558,0.08193624019622803,0.13636468350887299,0.0013087666593492031,0.5706180334091187,0.008208472281694412]","[0.0037915240973234177,0.004439782351255417,0.0197752732783556,0.2512410581111908,0.02644452266395092,0.052414752542972565,0.1013159304857254,0.00039671160629950464,0.5374436378479004,0.00273691862821579]","[0.005943560507148504,0.026999985799193382,0.02684730663895607,0.304836630821228,0.03636061027646065,0.14209717512130737,0.056096356362104416,0.000539408007171005,0.3980872631072998,0.0021917580161243677]",,"[0.006422684993594885,0.0082272132858634,0.011297174729406834,0.1827622950077057,0.010584982112050056,0.04705141857266426,0.046652380377054214,0.00043622576049529016,0.6827335357666016,0.0038321407046169043]"
"[1.9423194316914305e-05,1.3335426274352358e-06,0.00015466164040844887,9.577954187989235e-05,0.9966128468513489,0.0009128606179729104,0.00022961049398873,0.00016063888324424624,0.0006679646903648973,0.001144921057857573]","[6.546622898895293e-05,1.485289317315619e-06,0.0001436088205082342,3.635708708316088e-05,0.989983320236206,0.001025363919325173,0.0004390802059788257,8.393909229198471e-05,0.0011487298179417849,0.007072689943015575]","[2.8785936592612416e-05,1.0918091675193864e-06,0.00022447980882134289,8.719194011064246e-05,0.9913119077682495,0.001204450847581029,0.0005721926572732627,0.00012437498662620783,0.0012863699812442064,0.00515907583758235]","[1.84714917850215e-05,1.1897503782165586e-06,0.0002799834473989904,9.6184216090478e-05,0.9960960745811462,0.0011647180654108524,0.0001786164939403534,4.723405800177716e-05,0.0009338106610812247,0.0011837028432637453]","[3.07588888972532e-05,1.1262330872341408e-06,0.0004288097261451185,7.284806633833796e-05,0.9937428832054138,0.0003888747887685895,0.00023093007621355355,0.00015646325482521206,0.0005768397822976112,0.004370510578155518]","[5.218302248977125e-05,1.8133212051907321e-06,0.0003163372166454792,0.0001240276760654524,0.990217387676239,0.0009586812229827046,0.00029851339058950543,0.0001440033665858209,0.0025977601762861013,0.005289198365062475]"
"[0.0005109486519359052,1.3754212886851747e-05,1.279501520912163e-05,9.910147491609678e-05,0.0445486418902874,0.0005092455539852381,6.217529880814254e-05,0.1420019567012787,0.00560170691460371,0.8066396713256836]","[0.00018923253810498863,4.406250354804797e-06,1.8361164620728232e-05,3.151187775074504e-05,0.02072879485785961,0.00019914163567591459,3.716216087923385e-05,0.0763845294713974,0.001646790886297822,0.9007600545883179]","[9.340141696156934e-05,2.2943845578993205e-06,1.1077152521465905e-05,4.9325142754241824e-05,0.01678561419248581,0.00018561827891971916,3.159854168188758e-05,0.046181026846170425,0.0014263300690799952,0.9352336525917053]","[0.0002508219622541219,1.5547097063972615e-05,4.1675008105812594e-05,0.00020726102229673415,0.10055878758430481,0.001226538443006575,6.896091508679092e-05,0.10122910141944885,0.004478294402360916,0.7919229865074158]","[0.0001322401367360726,2.468333605065709e-06,3.1111812859307975e-05,6.841326103312895e-05,0.02742144651710987,7.436324085574597e-05,2.8781571018043905e-05,0.11234164237976074,0.0005453780177049339,0.8593541383743286]","[0.00412080017849803,4.9386824684916064e-05,0.000172739994013682,0.0003450319927651435,0.03682607784867287,0.0002533066726755351,0.00017457912326790392,0.2640085220336914,0.014547158032655716,0.6795023679733276]"
"[9.257339843316004e-05,7.5479829320102e-06,3.0484005037578754e-05,2.4853650302247843e-06,0.9941135048866272,0.00010813187691383064,0.0016573494067415595,8.977177640190348e-05,0.0003688950091600418,0.0035293286200612783]","[0.00014565684250555933,2.2233509298530407e-05,4.537660424830392e-05,3.7861805139982607e-06,0.9897088408470154,0.00010529238352319226,0.003449557349085808,0.0003001323202624917,0.00033237956813536584,0.005886730272322893]","[7.195268699433655e-05,1.0104731700266711e-05,1.9350554794073105e-05,3.186050889780745e-06,0.9869541525840759,7.759542495477945e-05,0.0037722275592386723,0.00014393165474757552,0.0005398688372224569,0.008407662622630596]","[3.982330599683337e-05,1.361712838843232e-05,2.355747710680589e-05,2.568378477008082e-06,0.9961920976638794,9.371397027280182e-05,0.0008261396433226764,5.659472299157642e-05,0.0002716776798479259,0.002480181632563472]","[7.999584340723231e-05,9.10589278646512e-06,8.348275878233835e-05,3.279878910689149e-06,0.9871991276741028,2.5138750061159953e-05,0.0007834967109374702,0.00023627711925655603,0.00012183887884020805,0.011458329856395721]","[0.00010969213326461613,1.2171509297331795e-05,9.150832920568064e-05,4.614394129021093e-06,0.9815595149993896,0.00011338879266986623,0.003724414389580488,0.00010627944720909,0.0004208640311844647,0.013857542537152767]"
"[1.101672182812763e-06,5.762447108281776e-05,3.7556652387138456e-05,0.00013396787107922137,0.9825323820114136,6.0130223573651165e-05,1.1304482541163452e-05,0.0020760444458574057,0.00039483228465542197,0.014695165678858757]","[2.570309334259946e-06,0.00011959343100897968,5.8449611969990656e-05,6.86976927681826e-05,0.8618454337120056,5.475824582390487e-05,1.921156217576936e-05,0.0026457991916686296,0.0009690033621154726,0.13421641290187836]","[1.954673052750877e-06,6.600070628337562e-05,4.733269815915264e-05,0.00027895107632502913,0.9331261515617371,7.047461986076087e-05,1.8469403585186228e-05,0.0053533511236310005,0.0014327882090583444,0.05960454046726227]","[6.907765168762126e-07,4.07326988351997e-05,4.9472961109131575e-05,0.00010544984979787841,0.989118218421936,5.052735286881216e-05,6.654124263150152e-06,0.0008878615917637944,0.0006171444547362626,0.00912316981703043]","[1.3676617527380586e-06,2.98606428259518e-05,7.99581830506213e-05,0.00014367062249220908,0.9467728137969971,3.3991047530435026e-05,1.3535011021303944e-05,0.0022313182707875967,0.00048259185859933496,0.050210919231176376]","[3.1492545531364158e-06,0.00011147771874675527,0.000294222729280591,0.0001869501720648259,0.8873687386512756,6.999648758210242e-05,2.7283071176498197e-05,0.003218309720978141,0.0019195489585399628,0.10680033266544342]"
"[1.5851093849050812e-05,0.00013560015941038728,0.00043243326945230365,0.9271101951599121,0.0001948438148247078,0.06837055832147598,2.0190407667541876e-05,2.962690450658556e-05,0.0035109149757772684,0.00017974709044210613]","[4.8012683691922575e-05,0.0002851082244887948,0.0005544771556742489,0.8960598111152649,0.0002146892511518672,0.09253955632448196,2.2259235265664756e-05,2.0416036932147108e-05,0.009707305580377579,0.0005483489949256182]","[1.5224989510898013e-05,9.773993224371225e-05,0.0005128725897520781,0.9134523868560791,0.00030617412994615734,0.07684898376464844,3.814436058746651e-05,1.6468939065816812e-05,0.008288154378533363,0.00042384845437482]","[1.2627282558241859e-05,0.00015516964776907116,0.0004352000541985035,0.8528454303741455,0.0002945143496617675,0.1396678239107132,1.0878890861931723e-05,7.852864655433223e-06,0.006403661333024502,0.00016694334044586867]","[3.144346919725649e-05,0.00010325641051167622,0.0008174746762961149,0.966032862663269,0.00025873957201838493,0.027677087113261223,1.296576920140069e-05,2.9416907636914402e-05,0.004397572483867407,0.0006392300128936768]","[7.395833381451666e-05,0.0002343919622944668,0.0015078114811331034,0.9370911121368408,0.00012452583177946508,0.037485215812921524,2.3922599211800843e-05,1.4217505849956069e-05,0.022649209946393967,0.0007955920300446451]"
,"[0.0018512420356273651,0.0004429862601682544,0.0005790987052023411,0.0010769849177449942,0.00011029611778212711,0.007987970486283302,1.8109258235199377e-05,0.0020017833448946476,0.9821943044662476,0.003737229621037841]","[0.001103924005292356,0.0001327932404819876,0.0003642634837888181,0.0015408986946567893,0.00010506723629077896,0.008667497895658016,1.976824387384113e-05,0.0007565035484731197,0.9749611020088196,0.012348251417279243]","[0.000656098360195756,0.0002524048322811723,0.0006344830035232008,0.0010692371288314462,0.00014835214824415743,0.00847818423062563,6.567594027728774e-06,0.0003173674049321562,0.987514853477478,0.0009224035311490297]",,"[0.001641994109377265,0.0001618751120986417,0.0009257085621356964,0.001094520790502429,8.05328309070319e-05,0.0055314525961875916,1.5245695067278575e-05,0.0006979845929890871,0.9847404360771179,0.005110308062285185]"
,,,,,
"[0.0006223093951120973,0.00046905773342587054,0.9855426549911499,0.005698019172996283,3.628429112723097e-06,0.0025380428414791822,0.00028448461671359837,2.034532735706307e-05,0.0048197112046182156,1.7485900798419607e-06]","[0.00021358804951887578,0.00022484734654426575,0.9950915575027466,0.0013613830087706447,1.992027364394744e-06,0.001162143424153328,0.00031087908428162336,1.7463540643802844e-05,0.0016151582822203636,9.895958328343113e-07]","[0.00023346843954641372,0.00018337542132940143,0.9911778569221497,0.004276623483747244,2.2384451767720748e-06,0.0015712314052507281,0.0004507715057116002,1.0359727639297489e-05,0.002091760979965329,2.239004516013665e-06]","[0.00023839740606490523,0.00044208529288880527,0.9894816875457764,0.0034806723706424236,2.9786831419187365e-06,0.0013121351366862655,0.0001493872987339273,1.572614382894244e-05,0.004876140970736742,9.220053129865846e-07]","[0.0006939996383152902,0.0002182827884098515,0.98360276222229,0.001182574313133955,6.952774583623977e-06,0.00033850851468741894,0.00021059541904833168,0.00010287551413057372,0.013641015626490116,2.4340290565305622e-06]","[0.0003788624017033726,0.00018166804511565715,0.9926026463508606,0.00281306030228734,8.989799198388937e-07,0.0003153885481879115,0.00010739186109276488,1.0169145753025077e-05,0.003589161904528737,6.977393240958918e-07]"
"[0.024987976998090744,0.005145708564668894,0.005427510943263769,0.144210547208786,0.011423947289586067,0.7033994197845459,0.010962771251797676,0.001577915740199387,0.0840507447719574,0.008813447318971157]","[0.017727678641676903,0.007254940457642078,0.007957308553159237,0.1198606789112091,0.01638411357998848,0.7060873508453369,0.02472076378762722,0.002895030891522765,0.08585476130247116,0.011257394216954708]","[0.0174828190356493,0.004300354514271021,0.00901761930435896,0.15569566190242767,0.02199462428689003,0.6162876486778259,0.034335292875766754,0.0025943717919290066,0.11943315714597702,0.01885845884680748]","[0.008584790863096714,0.0033450142946094275,0.00794498436152935,0.1182737722992897,0.015719814226031303,0.7674710750579834,0.009047440253198147,0.0010648134630173445,0.06340177357196808,0.005146511364728212]","[0.025358017534017563,0.0051736352033913136,0.014053099788725376,0.22983284294605255,0.02165377326309681,0.5817686915397644,0.017864655703306198,0.0036281791981309652,0.07688422501087189,0.023782804608345032]","[0.02310842275619507,0.004216287285089493,0.007428270764648914,0.16617433726787567,0.010989882983267307,0.6641411781311035,0.0134579511359334,0.001859170151874423,0.08915535360574722,0.019469136372208595]"
,,,,,
,"[9.852135553956032e-05,0.0013252099743112922,0.0017012367025017738,0.00575490714982152,0.811898410320282,0.07952325791120529,0.0016356403939425945,0.0012557771988213062,0.03780476748943329,0.05900232866406441]","[6.5383363107685e-05,0.0009720338857732713,0.0025715334340929985,0.011385134421288967,0.5838757157325745,0.14119024574756622,0.003211806295439601,0.0004924513632431626,0.0370568223297596,0.2191789150238037]","[2.3403223167406395e-05,0.0007611290784552693,0.0007010131957940757,0.004139529541134834,0.8638882637023926,0.09525090456008911,0.00040151108987629414,0.00020092457998543978,0.016721203923225403,0.017912141978740692]","[4.840134351979941e-05,0.000613850075751543,0.0013647410087287426,0.0045939781703054905,0.8755763173103333,0.01138510461896658,0.00046489955275319517,0.0010548621648922563,0.03363334387540817,0.07126451283693314]","[0.00019968116248492151,0.0019351574592292309,0.00320820277556777,0.019269684329628944,0.6455159187316895,0.04708438366651535,0.0012859053676947951,0.0009458406129851937,0.13018839061260223,0.15036678314208984]"
"[2.0827921616728418e-05,0.0006419993587769568,0.0007552094757556915,0.0029498105868697166,0.8894241452217102,0.0019309913041070104,0.00044312654063105583,0.004874287638813257,0.009833212941884995,0.08912651985883713]","[2.08623860089574e-05,0.0009258360369130969,0.0012627902906388044,0.00518071698024869,0.8764716982841492,0.0016872696578502655,0.00043279139208607376,0.007060697302222252,0.013611680828034878,0.0933457762002945]","[1.3557351849158294e-05,0.0005311277345754206,0.001606965553946793,0.008045145310461521,0.845772385597229,0.0026200469583272934,0.0007529520662501454,0.004075069911777973,0.01645265892148018,0.12013012915849686]","[1.2063494978065137e-05,0.0007481567445211112,0.0012757531367242336,0.004784375429153442,0.9224857091903687,0.0018511881353333592,0.0003055501147173345,0.002453183988109231,0.018043778836727142,0.048040300607681274]","[1.771848474163562e-05,0.0005739910993725061,0.0011450496967881918,0.002611767500638962,0.8625461459159851,0.0006857879925519228,0.0003287877480033785,0.005499559920281172,0.009686506353318691,0.11690469086170197]","[5.3874104196438566e-05,0.0014290206599980593,0.003728250041604042,0.007316222880035639,0.5801130533218384,0.0023185573518276215,0.0004983801627531648,0.00542786531150341,0.03554380685091019,0.3635709881782532]"
"[0.010434812866151333,0.007946514524519444,0.7740205526351929,0.09579537063837051,2.3237505502038402e-06,0.08768995106220245,0.0015827647875994444,1.1568008631002158e-06,0.02252538502216339,1.118978502745449e-06]","[0.0015037686098366976,0.0011234735138714314,0.9584071636199951,0.01832425780594349,7.206388659142249e-07,0.015390126965939999,0.0007203115965239704,5.387569785852975e-07,0.00452939048409462,3.079711632381077e-07]","[0.0018701638327911496,0.0011222464963793755,0.8891528844833374,0.06286734342575073,1.1324708566462505e-06,0.035871464759111404,0.0014456261415034533,4.2934865973620617e-07,0.007667572237551212,1.108479068534507e-06]","[0.0013179403031244874,0.0037695798091590405,0.839824914932251,0.07711316645145416,1.312247491114249e-06,0.07047208398580551,0.000323268526699394,3.523442160258128e-07,0.007177102379500866,2.776808116777829e-07]","[0.002274236176162958,0.0012976638972759247,0.9496104717254639,0.030899642035365105,9.190526384372788e-07,0.006918023340404034,0.0005492082564160228,8.758362355365534e-07,0.008448474109172821,3.8366442822734825e-07]","[0.002474417444318533,0.0012397776590660214,0.9285555481910706,0.048804350197315216,4.413109593315312e-07,0.007403064984828234,0.0003980615292675793,3.2941520089480036e-07,0.01112370379269123,3.20850574553333e-07]"
"[0.00011790147982537746,0.00030764404800720513,0.0014519725227728486,0.008717387914657593,0.0012465324252843857,0.0037216662894934416,4.157823059358634e-05,0.0020162479486316442,0.9817799925804138,0.0005991010111756623]","[0.0002220471651526168,0.00045380988740362227,0.0022980645298957825,0.002313987584784627,0.0014705045614391565,0.001948641613125801,9.676120680524036e-05,0.005516688339412212,0.9834096431732178,0.002269834978505969]","[0.00011186811025254428,0.00022686987358611077,0.004422762896865606,0.017995649948716164,0.0032787073869258165,0.003721455344930291,0.0002560723223723471,0.004048176575452089,0.9611948728561401,0.004743665456771851]","[6.0282633057795465e-05,0.0003106064395979047,0.001120990258641541,0.004422266036272049,0.0018960057059302926,0.0030818062368780375,5.140603752806783e-05,0.002364003797993064,0.9857783317565918,0.0009143119095824659]","[0.00016506102110724896,0.00027303543174639344,0.0033887773752212524,0.009114854037761688,0.002682906109839678,0.0014444153057411313,8.162055746652186e-05,0.010970935225486755,0.9693920612335205,0.0024863884318619967]","[0.00016625416174065322,0.0001997304061660543,0.00244567240588367,0.010436789132654667,0.000552985817193985,0.002382444217801094,5.576826151809655e-05,0.002334916964173317,0.9794854521751404,0.0019399544689804316]"
"[9.460408182349056e-05,3.647459834610345e-06,0.00023104522551875561,5.4478776291944087e-05,0.9739133715629578,0.0007203210261650383,0.00021148550149518996,0.00024868466425687075,0.0006806211895309389,0.02384173683822155]","[8.852995233610272e-05,2.7959160888713086e-06,0.0003086132346652448,4.317556522437371e-05,0.9702171683311462,0.00046803546138107777,0.00028435257263481617,0.0004261879075784236,0.0006400666898116469,0.02752101421356201]","[7.807951624272391e-05,2.88035744233639e-06,0.0005027077277190983,8.810242434265092e-05,0.9338026642799377,0.0011975892120972276,0.0005561292637139559,0.00032333118724636734,0.0010583332041278481,0.06239011511206627]","[2.6336527298553847e-05,1.4795850802329369e-06,0.00022612480097450316,3.850323992082849e-05,0.9890804886817932,0.0004909879644401371,0.00011266174260526896,9.48485394474119e-05,0.00040618088678456843,0.009522493928670883]","[4.919186540064402e-05,1.2824493751395494e-06,0.00022068100224714726,2.4245260647148825e-05,0.9493192434310913,0.0001742689637467265,0.00019807237549684942,0.0003015917318407446,0.0004003497015219182,0.04931119456887245]","[0.00013399074668996036,3.673109858937096e-06,0.00044575583888217807,7.21913093002513e-05,0.937843918800354,0.0006994999712333083,0.00026225208421237767,0.0003257251810282469,0.0014657459687441587,0.058747176080942154]"
"[0.0041634924709796906,3.0285889806691557e-05,0.002394980750977993,9.866297659755219e-06,0.000191438986803405,0.019608687609434128,0.972854495048523,2.9313440563782933e-07,0.0007437259191647172,2.758691152848769e-06]","[0.0015566779766231775,1.8835944501915947e-05,0.0023469876032322645,3.186128878951422e-06,8.140430873027071e-05,0.005961417220532894,0.9897890686988831,2.1107794623276277e-07,0.00024065145407803357,1.5245835811583675e-06]","[0.00037466073990799487,5.722959940612782e-06,0.0007448266260325909,3.0793221412750427e-06,5.186939233681187e-05,0.006379107479006052,0.99225252866745,4.3258946647029006e-08,0.00018719401850830764,9.553569952913676e-07]","[0.0016548519488424063,3.662769086076878e-05,0.002907729707658291,7.122439910745015e-06,0.00018281335360370576,0.02583174966275692,0.968755841255188,2.0750968587890384e-07,0.0006213633459992707,1.8115368902726914e-06]","[0.0016237167874351144,1.4969923540775198e-05,0.002209885511547327,3.064467591684661e-06,0.00012309632438700646,0.0034100436605513096,0.992340087890625,1.753624871980719e-07,0.0002723151701502502,2.668747583811637e-06]","[0.004138112999498844,2.3108479581424035e-05,0.004826115444302559,8.407968380197417e-06,0.00011685532081173733,0.008774650283157825,0.9813880920410156,1.873969210919313e-07,0.0007217613165266812,2.680815669009462e-06]"
"[0.0003024522156920284,0.0008215162670239806,0.0026885103434324265,0.0011808271519839764,4.440566772245802e-05,0.001053488696925342,6.69922010274604e-05,3.5956174542661756e-05,0.9937093257904053,9.649435378378257e-05]","[0.00034010541276074946,0.004398920573294163,0.005680469796061516,0.004052457399666309,6.903376925038174e-05,0.0012265942059457302,0.0002214721025666222,8.915538637666032e-05,0.9838232398033142,9.851629147306085e-05]","[0.00023038519429974258,0.0007032871362753212,0.0025879484601318836,0.0015714082401245832,4.221626295475289e-05,0.0009148978861048818,0.00012924967450089753,2.8491767807281576e-05,0.9936888217926025,0.00010337508138036355]","[0.00016596840578131378,0.0023649651557207108,0.00518167344853282,0.006290564779192209,8.418894140049815e-05,0.002344307256862521,6.071233656257391e-05,1.6436591977253556e-05,0.9834475517272949,4.370864917291328e-05]","[0.0013539002975448966,0.002012669574469328,0.05381226912140846,0.007093283347785473,0.00020503223640844226,0.0017007506685331464,0.0002835276536643505,0.0003720331296790391,0.9327512383460999,0.0004153116897214204]","[0.0003936299472115934,0.0007438966422341764,0.0042024231515824795,0.0024084581527858973,1.660559792071581e-05,0.0005288750398904085,6.32006413070485e-05,2.5435814677621238e-05,0.9913790225982666,0.00023833708837628365]"
"[0.13024170696735382,0.00012837986287195235,0.022578271105885506,8.408901339862496e-05,0.07082992792129517,0.05827081575989723,0.7119758725166321,7.897835166659206e-05,0.005077420733869076,0.0007345780613832176]","[0.06856754422187805,0.0001549478038214147,0.04272403568029404,7.35450885258615e-05,0.05164758116006851,0.0423445962369442,0.7911636233329773,8.947573223849759e-05,0.0027823192067444324,0.0004523078678175807]","[0.08273258060216904,0.00011948173778364435,0.023934099823236465,0.0001710385549813509,0.07222375273704529,0.07474663108587265,0.7390952706336975,8.081825217232108e-05,0.006145963910967112,0.0007503853412345052]","[0.0849960595369339,0.00018190551782026887,0.06995022296905518,0.00020048068836331367,0.12167084217071533,0.15001580119132996,0.5652610063552856,9.420562128070742e-05,0.007108729332685471,0.0005207202630117536]","[0.09844350069761276,8.354832243639976e-05,0.031139221042394638,6.433465023292229e-05,0.0646335780620575,0.026043923571705818,0.7762543559074402,8.083845750661567e-05,0.002457480877637863,0.0007991286693140864]","[0.07896269112825394,9.615152521291748e-05,0.0380261093378067,8.435534982709214e-05,0.0455707423388958,0.04821615293622017,0.7852113842964172,5.658545342157595e-05,0.003066848963499069,0.0007089684368111193]"
"[5.5544434871990234e-05,0.0002559455460868776,0.007858063094317913,0.000713180867023766,0.001766085741110146,0.13008442521095276,0.09429370611906052,4.017633727926295e-07,0.764951229095459,2.1483812815858983e-05]","[4.8039226385299116e-05,0.0004013196157757193,0.009054599329829216,0.00041217030957341194,0.0009882398881018162,0.045925550162792206,0.11040049046278,7.05545858181722e-07,0.8327511548995972,1.7728551028994843e-05]","[4.154713315074332e-05,0.0001602272823220119,0.004680868703871965,0.0005769403651356697,0.0009059600415639579,0.05380424112081528,0.11647511273622513,4.345891966295312e-07,0.8233106732368469,4.3982232455164194e-05]","[1.6707952454453334e-05,0.00013320925063453615,0.003582739271223545,0.0005293636932037771,0.0009931483073160052,0.03843044862151146,0.04457760229706764,1.8125501810573041e-07,0.9117254614830017,1.1141216418764088e-05]","[8.220895688282326e-05,0.00022128426644485444,0.059708915650844574,0.002908966736868024,0.006838302128016949,0.03624705970287323,0.10192646831274033,2.6130114747502375e-06,0.7918696403503418,0.00019441139011178166]","[4.318392893765122e-05,0.00022613453620579094,0.05589911714196205,0.0004295656399335712,0.0007848580717109144,0.016654856503009796,0.1207275241613388,3.5758012018050067e-07,0.8052064180374146,2.799610774673056e-05]"
"[5.64244510314893e-06,0.0015699377981945872,0.0023484888952225447,0.07500500977039337,0.832737922668457,0.03151718154549599,0.011537816375494003,0.006405622698366642,0.026754239574074745,0.012118211947381496]","[7.788403308950365e-06,0.0026781223714351654,0.003367762314155698,0.029331611469388008,0.7995408177375793,0.021180734038352966,0.02113768458366394,0.003564961953088641,0.02663620375096798,0.0925542339682579]","[2.7259507078269962e-06,0.0006310165044851601,0.0038797485176473856,0.04565564915537834,0.8483485579490662,0.014812551438808441,0.02042723447084427,0.002668323228135705,0.03300447762012482,0.030569657683372498]","[9.500309374743665e-07,0.0005005552666261792,0.0015601294580847025,0.03789379820227623,0.9127477407455444,0.03517956659197807,0.0033008228056132793,0.0005625981139019132,0.006230444181710482,0.0020232980605214834]","[6.036487775418209e-06,0.0006170200067572296,0.008798817172646523,0.03781189024448395,0.8593161106109619,0.01302445400506258,0.010515475645661354,0.008225959725677967,0.011395505629479885,0.05028880760073662]","[9.446443982596975e-06,0.0024670374114066362,0.0063209813088178635,0.16960537433624268,0.5900712609291077,0.052139148116111755,0.017998838797211647,0.004547460004687309,0.059548527002334595,0.09729182720184326]"
"[0.0021022732835263014,0.0009786110604181886,0.0036206587683409452,0.9420608282089233,0.00033407777664251626,0.045675020664930344,0.0003947224759031087,0.0013658036477863789,0.002593575743958354,0.000874385645147413]","[0.005463472101837397,0.002431603381410241,0.030689220875501633,0.8796507120132446,0.0006577898748219013,0.05869734287261963,0.002942257095128298,0.007650336716324091,0.008247511461377144,0.003569686319679022]","[0.0011342496145516634,0.00047934125177562237,0.00785238016396761,0.9370375275611877,0.00041377911111339927,0.041564133018255234,0.0012690641451627016,0.0014890182064846158,0.006684007588773966,0.00207655131816864]","[0.002120374469086528,0.00137197261210531,0.013698318041861057,0.8906995058059692,0.0006683687097392976,0.07890346646308899,0.0008120121783576906,0.0015816643135622144,0.008308128453791142,0.0018361525144428015]","[0.0019281072309240699,0.00044156433432362974,0.016759108752012253,0.9522716999053955,0.0003607085673138499,0.0180550217628479,0.000629718997515738,0.0033584691118448973,0.0020500875543802977,0.004145421553403139]","[0.01531989499926567,0.0022360372822731733,0.06558161228895187,0.8465909957885742,0.00028430804377421737,0.02889340929687023,0.0024100851733237505,0.004204215481877327,0.0264938585460186,0.00798563938587904]"
"[0.007132587023079395,0.0012205042876303196,0.0243612602353096,0.6548371315002441,0.00042566683259792626,0.08490903675556183,0.0002430276945233345,6.548894452862442e-05,0.22646482288837433,0.000340494851116091]","[0.027482895180583,0.00187544000800699,0.051871225237846375,0.3400099575519562,0.0007947036647237837,0.12304674834012985,0.0010082564549520612,0.00010090370051329955,0.4516938626766205,0.0021160049363970757]","[0.007290544919669628,0.0010949404677376151,0.027821078896522522,0.4176882803440094,0.0005724843358621001,0.08731018751859665,0.0007065008394420147,6.275077612372115e-05,0.45626741647720337,0.0011858270736411214]","[0.004595019388943911,0.0014698614832013845,0.02134525030851364,0.5102372169494629,0.000748390331864357,0.12986540794372559,0.0002442700497340411,3.848285268759355e-05,0.3310239613056183,0.0004320560547057539]","[0.006656263954937458,0.0003725223650690168,0.09314225614070892,0.7762163877487183,0.0010993644827976823,0.016167551279067993,0.00028664895216934383,0.0001482414809288457,0.1039898544549942,0.0019208332523703575]","[0.006349470466375351,0.0005667281802743673,0.018454529345035553,0.5208380818367004,0.00020023147226311266,0.020911604166030884,0.0001709942880552262,3.2999560062307864e-05,0.4313935935497284,0.0010817362926900387]"
"[0.003806774504482746,0.00032736940192990005,0.004991173278540373,0.007764889393001795,0.016847999766469002,0.03487861528992653,0.00438319006934762,0.0048888856545090675,0.8759694695472717,0.04614166170358658]","[0.0022801344748586416,0.000543714442756027,0.003555833362042904,0.0016962054651230574,0.015661252662539482,0.021289631724357605,0.00864321831613779,0.0019525347743183374,0.7814121842384338,0.16296525299549103]","[0.003202917752787471,0.00018058357818517834,0.003565459046512842,0.004083480220288038,0.009972801432013512,0.032174624502658844,0.0035728025250136852,0.002362407511100173,0.8179514408111572,0.12293355166912079]","[0.0015468779020011425,0.00024759912048466504,0.007069133687764406,0.006810992956161499,0.02012959122657776,0.049867384135723114,0.002408090513199568,0.0010007282253354788,0.8785333633422852,0.032386187463998795]","[0.0045115211978554726,0.0002600984007585794,0.01622924953699112,0.011678417213261127,0.029720790684223175,0.018413906916975975,0.005067382473498583,0.00375998648814857,0.8172364830970764,0.0931222215294838]","[0.0038897639606148005,0.00025221778196282685,0.01757993921637535,0.0034345174208283424,0.015272113494575024,0.01495810505002737,0.004533547442406416,0.0022736522369086742,0.8342006206512451,0.10360556095838547]"
"[0.0003247678396292031,0.008492455817759037,0.0020149501506239176,0.03979305922985077,0.6465469598770142,0.08257006853818893,0.004773056134581566,0.0015275207115337253,0.056395821273326874,0.1575612872838974]","[0.0002856121864169836,0.012891615740954876,0.0016619527013972402,0.04546594247221947,0.6730735898017883,0.06265348196029663,0.006458665709942579,0.0026519105304032564,0.054078929126262665,0.1407783478498459]","[0.00025776115944609046,0.0048272619023919106,0.0024856068193912506,0.04141206666827202,0.48886752128601074,0.08194234222173691,0.007196805439889431,0.0012718067737296224,0.052554626017808914,0.3191841244697571]","[0.00023509356833528727,0.007354073692113161,0.0022624849807471037,0.03577382490038872,0.7206199169158936,0.07291946560144424,0.003632333828136325,0.0010511453729122877,0.07008030265569687,0.08607131987810135]","[0.0002373804891249165,0.005135740619152784,0.002017038641497493,0.027300488203763962,0.7234761714935303,0.03202235698699951,0.003667636541649699,0.002472721738740802,0.042312201112508774,0.16135817766189575]","[0.0003993449208792299,0.009238203056156635,0.003299722680822015,0.05060635134577751,0.5430186986923218,0.04821396991610527,0.004240209702402353,0.0019196305656805634,0.08704566955566406,0.25201818346977234]"
"[0.0026874199975281954,2.0166051399428397e-05,0.0006124261999502778,0.0005585738108493388,0.002969021676108241,0.1091461032629013,0.0037063199561089277,1.1859391406687791e-06,0.8801150321960449,0.00018361878755968064]","[0.003655153326690197,0.00019065839296672493,0.0017575534293428063,0.0038707000203430653,0.009341050870716572,0.16505590081214905,0.0159598421305418,1.2529088962764945e-05,0.7991916537284851,0.0009649486164562404]","[0.0021365093998610973,4.674444789998233e-05,0.0025150992441922426,0.004323439672589302,0.007513334508985281,0.11107312887907028,0.016464421525597572,5.486611826199805e-06,0.8544946312904358,0.0014271860709413886]","[0.002234275219962001,0.000109272645204328,0.004159900825470686,0.006884563248604536,0.015418320894241333,0.25638246536254883,0.008426699787378311,6.565080184373073e-06,0.7056781053543091,0.0006998004973866045]","[0.0071191019378602505,0.00011622644524322823,0.029696611687541008,0.020087875425815582,0.044121578335762024,0.2237689197063446,0.030129672959446907,3.9635688153794035e-05,0.6388472318649292,0.006073106545954943]","[0.008253399282693863,0.00012724247062578797,0.006559173110872507,0.00293985684402287,0.0032644399907439947,0.06070125102996826,0.007391032297164202,6.706590738758678e-06,0.9101539850234985,0.0006029755459167063]"
"[0.0012712874449789524,0.0005607543280348182,0.001217988203279674,0.003649777267128229,0.03591148555278778,0.10806852579116821,0.0038617695681750774,0.002890688367187977,0.7245004177093506,0.11806727200746536]","[0.0014133888762444258,0.0008205773192457855,0.0014195704134181142,0.003532407572492957,0.026607049629092216,0.06795336306095123,0.004340729210525751,0.005839808844029903,0.7588872313499451,0.12918594479560852]","[0.0005717102903872728,0.00038071515155024827,0.001091577229090035,0.0026884754188358784,0.023338090628385544,0.04473138973116875,0.005680684000253677,0.002057882258668542,0.8023569583892822,0.11710251122713089]","[0.0005115598905831575,0.0004543224931694567,0.0018028010381385684,0.004240799229592085,0.021532651036977768,0.05232731252908707,0.0015601660124957561,0.0016420178581029177,0.8763853311538696,0.039542943239212036]","[0.0009153823484666646,0.0002702560159377754,0.00464089447632432,0.00879917573183775,0.07367252558469772,0.021468879655003548,0.003750088857486844,0.014572353102266788,0.2932569682598114,0.5786534547805786]","[0.001077007269486785,0.00038108028820715845,0.0009534884011372924,0.0038611325435340405,0.00992639921605587,0.05171295627951622,0.0021358816884458065,0.0018836832605302334,0.7576331496238708,0.17043523490428925]"
"[0.0001593936322024092,0.0007182972622103989,0.00047373739653266966,0.0014079646207392216,0.0005078025278635323,0.0385822169482708,7.77287277742289e-05,9.935683920048177e-05,0.9577460885047913,0.00022742529108654708]","[7.132326572900638e-05,0.0008024522685445845,0.0001934842293849215,0.0005926175508648157,0.0001103543327189982,0.005511545110493898,5.005881757824682e-05,0.00010278830450261012,0.9923328161239624,0.0002325387322343886]","[0.0001096841660910286,0.0003388448676560074,0.0004190089530311525,0.0006866554613225162,0.00020094128558412194,0.0058976151049137115,7.983088289620355e-05,9.867928019957617e-05,0.9916467070579529,0.0005219645681791008]","[4.329528019297868e-05,0.00041321926983073354,0.00023103492276277393,0.00023764194338582456,9.682716336101294e-05,0.004033940378576517,2.7901545763597824e-05,3.8119182136142626e-05,0.9947071671485901,0.00017083832062780857]","[0.0002881235850509256,0.0004025583912152797,0.0032852869480848312,0.0005300654447637498,0.0004107244894839823,0.0034143824595957994,4.0146707760868594e-05,0.0018135803984478116,0.9888648986816406,0.0009502444881945848]","[0.0001322654716204852,0.0003267672145739198,0.0004327084170654416,0.0008733105496503413,6.982147897360846e-05,0.005519848316907883,3.3434673241572455e-05,5.9839774621650577e-05,0.9918042421340942,0.0007475618622265756]"
"[0.02569277212023735,0.0005604441976174712,0.035177234560251236,5.34920982317999e-05,0.06112616881728172,0.09890227764844894,0.7759710550308228,1.653445724514313e-05,0.001855150330811739,0.0006449122447520494]","[0.02553214505314827,0.00039573770482093096,0.03334556519985199,1.0727105291152839e-05,0.033916354179382324,0.036941155791282654,0.8678948283195496,8.960208106145728e-06,0.0009495349950157106,0.0010050032287836075]","[0.01943427324295044,0.00026870917645283043,0.018668754026293755,4.45812547695823e-05,0.031046461313962936,0.06371644139289856,0.8636890053749084,6.487471637228737e-06,0.0016139911022037268,0.001511206035502255]","[0.02377389743924141,0.0010581513633951545,0.05662871524691582,3.598264811444096e-05,0.0513392873108387,0.1381332278251648,0.7222068905830383,2.063798820017837e-05,0.005783556494861841,0.0010196806397289038]","[0.03754212707281113,0.00030480651184916496,0.03691289573907852,2.2432283003581688e-05,0.07688624411821365,0.021686337888240814,0.8237244486808777,3.182006548740901e-05,0.0014852038584649563,0.0014036298962309957]","[0.020881008356809616,0.00024821399711072445,0.05140307918190956,1.9709705156856216e-05,0.03628196567296982,0.01901344209909439,0.8698469996452332,9.002923434309196e-06,0.0012027922784909606,0.0010937635088339448]"
"[0.00030981164309196174,0.006565622519701719,0.06257149577140808,0.002291872166097164,0.006882356945425272,0.005840632598847151,0.9074633121490479,0.00030801547109149396,0.007714139763265848,5.2785722800763324e-05]","[0.00020258509903214872,0.0030505084432661533,0.04321567341685295,0.0003262635145802051,0.0017226532800123096,0.0018765993881970644,0.9472362995147705,0.00011234973499085754,0.002211163751780987,4.598804298439063e-05]","[0.00024152839614544064,0.002317158505320549,0.024791661649942398,0.001034545130096376,0.0022015278227627277,0.0022334603127092123,0.9624660015106201,0.0001257174153579399,0.004517197143286467,7.122856186470017e-05]","[0.00019800888549070805,0.005854092072695494,0.09335725009441376,0.0007811235263943672,0.00569953816011548,0.004541832488030195,0.8814725875854492,0.00015100889140740037,0.007902613840997219,4.20411306549795e-05]","[0.0004080398939549923,0.0038288854993879795,0.09576240926980972,0.0012451643124222755,0.004856456536799669,0.0016521684592589736,0.8880641460418701,0.00028069509426131845,0.0037937338929623365,0.00010825372737599537]","[0.00015671442088205367,0.002666956977918744,0.04906199127435684,0.0003785271546803415,0.0022553366143256426,0.001172326155938208,0.9407463669776917,0.00011046782310586423,0.003417383646592498,3.394359373487532e-05]"
"[0.12905868887901306,0.029924916103482246,0.14909107983112335,0.10491807758808136,0.06210087984800339,0.026771998032927513,0.3432456851005554,0.11389530450105667,0.02662351168692112,0.014369886368513107]","[0.09449763596057892,0.036721210926771164,0.18209891021251678,0.08957574516534805,0.04665273427963257,0.019656389951705933,0.38248389959335327,0.11203379929065704,0.02483847364783287,0.011441150680184364]","[0.08012540638446808,0.020256562158465385,0.1310841590166092,0.07013428956270218,0.042828548699617386,0.020375004038214684,0.534813404083252,0.06229400634765625,0.024716390296816826,0.013372158631682396]","[0.07886268943548203,0.047761909663677216,0.18443846702575684,0.12781266868114471,0.07659894227981567,0.038791172206401825,0.3114194869995117,0.08282437175512314,0.040862515568733215,0.010627767071127892]","[0.1009596511721611,0.016561582684516907,0.2938017249107361,0.0990673378109932,0.061639122664928436,0.010079900734126568,0.2538004517555237,0.11621318012475967,0.023428183048963547,0.024448903277516365]","[0.13916929066181183,0.02651859261095524,0.2797168493270874,0.1190648004412651,0.031992897391319275,0.010380744002759457,0.24771864712238312,0.09393077343702316,0.035999953746795654,0.015507387928664684]"
"[2.2371035811374895e-05,7.319642463698983e-06,0.0011963348370045424,5.488503575179493e-06,0.0030462145805358887,6.25468892394565e-05,0.9955981373786926,6.037399998604087e-06,3.769275645026937e-05,1.7862637832877226e-05]","[5.091576895210892e-05,6.98742860549828e-06,0.0015738238580524921,1.679269644228043e-06,0.0013942716177552938,3.0871462513459846e-05,0.9968844056129456,3.11118265017285e-06,1.901409814308863e-05,3.499924059724435e-05]","[1.1466206160548609e-05,2.949495865323115e-06,0.0008238495793193579,2.6076763788296375e-06,0.0019678117241710424,2.6340969270677306e-05,0.9971248507499695,2.290493739565136e-06,1.9340617654961534e-05,1.8464401364326477e-05]","[1.883200093288906e-05,9.47801618167432e-06,0.0026373788714408875,9.46236468735151e-06,0.006342032458633184,0.00013611707254312932,0.9907744526863098,5.070212864666246e-06,4.986684143659659e-05,1.724800495139789e-05]","[2.3234235413838178e-05,3.2606280910840724e-06,0.0023066706489771605,3.524029807522311e-06,0.005407773889601231,3.0108076316537336e-05,0.9921582937240601,5.699014764104504e-06,1.253603204531828e-05,4.8805915866978467e-05]","[3.097791341133416e-05,6.674789347016485e-06,0.001489880378358066,5.755037818744313e-06,0.0018649455159902573,5.8954403357347474e-05,0.9964590668678284,3.3435192108299816e-06,3.8813534047221765e-05,4.173987690592185e-05]"
"[0.001073310268111527,3.33951466018334e-05,0.00360536458902061,8.970024646259844e-05,0.003382263705134392,0.0045400080271065235,0.9860519170761108,5.002271336707054e-06,0.0007001549820415676,0.0005189103540033102]","[0.0002468553720973432,1.8831784473150037e-05,0.0014655673876404762,1.672504367888905e-05,0.0017011300660669804,0.0014041063841432333,0.9947081804275513,2.368055902479682e-06,0.00023231952218338847,0.00020397495245561004]","[0.0001874442823464051,8.379297469218727e-06,0.001177412224933505,1.7714444766170345e-05,0.001979888416826725,0.0007185480208136141,0.9953924417495728,1.8563648609415395e-06,0.00022247059678193182,0.0002938194666057825]","[0.0008506166632287204,5.3684820159105584e-05,0.013402308337390423,0.00021481773001141846,0.0076206945814192295,0.016717463731765747,0.9598471522331238,7.126554919523187e-06,0.00100640335585922,0.00027966470224782825]","[0.0008056297083385289,1.1803461347881239e-05,0.007243825122714043,4.733751848107204e-05,0.004515248350799084,0.0010755325201898813,0.9849873185157776,8.343735316884704e-06,0.0003197442274540663,0.0009852075017988682]","[0.0006866867770440876,2.1295429178280756e-05,0.003248596331104636,5.627494465443306e-05,0.001904051867313683,0.002736752387136221,0.9897031188011169,3.302182676634402e-06,0.0007044142694212496,0.000935506948735565]"
"[0.06238717585802078,4.298912608646788e-05,0.0005816958146169782,0.00021750466839876026,0.004542594775557518,0.026133473962545395,0.00035645064781419933,0.0009761747787706554,0.884817898273468,0.019943995401263237]","[0.0401795357465744,0.00014413266035262495,0.0009982687188312411,0.00020663344184868038,0.004640455357730389,0.018158502876758575,0.0010621773544698954,0.0040373168885707855,0.8771885633468628,0.05338440462946892]","[0.03224436566233635,4.315349360695109e-05,0.0013153136242181063,0.0004122330283280462,0.003718417836353183,0.014885569922626019,0.0011069182073697448,0.0015792518388479948,0.8816654682159424,0.06302932649850845]","[0.011649394407868385,2.6188698029727675e-05,0.00022875028662383556,3.7357171095209196e-05,0.0009740303503349423,0.0047387429513037205,0.00015382678247988224,0.0005432573379948735,0.9659727811813354,0.01567564345896244]","[0.07240867614746094,4.0755930967861786e-05,0.0022191947791725397,0.00018548121443018317,0.007816922850906849,0.005522371735423803,0.0006394480587914586,0.008173667825758457,0.8366196751594543,0.0663737952709198]","[0.05215606093406677,2.4506640329491347e-05,0.0007948629790917039,0.00018953859398607165,0.0007714041857980192,0.009975901804864407,0.0003201427171006799,0.0010926136747002602,0.8712970018386841,0.06337796151638031]"
"[0.00013344096078071743,0.0037185491528362036,0.0026063311379402876,0.0022229854948818684,0.008537053130567074,0.018148021772503853,0.0019163873512297869,0.0008909109164960682,0.9598321914672852,0.001994168618693948]","[0.00012116143625462428,0.006227353122085333,0.004055258817970753,0.0013091788860037923,0.005662507377564907,0.009852682240307331,0.0030655849259346724,0.0019566051196306944,0.9646687507629395,0.003080823691561818]","[6.413032679120079e-05,0.0016531860455870628,0.0049095554277300835,0.0036664402578026056,0.014168311841785908,0.015395911410450935,0.007474204059690237,0.000965834129601717,0.9427645802497864,0.008937857113778591]","[4.065666507813148e-05,0.002075420692563057,0.001984875649213791,0.0007989831501618028,0.004906979389488697,0.009854714386165142,0.0009330273023806512,0.0003053763648495078,0.9783425331115723,0.0007573679322376847]","[0.00010077099432237446,0.0026515475474298,0.0037517226301133633,0.0009473499958403409,0.007043573074042797,0.0019066770328208804,0.0014112055068835616,0.0019948123954236507,0.9778096079826355,0.002382588339969516]","[9.670873987488449e-05,0.0021692151203751564,0.0030758886132389307,0.0014157103141769767,0.0014227185165509582,0.005324221216142178,0.0010720123536884785,0.0004830102843698114,0.9814068078994751,0.0035336536820977926]"
"[0.0006581274210475385,0.003830023342743516,0.010732795111835003,0.19175635278224945,0.057900529354810715,0.08475343883037567,0.004979230463504791,0.5960273742675781,0.040960509330034256,0.008401606231927872]","[0.0018791076727211475,0.011086872778832912,0.016902843490242958,0.20782646536827087,0.06380739063024521,0.07989135384559631,0.009823297150433064,0.3676662743091583,0.2022835910320282,0.03883278742432594]","[0.0009563980856910348,0.0035328464582562447,0.01691843383014202,0.19899435341358185,0.060193855315446854,0.09329019486904144,0.009804625064134598,0.467716246843338,0.11596765369176865,0.03262536600232124]","[0.0008257071021944284,0.006370097864419222,0.021684329956769943,0.15366531908512115,0.07116787880659103,0.11171786487102509,0.006219303701072931,0.3992251753807068,0.21004755795001984,0.01907677762210369]","[0.0009307963191531599,0.0026420021895319223,0.027288110926747322,0.21292810142040253,0.07039760798215866,0.03931363299489021,0.0066003878600895405,0.5484572649002075,0.07264447212219238,0.018797533586621284]","[0.002892911434173584,0.009115313179790974,0.05739518254995346,0.1724264919757843,0.026859590783715248,0.04956113547086716,0.008115634322166443,0.30015549063682556,0.3340946137905121,0.039383698254823685]"
"[0.004775524139404297,0.0032512005418539047,0.007222564425319433,0.1711363047361374,0.0005802345112897456,0.7939496636390686,0.0011725418735295534,0.00022847187938168645,0.017239538952708244,0.00044396831071935594]","[0.013652661815285683,0.0052378117106854916,0.012066266499459743,0.1393774151802063,0.000596563215367496,0.807952880859375,0.0028480556793510914,0.0003923775802832097,0.016627825796604156,0.0012481501325964928]","[0.006011638790369034,0.003142763627693057,0.008831894025206566,0.20986749231815338,0.000643997744191438,0.7457361221313477,0.002101110527291894,0.00027521527954377234,0.022313348948955536,0.0010764739708974957]","[0.004144596867263317,0.0029098307713866234,0.0063216304406523705,0.12255846709012985,0.0005362650845199823,0.8415423631668091,0.0011201468296349049,0.0001670293277129531,0.020214764401316643,0.0004848908574786037]","[0.00990970991551876,0.0069794608280062675,0.03303651884198189,0.32012277841567993,0.0040401071310043335,0.57839035987854,0.0019190323073416948,0.003240307094529271,0.03741583973169327,0.004945904016494751]","[0.056324053555727005,0.009407466277480125,0.03684625402092934,0.2627060115337372,0.0007528144051320851,0.5816242694854736,0.003301928285509348,0.0006030158838257194,0.04743458330631256,0.0009996466105803847]"
"[0.0350995808839798,0.0013393579283729196,0.0006560774054378271,0.46074414253234863,0.00020640829461626709,0.297281414270401,0.0002865553251467645,3.962804112234153e-05,0.20350243151187897,0.0008444772101938725]","[0.013622228987514973,0.0019142926903441548,0.0018671095604076982,0.6066061854362488,0.0005224523483775556,0.2063760757446289,0.0014328067190945148,0.00017861684318631887,0.16596642136573792,0.0015138413291424513]","[0.02078414149582386,0.000662880134768784,0.0014971414348110557,0.4100165367126465,0.0004294514947105199,0.33906254172325134,0.001388450269587338,7.310602813959122e-05,0.22393274307250977,0.002152990782633424]","[0.010750970803201199,0.000917617348022759,0.0018834362272173166,0.39071032404899597,0.0005611593369394541,0.4398254454135895,0.0004786938661709428,4.721870209323242e-05,0.15384699404239655,0.000978127820417285]","[0.019726311787962914,0.0002181661402573809,0.0040755243971943855,0.8731478452682495,0.00041162612615153193,0.028601815924048424,0.00016628953744657338,0.00010335121623938903,0.07100549340248108,0.00254361261613667]","[0.03630824759602547,0.0003115364525001496,0.0009874950628727674,0.7338300347328186,6.3417995988857e-05,0.04440000280737877,0.0002356799232074991,2.653491173987277e-05,0.1829366236925125,0.0009004738531075418]"
"[0.00018345078569836915,0.0016810904489830136,0.9940356016159058,0.0014127938775345683,1.0427942470414564e-05,0.00013912255235482007,0.000199683359824121,6.17593977949582e-05,0.002263678004965186,1.2418743608577643e-05]","[9.910413064062595e-05,0.0010762448655441403,0.9966191053390503,0.0007185582653619349,5.812026756757405e-06,6.712771573802456e-05,0.00023982433776836842,7.450683187926188e-05,0.0010897780302911997,9.791613592824433e-06]","[9.337475057691336e-05,0.000572546327020973,0.9964814186096191,0.001034730114042759,5.600519216386601e-06,4.459090996533632e-05,0.0002720716584008187,3.8817735912743956e-05,0.0014457531506195664,1.1136208740936127e-05]","[7.80960253905505e-05,0.0015599711332470179,0.9944029450416565,0.0009812008356675506,7.965520126163028e-06,9.973831765819341e-05,0.00010630289762048051,4.389396053738892e-05,0.0027144737541675568,5.398187113314634e-06]","[0.00010831810504896566,0.0006688987486995757,0.9958368539810181,0.0009770874166861176,1.1568958143470809e-05,2.4302349629579112e-05,5.4302126955008134e-05,0.00015497839194722474,0.0021461686119437218,1.7506998119642958e-05]","[0.00016562147357035428,0.001055714674293995,0.9953200221061707,0.0011825794354081154,3.836990799754858e-06,6.159293843666092e-05,0.00019307092588860542,3.619284325395711e-05,0.001964299473911524,1.7091464542318135e-05]"
"[0.0007643690914846957,9.21533455766621e-07,5.4235726565821096e-05,0.0009221951477229595,9.116680303122848e-05,0.21013028919696808,2.2718795662513003e-06,1.292908018513117e-05,0.7876185774803162,0.00040305531001649797]","[0.0010397590231150389,3.9222337022692955e-07,5.2685838454635814e-05,3.5641711292555556e-05,3.314220521133393e-05,0.028035946190357208,2.01739271687984e-06,5.092526407679543e-06,0.9697473049163818,0.0010480923810973763]","[0.0002047380548901856,1.7058711421213957e-07,1.927598896145355e-05,9.986551594920456e-05,1.5525753042311408e-05,0.010541293770074844,7.111132731552061e-07,3.926727003999986e-06,0.9881828427314758,0.0009316434152424335]","[0.0001993168843910098,1.967969183169771e-07,3.873312380164862e-05,0.00017961501725949347,4.540846202871762e-05,0.06256300210952759,5.455810878629563e-07,1.5402147255372256e-06,0.9366961717605591,0.00027539668371900916]","[0.0021046597976237535,5.256467829894973e-07,0.0015059689758345485,0.003919820301234722,0.0012740103993564844,0.11292840540409088,1.0773981557576917e-05,9.710778977023438e-05,0.8364871740341187,0.04167162999510765]","[0.00043948140228167176,1.5122776630960288e-07,9.16600547498092e-05,0.0004207056190352887,4.1529754525981843e-05,0.03595215082168579,2.4986622975120554e-06,3.277980340499198e-06,0.9616405963897705,0.0014080213150009513]"
"[0.0002218857262050733,3.535558425937779e-05,0.0007241410785354674,0.004742640070617199,9.68088352237828e-06,0.9855760335922241,0.0033945993054658175,2.2263830601332302e-07,0.005288171581923962,7.296649528143462e-06]","[0.0006554016144946218,4.929329952574335e-05,0.0027688955888152122,0.0029065886046737432,1.0803586519614328e-05,0.9790549874305725,0.006186805199831724,2.0305367343098624e-07,0.00834044348448515,2.6455149054527283e-05]","[0.00016928678087424487,2.0850240616709925e-05,0.0017985862214118242,0.00793787743896246,1.4469118468696252e-05,0.9718847870826721,0.007156865205615759,1.2015860306746617e-07,0.010989668779075146,2.7437356038717553e-05]","[6.931032839929685e-05,1.5501327652600594e-05,0.0009899347787722945,0.0034100967459380627,6.841458798589883e-06,0.9887191653251648,0.0008944177534431219,5.7713311463203354e-08,0.005890363361686468,4.306123173591914e-06]","[0.0003300457610748708,6.317517545539886e-05,0.01290701050311327,0.009075376205146313,0.00036540470318868756,0.947647750377655,0.0042711771093308926,8.969414011517074e-06,0.025074981153011322,0.0002561050932854414]","[0.0015275294426828623,8.045204594964162e-05,0.005869008135050535,0.01534327957779169,1.4716591977048665e-05,0.9394018650054932,0.005746206268668175,3.608401755172963e-07,0.031969837844371796,4.662579522118904e-05]"
"[3.3996586807916174e-06,3.053457839996554e-05,1.696134131634608e-05,0.000603610766120255,0.9842574596405029,0.0026568614412099123,3.245272091589868e-05,0.003599242540076375,0.005442188587039709,0.003357261884957552]","[4.683959559770301e-06,3.594309600885026e-05,1.3814137673762161e-05,0.00021290616132318974,0.966865599155426,0.002375083277001977,4.757007263833657e-05,0.0016240921104326844,0.008996132761240005,0.019824134185910225]","[1.0206081242358778e-05,4.103205355932005e-05,4.774222179548815e-05,0.0009591223788447678,0.9447534680366516,0.0048361364752054214,5.533722651307471e-05,0.0050664679147303104,0.01756133884191513,0.026669250801205635]","[2.10096141017857e-06,2.0910199964419007e-05,2.182256503147073e-05,0.0003533572016749531,0.9844784736633301,0.0030475519597530365,2.0340752598713152e-05,0.001540376921184361,0.007015210576355457,0.003499825019389391]","[2.3115219391911523e-06,1.6700068954378366e-05,1.5658682968933135e-05,0.00035464574466459453,0.9858424067497253,0.0011589510831981897,2.9415748940664344e-05,0.0030237874016165733,0.0046877372078597546,0.0048683458007872105]","[6.397378456313163e-06,3.9235437725437805e-05,4.1294395487057045e-05,0.0006733586196787655,0.9661168456077576,0.0028838517609983683,5.879587843082845e-05,0.0027118176221847534,0.011878550983965397,0.015589813701808453]"
"[0.0176190547645092,2.2792672098148614e-05,0.00041223084554076195,0.00014878643560223281,0.0014611021615564823,0.9622228741645813,0.00028691839543171227,9.440005669603124e-05,0.016857784241437912,0.0008740370394662023]","[0.030600888654589653,4.9059388402383775e-05,0.0008733717259019613,0.0002225508214905858,0.002551067853346467,0.9264242053031921,0.000741230440326035,0.00026754537248052657,0.03588026389479637,0.0023898056242614985]","[0.017695486545562744,2.945514461316634e-05,0.0004946595290675759,0.00024386908626183867,0.002318217186257243,0.9339257478713989,0.0006284558912739158,0.00016385434719268233,0.04283576458692551,0.0016644882271066308]","[0.011240233667194843,3.0934734240872785e-05,0.0004334068507887423,0.00016323308227583766,0.0014734230935573578,0.9567734599113464,0.00023033808975014836,7.268876652233303e-05,0.028891243040561676,0.0006910178926773369]","[0.04759557917714119,4.720774450106546e-05,0.0026818441692739725,0.000612985691986978,0.006231571082025766,0.9036962985992432,0.0007720168796367943,0.0005177591810934246,0.0333782434463501,0.0044664847664535046]","[0.10564755648374557,7.15626883902587e-05,0.002166942460462451,0.00031765291350893676,0.0013516165781766176,0.8012524843215942,0.0005358007038012147,0.00019194027117919177,0.08553525060415268,0.002929219277575612]"
"[2.949963118226151e-06,4.1598744360271667e-07,0.00011401432857383043,1.5052883099997416e-05,0.9991744160652161,7.906079554231837e-05,3.7040106690255925e-05,0.00012223054363857955,1.8412738427286968e-05,0.0004364909545984119]","[2.3195039830170572e-05,1.0844356665984378e-06,0.00024890093482099473,1.4848604223516304e-05,0.9961342811584473,8.183753379853442e-05,7.627493323525414e-05,0.00015611930575687438,6.605339876841754e-05,0.0031974376179277897]","[6.248347744985949e-06,4.4981536007071554e-07,0.00019036384765058756,1.606528167030774e-05,0.9977165460586548,6.392537761712447e-05,8.930653712013736e-05,0.00011973224172834307,4.0129267290467396e-05,0.001757316174916923]","[7.204038865893381e-06,5.740852770941274e-07,0.0001658698165556416,1.584632627782412e-05,0.9982156753540039,9.727875294629484e-05,4.6093828132143244e-05,9.82051933533512e-05,5.6907152611529455e-05,0.0012963364133611321]","[4.308958523324691e-06,2.2581160408208234e-07,0.00029756821459159255,1.3218727872299496e-05,0.9966889023780823,3.746704533114098e-05,5.901065014768392e-05,0.00010645849397405982,1.7667183783487417e-05,0.0027751887682825327]","[2.6877381969825365e-05,1.201420559482358e-06,0.000498687440995127,4.538056964520365e-05,0.991561233997345,0.00018917283159680665,0.00013151606253813952,0.0001978195068659261,0.00010873605060623959,0.007239391561597586]"
"[0.0015084051992744207,0.0011646879138424993,0.006667593494057655,0.003180096857249737,0.00027655070880427957,0.039805661886930466,5.2709303417941555e-05,0.0001119962616940029,0.9444695115089417,0.00276279472745955]","[0.0016219292301684618,0.0010911591816693544,0.008587478660047054,0.002146274084225297,0.0003297797520644963,0.02090500481426716,9.67397281783633e-05,0.0004571326426230371,0.9589458703994751,0.005818736273795366]","[0.0006670348229818046,0.000701208773534745,0.004599257837980986,0.0024398001842200756,0.00045345709077082574,0.010846985504031181,7.684075535507873e-05,0.00019093396258540452,0.970110297203064,0.009914076887071133]","[0.000816148763988167,0.0014101691776886582,0.006875572260469198,0.0032270075753331184,0.00036733486922457814,0.0273275263607502,3.691175879794173e-05,8.952333155320957e-05,0.957686722278595,0.0021630709525197744]","[0.003567514242604375,0.0015300902305170894,0.042401447892189026,0.011891675181686878,0.001205549924634397,0.016778821125626564,0.00010264377488056198,0.0008723551291041076,0.8951367139816284,0.026513198390603065]","[0.001203693333081901,0.0006510583916679025,0.009733871556818485,0.0007906547398306429,0.00010270893108099699,0.011976618319749832,4.537082349997945e-05,0.00013534068420995027,0.9687928557395935,0.006567789241671562]"
"[0.001323167816735804,0.0008032639161683619,0.9731148481369019,0.009817791171371937,4.398538777650174e-08,0.012031994760036469,0.0018642429495230317,1.3623277084207075e-07,0.0010445399675518274,3.509591195438588e-08]","[0.00046384776942431927,0.0002816893102135509,0.9927855730056763,0.001308961189351976,1.6082900344827067e-08,0.0034104131627827883,0.0015759478555992246,6.454035172964723e-08,0.00017346367530990392,1.9455075772611963e-08]","[0.0008291052072308958,0.00042221558396704495,0.9728510975837708,0.008594940416514874,4.5433761641788806e-08,0.01294109970331192,0.003459314350038767,8.145674001980296e-08,0.0009019527351483703,8.744834900653586e-08]","[0.0003196529287379235,0.0006292175967246294,0.9841240048408508,0.0018324849661439657,3.173368767761531e-08,0.011022034101188183,0.0016555114416405559,5.750120379843793e-08,0.0004170666798017919,1.476679933887226e-08]","[0.0011129062622785568,0.0008529279148206115,0.9590774178504944,0.008769536390900612,2.73698248065557e-07,0.0123744560405612,0.012155422940850258,3.84555221444316e-07,0.005656630266457796,6.238969518790327e-08]","[0.00021054917306173593,0.0002780248469207436,0.9942605495452881,0.0009943392360582948,1.5532561903341957e-08,0.0024782519321888685,0.0015071851667016745,4.103258888221717e-08,0.0002711695560719818,9.510742415841378e-09]"
"[3.6296006555858185e-07,6.518717418657616e-05,6.374936492647976e-05,0.00010309354547644034,0.9933235049247742,0.00028715748339891434,1.7452422980568372e-05,0.00014643717440776527,0.0030922903679311275,0.0029008504934608936]","[4.6247754426076426e-07,8.10790661489591e-05,0.00012575028813444078,8.041741966735572e-05,0.9915067553520203,0.0001554397022118792,4.3386164179537445e-05,0.00047429179539904,0.0025658917147666216,0.004966436419636011]","[4.6809776677037007e-07,8.901320688892156e-05,0.00018282726523466408,0.0003233709139749408,0.981648325920105,0.0005009528831578791,7.452099089277908e-05,0.00020488182781264186,0.004879971034824848,0.012095698155462742]","[3.135938015930151e-07,0.00010689510963857174,0.00013991593732498586,0.0001681174908298999,0.9884307384490967,0.0003826988104265183,1.8118238585884683e-05,0.00015772467304486781,0.00849312823265791,0.0021024311427026987]","[2.33700646390389e-07,3.444161848165095e-05,7.688134792260826e-05,6.96335919201374e-05,0.9949215054512024,7.441057096002623e-05,1.8869317500502802e-05,0.00034565574605949223,0.0017129478510469198,0.002745427656918764]","[8.186169111468189e-07,0.00012868719932157546,0.00034327193861827254,0.00030645239166915417,0.9772433638572693,0.0002562474401202053,4.457982140593231e-05,0.00043770112097263336,0.012501994147896767,0.008736874908208847]"
"[0.0017275218851864338,0.005652343388646841,0.006024553440511227,0.34906667470932007,0.00015189967234618962,0.0192145686596632,4.698426346294582e-05,0.00041021633660420775,0.6171625852584839,0.0005426073330454528]","[0.0024811802431941032,0.003220315556973219,0.008279893547296524,0.09064919501543045,9.671579027781263e-05,0.012519381009042263,4.68078360427171e-05,0.000268361036432907,0.8811131715774536,0.0013249142793938518]","[0.0006747951847501099,0.0014806489925831556,0.0031617286149412394,0.3125169277191162,6.570728874066845e-05,0.017742669209837914,3.242559978389181e-05,7.212900527520105e-05,0.663226306438446,0.0010267337784171104]","[0.0007630751933902502,0.0038891357835382223,0.008379834704101086,0.2669360935688019,0.00013184284034650773,0.023046359419822693,2.1581041437457316e-05,8.419357618549839e-05,0.6962634325027466,0.0004844123322982341]","[0.0018004560843110085,0.0032097676303237677,0.012421038933098316,0.15895631909370422,0.00017229124205186963,0.0053690215572714806,3.876236951327883e-05,0.0004926261608488858,0.815546989440918,0.001992722973227501]","[0.0013914303854107857,0.003085401374846697,0.016490813344717026,0.15927258133888245,0.00010849184036487713,0.0040941485203802586,5.141322617419064e-05,0.00016590775339864194,0.8145906925201416,0.0007490629213862121]"
"[0.0018293892499059439,0.00014756912423763424,0.7147010564804077,0.25704270601272583,5.404913849815784e-07,0.01213796529918909,7.247891971928766e-06,4.861739171246882e-07,0.014132759533822536,2.0971069147890375e-07]","[0.003947533667087555,0.0002815812185872346,0.7495905160903931,0.19793464243412018,3.637452437033062e-07,0.017658747732639313,7.639021532668266e-06,3.638323562427104e-07,0.030578317120671272,3.670634498575964e-07]","[0.0013304512249305844,0.0001115295963245444,0.6535013318061829,0.30592939257621765,4.625310339179123e-07,0.008189077489078045,8.133322808134835e-06,2.6964895027958846e-07,0.030929064378142357,3.373542085682857e-07]","[0.0009002989972941577,7.975423068273813e-05,0.7348397970199585,0.23591727018356323,2.860918471014884e-07,0.017396369948983192,1.5650526847821311e-06,7.869019924555687e-08,0.010864537209272385,7.186791606272891e-08]","[0.001225580577738583,3.2842446671565995e-05,0.8505995273590088,0.14308211207389832,2.2225911777695728e-07,0.0018650544807314873,2.0480010789469816e-06,2.8891099645989016e-07,0.0031922131311148405,2.076021985430998e-07]","[0.0028721464332193136,0.00018528811051510274,0.6032781004905701,0.3501497507095337,2.720149439028319e-07,0.015354832634329796,5.195185622142162e-06,1.6377173039927584e-07,0.028153790161013603,4.451084976153652e-07]"
"[0.00022029182582627982,0.03535708412528038,0.877787709236145,0.044628292322158813,5.783466804132331e-06,0.001290594693273306,0.003375643864274025,2.8235601803316968e-06,0.03733104467391968,8.011891168280272e-07]","[6.152389687485993e-05,0.01078610960394144,0.9713014364242554,0.005978589877486229,1.830008159231511e-06,0.00034759496338665485,0.003320784540846944,2.3678996967646526e-06,0.00819934718310833,3.2418805062661704e-07]","[8.015355706447735e-05,0.007597628515213728,0.9184876084327698,0.0325615331530571,4.42266218669829e-06,0.0008799393544904888,0.007603093516081572,1.388334226248844e-06,0.03278278186917305,1.4243854593587457e-06]","[6.289496377576143e-05,0.027280675247311592,0.9141796231269836,0.017826370894908905,7.482432465621969e-06,0.0012743965489789844,0.0024460465647280216,2.0323952867329353e-06,0.03691999614238739,5.103253784000117e-07]","[9.957756265066564e-05,0.007723386399447918,0.9420481324195862,0.015188544057309628,4.755733243655413e-06,0.00010446393571328372,0.001830150606110692,3.5008506529266015e-06,0.03299644589424133,9.661048352427315e-07]","[8.431381138507277e-05,0.011919014155864716,0.939724326133728,0.01713164523243904,1.27582438835816e-06,0.00015445752069354057,0.0013000209582969546,1.4248438446884393e-06,0.029682839289307594,6.694905323456624e-07]"
"[0.0023434762842953205,0.05496540293097496,0.24130702018737793,0.34656012058258057,0.001409264630638063,0.0177328959107399,0.0040018330328166485,5.309976768330671e-05,0.3306666314601898,0.0009602851932868361]","[0.00146235222928226,0.06124294176697731,0.43949446082115173,0.24342131614685059,0.0020224032923579216,0.022951148450374603,0.009243138134479523,9.42591650527902e-05,0.21923509240150452,0.0008329682168550789]","[0.0008760390337556601,0.01643178053200245,0.5553988218307495,0.24405856430530548,0.0019040006445720792,0.012074857018887997,0.006015768274664879,3.773487333091907e-05,0.1624601036310196,0.0007422859198413789]","[0.0010523686651140451,0.03458887338638306,0.3953014314174652,0.3158359229564667,0.0018685399554669857,0.02484753727912903,0.0031907849479466677,4.0134422306437045e-05,0.22273404896259308,0.000540396198630333]","[0.0019618337973952293,0.022733105346560478,0.5429271459579468,0.23383508622646332,0.0020963409915566444,0.010206660255789757,0.0059401364997029305,0.0001142945111496374,0.17929047346115112,0.0008948926697485149]","[0.0016056291060522199,0.024042123928666115,0.3026590943336487,0.39061295986175537,0.0007749078795313835,0.0113413967192173,0.004643470048904419,3.7628844438586384e-05,0.2630294859409332,0.0012533196713775396]"
"[0.00036111081135459244,0.03615882992744446,0.8980432152748108,0.0182725228369236,2.800528136503999e-06,0.0017270807875320315,0.0006552559207193553,3.450786243774928e-05,0.044741202145814896,3.5105963434034493e-06]","[4.611677286447957e-05,0.08268164098262787,0.8973684906959534,0.01378411054611206,5.650630328091211e-07,0.0002824770926963538,0.0005707611562684178,6.487537029897794e-05,0.005199534818530083,1.3790302091365447e-06]","[5.9757116105174646e-05,0.021047675982117653,0.9593138694763184,0.011113625019788742,8.626560088487167e-07,0.00025061960332095623,0.0007353697437793016,3.507268775138073e-05,0.007440497633069754,2.6851480470213573e-06]","[2.8306803869782016e-05,0.020876407623291016,0.9603716135025024,0.013255832716822624,5.67904578474554e-07,0.00034480044269002974,0.00015910821093712002,1.836898081819527e-05,0.004944224841892719,6.742233154000132e-07]","[3.047760583285708e-05,0.0033466722816228867,0.9857677817344666,0.009432600811123848,5.743710858041595e-07,5.511891140486114e-05,0.0001118819709517993,3.9390357414959e-05,0.001213730312883854,1.7019158349285135e-06]","[6.0719696193700656e-05,0.038269877433776855,0.9375025629997253,0.015655647963285446,3.064288307541574e-07,0.0003371798084117472,0.0005897332448512316,2.438041519781109e-05,0.00755703030154109,2.479931254129042e-06]"
"[0.00032253676909022033,0.0006599867483600974,0.0002752379223238677,0.00029495565104298294,0.04322686418890953,0.16043826937675476,0.0011628540232777596,0.0001868974359240383,0.7894296646118164,0.004002832341939211]","[0.00023796559253241867,0.0010261860443279147,0.0008082539425231516,0.00039080745773389935,0.05655057728290558,0.16161194443702698,0.0022481377236545086,0.0005825369153171778,0.7722386121749878,0.004304890520870686]","[0.0002022462576860562,0.0005905146826989949,0.0005093497456982732,0.0005740788183175027,0.06040569394826889,0.1782917082309723,0.0020182374864816666,0.0002838358923327178,0.7503623366355896,0.0067619639448821545]","[9.843094449024647e-05,0.0009761919500306249,0.000622276624199003,0.000493778323289007,0.04807566478848457,0.24696066975593567,0.0008016284555196762,0.00012549114762805402,0.70006263256073,0.001783294603228569]","[0.0004640987317543477,0.0006447992054745555,0.003751496085897088,0.002428073436021805,0.2589598000049591,0.2102241963148117,0.004434898030012846,0.0011882587568834424,0.4861788749694824,0.0317254364490509]","[0.0005222814506851137,0.0006072124233469367,0.0018398736137896776,0.0004735124239232391,0.01363478321582079,0.07943549752235413,0.0006643728702329099,0.0001264449383597821,0.8958640098571777,0.006832136772572994]"
,"[2.02951723622391e-05,3.250370718888007e-05,2.2381864255294204e-05,0.00021828044555149972,2.7018624678021297e-05,0.0032839621417224407,7.323048407670285e-07,1.7920865502674133e-05,0.9954875111579895,0.0008892844198271632]","[7.954099601192866e-06,2.725264266700833e-06,2.4428822143818252e-05,0.0004945270484313369,3.553091301000677e-05,0.00239912373945117,4.428611646289937e-07,2.094824958476238e-05,0.9963751435279846,0.0006392530631273985]","[9.67534833762329e-06,7.115923381206812e-06,9.158666944131255e-05,0.0006315618520602584,7.95012601884082e-05,0.007909922860562801,3.9283565911318874e-07,1.5049274225020781e-05,0.9910411238670349,0.00021400157129392028]","[6.434969691326842e-05,1.1257726328040008e-05,0.0009748443844728172,0.0017889293376356363,0.00017378412303514779,0.005614420399069786,1.410913228028221e-06,0.00029612379148602486,0.9883025288581848,0.002772426465526223]","[2.7646319722407497e-05,1.9047029127250426e-05,0.0009044426842592657,0.00034100498305633664,0.00010001434566220269,0.0028571418952196836,5.319180218066322e-06,3.717020445037633e-05,0.9952614903450012,0.00044680602150037885]"
"[0.011108135804533958,0.0023207918275147676,0.018343426287174225,0.0015566371148452163,0.22226476669311523,0.11384256184101105,0.013035401701927185,0.1416935920715332,0.3033900260925293,0.17244458198547363]","[0.011254629120230675,0.0018149033421650529,0.014877023175358772,0.00036085848114453256,0.136028453707695,0.04870450869202614,0.012161209248006344,0.09004954993724823,0.2756430208683014,0.4091058075428009]","[0.005542184691876173,0.0009023451711982489,0.008216316811740398,0.0009038402349688113,0.1573365330696106,0.0637034997344017,0.013506485149264336,0.07090811431407928,0.28316614031791687,0.39581456780433655]","[0.0054065207950770855,0.0021857060492038727,0.013271268457174301,0.0007973507745191455,0.2069738209247589,0.11744533479213715,0.007658225949853659,0.0622255876660347,0.39473143219947815,0.18930473923683167]","[0.006686852313578129,0.001445713802240789,0.020091788843274117,0.0008034305647015572,0.19584587216377258,0.020847585052251816,0.006780459079891443,0.11778215318918228,0.16328048706054688,0.4664357006549835]","[0.010158286429941654,0.0016001901822164655,0.021859202533960342,0.0004915738827548921,0.027879728004336357,0.01824156567454338,0.0042186095379292965,0.04763801395893097,0.43269163370132446,0.43522119522094727]"
,,"[0.021611761301755905,2.2484133296529762e-05,0.007972009479999542,0.00020013379980809987,0.00047143190749920905,0.053687598556280136,0.0015978793380782008,4.857420572079718e-05,0.9136912822723389,0.0006968136876821518]","[0.008114699274301529,3.2006093533709645e-05,0.005659664515405893,0.0001387093507219106,0.00012847456673625857,0.016478460282087326,0.00018504537001717836,1.5463854651898146e-05,0.9691641330718994,8.335139136761427e-05]","[0.16738350689411163,4.607142545864917e-05,0.09004894644021988,0.0008877531508915126,0.002266399562358856,0.06033143773674965,0.0026465391274541616,0.00028202446992509067,0.6705687642097473,0.005538580007851124]","[0.03801862150430679,1.9793584215221927e-05,0.013874012976884842,0.0005844029947184026,0.0002745396632235497,0.02323397807776928,0.0006171439890749753,3.2940279197646305e-05,0.9229754209518433,0.0003691975143738091]"
"[1.750993448013105e-07,1.899821810980029e-08,4.960378987561853e-07,9.665258403401822e-06,0.9980473518371582,0.0002814296167343855,1.4813326743023936e-07,1.6242578567471355e-05,0.0003935929562430829,0.0012509325752034783]",,"[2.2123887788438878e-07,2.9612046148486115e-08,6.328250492515508e-07,2.9550566978286952e-05,0.9773348569869995,0.00016311882063746452,8.190887683667825e-07,0.00020481293904595077,0.001201423117890954,0.02106456086039543]",,"[3.4145608651670045e-07,3.779298651807039e-08,2.5439567252760753e-06,1.5904113752185367e-05,0.8922851085662842,3.635474422480911e-05,5.198853045840224e-07,0.00029916022322140634,0.0008240962633863091,0.10653584450483322]","[1.0744272913143504e-05,2.831740744113631e-07,2.0199726350256242e-05,0.00012591187260113657,0.5581303834915161,0.0002750927524175495,1.445457428417285e-06,0.00039835338247939944,0.014953547157347202,0.4260840117931366]"
"[5.3092528105480596e-05,3.2249661785499484e-07,0.9995604157447815,0.00010535464389249682,1.2299457239350886e-06,1.357593305328919e-06,0.0002642671170178801,1.088538823523777e-07,1.3678710274689365e-05,1.4108680090885173e-07]","[2.6869040084420703e-05,5.65823484066641e-07,0.9981252551078796,3.889367144438438e-05,1.7367450482197455e-06,8.713734018783725e-07,0.0017952045891433954,2.0152405966200604e-07,1.0201159057032783e-05,1.5426500965531886e-07]","[1.6365194824174978e-05,1.7924625694831775e-07,0.9990606904029846,6.843706069048494e-05,8.353594580512436e-07,1.1397198704798939e-06,0.0008458335651084781,5.729185659220093e-08,6.329159987217281e-06,1.329889727230693e-07]","[1.541260462545324e-05,4.5277568005985813e-07,0.9997598528862,9.170793782686815e-05,9.817503041631426e-07,1.4961540273361607e-06,0.00011492314661154523,8.851945665355743e-08,1.5031711882329546e-05,5.439563466325126e-08]","[2.374431824136991e-05,8.953600172389997e-08,0.9997456669807434,2.6988920581061393e-05,5.722994274037774e-07,1.5889467874785623e-07,0.00019739182607736439,1.1269317923279232e-07,5.283088285068516e-06,8.334394863140915e-08]","[6.557807500939816e-05,2.9704563075938495e-07,0.9994211196899414,0.00013286370085552335,5.923016033193562e-07,4.081457234406116e-07,0.0003636893234215677,1.6759328502757853e-07,1.4839079085504636e-05,3.8909934119146783e-07]"
"[5.395625521487091e-06,1.846664758886618e-06,4.838395761908032e-05,3.9474434743169695e-05,0.9964633584022522,0.00019079225603491068,5.39026950718835e-05,0.0002522854774724692,9.005120227811858e-05,0.002854457823559642]","[1.2346715266176034e-05,2.534504119466874e-06,7.105437543941662e-05,2.178694194299169e-05,0.9899105429649353,0.00019541659276001155,8.512412023264915e-05,0.00025226324214600027,9.816497185966e-05,0.009350860491394997]","[5.600220447377069e-06,1.2944503851031186e-06,6.722575199091807e-05,5.4047406592871994e-05,0.9870387315750122,0.00038523192051798105,0.00011548655311344191,0.00018328818259760737,0.000119003962026909,0.012030063197016716]","[2.9081622869853163e-06,1.0490042541277944e-06,2.9996806915733032e-05,2.1012283468735404e-05,0.9970008730888367,0.00013042114733252674,2.532895450713113e-05,9.15636119316332e-05,8.691957918927073e-05,0.0026098289526998997]","[4.184244517091429e-06,9.649871799410903e-07,3.840222780127078e-05,1.6408936062362045e-05,0.9922136664390564,5.0142629334004596e-05,3.824393934337422e-05,0.00017961936828214675,5.9051246353192255e-05,0.007399255409836769]","[1.2579063877637964e-05,2.7934886475122767e-06,9.987095108954236e-05,4.929502756567672e-05,0.9868964552879333,0.0001866698294179514,7.545121479779482e-05,0.0002869107120204717,0.00017724382632877678,0.012212780304253101]"
"[0.00011964985606027767,1.2745960702886805e-05,0.0019325154135003686,2.5429048037040047e-05,0.8929982781410217,0.0007571914466097951,0.00224237609654665,0.0036169029772281647,0.03680578991770744,0.061489056795835495]","[0.00015009799972176552,2.0822088117711246e-05,0.002128515625372529,2.1967794964439236e-05,0.8373611569404602,0.000600065162871033,0.003937936387956142,0.010689807124435902,0.04536381736397743,0.0997258722782135]","[7.503986125811934e-05,9.816772035264876e-06,0.00100579799618572,2.2244506908464245e-05,0.8589966297149658,0.0004681219288613647,0.003571681911125779,0.005372531712055206,0.04359892010688782,0.08687921613454819]","[5.048774983151816e-05,1.1236765203648247e-05,0.0009387631434947252,1.6992109522107057e-05,0.9384297728538513,0.000514686806127429,0.0008766602259129286,0.001619876129552722,0.03764849901199341,0.01989295333623886]","[8.364824316231534e-05,1.249827619176358e-05,0.0034705358557403088,2.26359461521497e-05,0.8394489288330078,0.00021578917221631855,0.0016137149650603533,0.006150973029434681,0.0189956147223711,0.12998564541339874]","[0.00011796265607699752,1.4172367627907079e-05,0.0033295336179435253,2.0330586266936734e-05,0.7144514918327332,0.0008922692504711449,0.005020014476031065,0.004682909231632948,0.041766975075006485,0.22970432043075562]"
"[0.0011408887803554535,5.946990131633356e-05,0.00025226271827705204,0.0008884161943569779,0.0003519178426358849,0.992790937423706,0.0018980562454089522,1.918191173899686e-06,0.002477159257978201,0.00013905917876400054]","[0.0012343947310000658,6.742330879205838e-05,0.00063085719011724,0.00114109565038234,0.00042796964407898486,0.9887362122535706,0.004049600102007389,4.358436399343191e-06,0.003396768355742097,0.00031137000769376755]","[0.002078225603327155,6.834270607214421e-05,0.001253599300980568,0.001964215189218521,0.0018900510622188449,0.9640249013900757,0.016217753291130066,6.7394025791145395e-06,0.012076172977685928,0.0004199432150926441]","[0.0006782307173125446,4.20174837927334e-05,0.0005813986645080149,0.0010579668451100588,0.0004096330376341939,0.9911240339279175,0.0015417729737237096,2.1312368971848628e-06,0.004477262031286955,8.556358807254583e-05]","[0.0014249016530811787,8.166555926436558e-05,0.0012096893042325974,0.0031484756618738174,0.0017154065426439047,0.9788892269134521,0.007275548297911882,7.299813205463579e-06,0.005573701113462448,0.0006741738179698586]","[0.005078406073153019,0.00029569873004220426,0.001340406364761293,0.0028770097997039557,0.0006462024757638574,0.9682528972625732,0.007282768376171589,6.224925527931191e-06,0.013924594968557358,0.00029588097822852433]"
"[8.661749234306626e-06,3.688330934892292e-06,0.9988775849342346,0.0007703324663452804,7.592220936203375e-05,6.782174750696868e-05,4.585164424497634e-05,1.5438453715432843e-07,0.00014946471492294222,5.108402660880529e-07]",,"[4.165601694694487e-06,1.3002331797906663e-06,0.9987897276878357,0.0008836110937409103,4.506944969762117e-05,6.41713704681024e-05,7.512301817769185e-05,4.340927617363377e-08,0.00013624547864310443,5.555936581913556e-07]","[3.4612630770425312e-06,2.2647038804279873e-06,0.9988279938697815,0.0008216270944103599,5.8798977988772094e-05,8.322462963405997e-05,1.2116671314288396e-05,3.450541896654613e-08,0.0001902987714856863,2.1409162798136094e-07]",,"[6.2242788771982305e-06,5.535067657547188e-07,0.9996863603591919,0.00020071030303370208,3.858349828078644e-06,7.675015694985632e-06,5.062523541710107e-06,1.1655480136596452e-08,8.94144395715557e-05,2.4156739186764753e-07]"
"[2.6780171538121067e-05,0.0001465813402319327,0.0045227548107504845,0.006177685223519802,0.0015540883177891374,0.01588919200003147,0.00018452185031492263,4.7441721108043566e-05,0.9712192416191101,0.00023171346401795745]","[4.723375241155736e-05,0.00021371219190768898,0.011517243459820747,0.007831375114619732,0.0009297915967181325,0.004416863899677992,0.0002825327683240175,0.00010075841419165954,0.9742131233215332,0.0004473951703403145]","[1.3760371984972153e-05,5.273848364595324e-05,0.003051323816180229,0.005967351607978344,0.0005584402824752033,0.004439211450517178,0.000256414437899366,3.4566663089208305e-05,0.9852302670478821,0.0003960025205742568]","[8.451437679468654e-06,6.069253504392691e-05,0.0038917905185371637,0.003543221391737461,0.0003021640295628458,0.0035135832149535418,3.276046845712699e-05,1.1123124750156421e-05,0.9885931015014648,4.31457010563463e-05]","[4.230736885801889e-05,0.00025833494146354496,0.020291613414883614,0.003926387522369623,0.0010611568577587605,0.0013073993613943458,6.739146920153871e-05,0.0002880299580283463,0.9722334146499634,0.000523993861861527]","[2.012223376368638e-05,4.5659638999495655e-05,0.005387005861848593,0.003644302487373352,0.00013505248352885246,0.0006043430184945464,4.2855645006056875e-05,1.9382523532840423e-05,0.9899734258651733,0.0001278461131732911]"
"[0.007050329819321632,0.00018933648243546486,3.008323983522132e-05,1.0033470971393399e-05,0.0002525137970224023,0.03142563998699188,0.0013360909651964903,1.847432940849103e-05,0.9586710929870605,0.001016444293782115]","[0.004236578941345215,0.0003389676858205348,6.620134081458673e-05,1.2319333109189756e-05,0.00022875070862937719,0.02527857944369316,0.0018131984397768974,3.74549490516074e-05,0.9671608805656433,0.0008269973332062364]","[0.0020136884413659573,8.286045340355486e-05,3.0304945539683104e-05,1.1511369848449249e-05,0.0002329059352632612,0.01149161159992218,0.0019254859071224928,8.089186849247199e-06,0.9834397435188293,0.0007637449307367206]","[0.0012061569141224027,0.00021941630984656513,5.989082274027169e-05,1.4811584151175339e-05,0.0003532996051944792,0.047701071947813034,0.0007484101224690676,1.018986677081557e-05,0.9493550062179565,0.00033169679227285087]","[0.014614180661737919,0.00023564562434330583,0.0004822906921617687,8.537246321793646e-05,0.0011179357534274459,0.03271757811307907,0.002628189278766513,0.00015862817235756665,0.9425138831138611,0.005446352530270815]","[0.0038213555235415697,9.270431473851204e-05,4.235756568959914e-05,1.6296226021950133e-05,5.52945384697523e-05,0.016683291643857956,0.0006147395470179617,1.1681469914037734e-05,0.9773149490356445,0.001347297802567482]"
"[0.0011241902830079198,5.7334484154125676e-05,0.0003107775701209903,0.003969736862927675,0.005786534398794174,0.0627584159374237,0.00013041077181696892,0.0006326260627247393,0.9055302739143372,0.019699756056070328]","[0.0021519381552934647,4.310796066420153e-05,0.00015931074449326843,0.0007981600938364863,0.0007174437632784247,0.007777747232466936,5.394531399360858e-05,0.00013212829071562737,0.9481975436210632,0.03996866196393967]","[0.0003396167594473809,9.423411938769277e-06,7.184527930803597e-05,0.004832558333873749,0.0003965133219026029,0.012814809568226337,3.600098716560751e-05,4.7778514272067696e-05,0.9696030616760254,0.011848483234643936]","[0.0006769513711333275,2.95480786007829e-05,0.0004479351919144392,0.004801380448043346,0.0013729893835261464,0.01854041963815689,1.771239476511255e-05,6.871391087770462e-05,0.9688969254493713,0.005147323478013277]","[0.0008314644801430404,2.5345418180222623e-05,0.0004560653178486973,0.001531460089609027,0.0020948704332113266,0.0023940582759678364,5.078793037682772e-05,0.00017088827735278755,0.971741259098053,0.020703837275505066]","[0.0008076991653069854,1.5751840692246333e-05,0.00010782645404106006,0.0016498516779392958,0.0003077049332205206,0.008014770224690437,2.1586196453426965e-05,5.498682367033325e-05,0.9599178433418274,0.029101986438035965]"
"[0.010484404861927032,0.002094866242259741,0.4221765697002411,0.0015598501777276397,0.0167088620364666,0.026580793783068657,0.014031016267836094,0.03847306966781616,0.37238070368766785,0.09550978988409042]","[0.014703287743031979,0.0018386727897450328,0.5756809115409851,0.0010736047988757491,0.010484008118510246,0.013183082453906536,0.015931066125631332,0.06235503405332565,0.20716021955013275,0.09759002923965454]","[0.009234849363565445,0.0007505126413889229,0.3973236680030823,0.001662651658989489,0.020289208739995956,0.008940973319113255,0.01828044466674328,0.029563652351498604,0.30772078037261963,0.2062332183122635]","[0.005491158459335566,0.0013474705629050732,0.5150905847549438,0.0011370021384209394,0.019294964149594307,0.014714080840349197,0.009455583058297634,0.022837385535240173,0.34665077924728394,0.06398089975118637]","[0.0020190090872347355,0.00032849778654053807,0.43185263872146606,0.0002777296176645905,0.021763987839221954,0.0021703308448195457,0.0018078528810292482,0.2600459158420563,0.08537250012159348,0.19436155259609222]","[0.017693018540740013,0.0008472654735669494,0.4675601124763489,0.0015759330708533525,0.006162100471556187,0.0124845951795578,0.014663559384644032,0.018389876931905746,0.24568963050842285,0.21493400633335114]"
"[0.00024958577705547214,0.00024243853113148361,0.0026487240102142096,0.0015975494170561433,0.9149495363235474,0.0026148762553930283,0.0010974672622978687,0.031659647822380066,0.00119884277228266,0.04374120756983757]","[0.000599284132476896,0.0004930058494210243,0.004171937704086304,0.0016579090151935816,0.7964626550674438,0.002407785737887025,0.001250621979124844,0.02331862784922123,0.0019347858615219593,0.16770341992378235]","[0.00022819451987743378,0.00022960144269745797,0.00321244727820158,0.0009980991017073393,0.8931209444999695,0.0014056727522984147,0.001158687868155539,0.021738732233643532,0.0011632998939603567,0.0767442137002945]",,"[0.00020492356270551682,0.0002415409398963675,0.003572109155356884,0.0009259154321625829,0.8427774310112,0.0008800469804555178,0.000501604750752449,0.03209058567881584,0.0013368901563808322,0.1174689531326294]","[0.0006508625228889287,0.0005892646731808782,0.006396096665412188,0.004067429341375828,0.7225108742713928,0.0021005310118198395,0.0013125916011631489,0.03985956311225891,0.002221916802227497,0.22029080986976624]"
"[0.00011445455311331898,3.492404800908844e-07,2.8624748665606603e-05,7.55826331442222e-05,0.04442121461033821,5.7114601077046245e-05,9.17524903343292e-06,0.03841748088598251,0.0003387525212019682,0.9165372252464294]","[2.602859603939578e-05,1.2906509994081716e-07,1.301693464483833e-05,8.422643077210523e-06,0.01646370068192482,1.3570263945439365e-05,4.537725089903688e-06,0.005478286184370518,0.00012961174070369452,0.9778627157211304]","[2.6719135348685086e-05,7.671420831911746e-08,2.5177141651511192e-05,2.607419082778506e-05,0.015871061012148857,2.1641139028361067e-05,5.6179296734626405e-06,0.014035968109965324,0.0001184449065476656,0.9698691964149475]","[0.00010692543582990766,6.977898010518402e-07,0.0001064562748069875,0.0001627916790312156,0.1625235676765442,0.00029320307658053935,1.6766804037615657e-05,0.022257130593061447,0.0008048426825553179,0.813727617263794]","[3.274909977335483e-05,2.0292027613777464e-07,3.792334609897807e-05,7.457091123797e-05,0.18885289132595062,4.124957922613248e-05,1.0882797141675837e-05,0.03632376715540886,0.0003650777798611671,0.7742606997489929]","[0.00034997405600734055,6.280405386860366e-07,9.473947284277529e-05,0.00012953746772836894,0.07211283594369888,4.7994319174904376e-05,1.8442960936226882e-05,0.022677702829241753,0.0005180549924261868,0.9040500521659851]"
"[0.004242492839694023,2.1988445951137692e-05,0.027420073747634888,0.038828033953905106,0.005527847446501255,0.2390115112066269,0.0003560606564860791,1.2893013263237663e-05,0.6828468441963196,0.0017323653446510434]",,"[0.0021623827051371336,1.0135622687812429e-05,0.018738986924290657,0.06806357204914093,0.0016643970739096403,0.03550315648317337,0.00043678205111064017,2.108584885718301e-05,0.8714141249656677,0.0019854288548231125]","[0.0010045550297945738,1.2907292330055498e-05,0.02487536333501339,0.06772663444280624,0.001563560450449586,0.033563993871212006,8.48289200803265e-05,9.063487595994957e-06,0.8707685470581055,0.00039056260720826685]","[0.004673685412853956,1.172094198409468e-05,0.05234011635184288,0.04534123092889786,0.013353129848837852,0.023140372708439827,0.00021269486751407385,0.00022571141016669571,0.8547910451889038,0.005910307168960571]","[0.005516325123608112,9.040945769811515e-06,0.03450927510857582,0.029033219441771507,0.0005979352281428874,0.0175271388143301,0.00012563732161652297,8.84567361936206e-06,0.9108229279518127,0.0018496247939765453]"
"[0.0014933582860976458,0.01951075717806816,0.23787499964237213,0.005919603630900383,0.0021597614977508783,0.0070516495034098625,0.0049771396443247795,0.6882609128952026,0.013762773014605045,0.018988989293575287]","[0.0019954501185566187,0.018602171912789345,0.3824158012866974,0.0023043786641210318,0.0015939573058858514,0.0029800236225128174,0.00573072349652648,0.5328962802886963,0.014159013517200947,0.0373222641646862]","[0.0024160214234143496,0.012418322265148163,0.3074102997779846,0.006946753244847059,0.0026314740534871817,0.006198849529027939,0.005834793206304312,0.5341556668281555,0.02164231240749359,0.10034547746181488]","[0.0017874138429760933,0.031812507659196854,0.4650968015193939,0.007933133281767368,0.0035651654470711946,0.011379014700651169,0.007133514154702425,0.4140176475048065,0.02647428587079048,0.030800482258200645]","[0.0012487665517255664,0.010634531266987324,0.2772926688194275,0.00343776005320251,0.0019534039311110973,0.002613908378407359,0.003954262472689152,0.647283136844635,0.011040165089070797,0.040541429072618484]","[0.0017768259858712554,0.014790086075663567,0.43452224135398865,0.005400868132710457,0.001957167638465762,0.005853790789842606,0.0072327968664467335,0.4635404348373413,0.018406812101602554,0.04651886969804764]"
"[4.249152880220208e-06,2.6891408197116107e-05,0.9976308345794678,0.0022758140694350004,8.910306803500134e-08,1.2111755495425314e-05,3.211394869140349e-05,4.264974904799601e-06,1.3637913070851937e-05,1.3028790490920983e-08]","[2.840692104655318e-06,1.3985817531647626e-05,0.9995734095573425,0.00036936189280822873,3.497768119586908e-08,2.264864178869175e-06,3.1672552722739056e-05,1.4964927004257333e-06,4.861703018832486e-06,1.8196715245721862e-08]","[2.380405476287706e-06,1.1084561265306547e-05,0.9979503750801086,0.0019662899430841208,7.984343142197758e-08,8.159434401022736e-06,4.745068872580305e-05,1.2560469713207567e-06,1.2920194421894848e-05,3.672711912372506e-08]","[2.2422498204832664e-06,2.200559902121313e-05,0.9986200332641602,0.0013161628739908338,6.188440693222219e-08,7.130423000489827e-06,1.9662062186398543e-05,1.566093715155148e-06,1.1151192666147836e-05,1.432400686951496e-08]","[2.0686586594820255e-06,1.290545151277911e-05,0.9995390176773071,0.0004063852538820356,1.446799586801717e-07,2.7576577394938795e-06,1.4653249309048988e-05,6.388631845766213e-06,1.571836219227407e-05,3.877462617651872e-08]","[2.0429574760783e-06,9.407612196810078e-06,0.9991195797920227,0.0008459660457447171,1.5970266886711215e-08,1.5467611547137494e-06,1.0502049008209724e-05,7.589201231894549e-07,1.016927035379922e-05,1.0981513476338023e-08]"
"[1.487050212745089e-05,1.7914922523232235e-07,6.474554652413644e-07,0.0008294602739624679,5.95129586145049e-06,0.9980980753898621,4.0983287874496455e-08,4.5170163502916694e-05,0.0008171818917617202,0.0001883947115857154]","[1.716745646263007e-05,4.2259796373400604e-07,1.9255217011959758e-06,0.0020441371016204357,7.02513307260233e-06,0.9965812563896179,6.528440366082577e-08,7.780761370668188e-05,0.000885338056832552,0.0003848464402835816]","[1.2957516446476802e-05,1.9474087764592696e-07,1.4451039760388085e-06,0.001506709260866046,5.101072474644752e-06,0.9966346621513367,6.904949856334497e-08,5.2204901294317096e-05,0.001082134316675365,0.0007045333622954786]","[7.048526185826631e-06,1.788561121429666e-07,9.551696393828024e-07,0.001892138971015811,5.787821919511771e-06,0.9971666932106018,3.025554562441357e-08,1.551467903482262e-05,0.0007784453337080777,0.00013323675375431776]","[6.307496369117871e-05,5.600888925982872e-07,2.0117986423429102e-05,0.013386568985879421,7.944776734802872e-05,0.978173553943634,2.7564448146222276e-07,0.0004939725040458143,0.001969020813703537,0.005813399329781532]","[3.7764642911497504e-05,4.070240322562313e-07,2.621372914290987e-06,0.0027890594210475683,7.1186145760293584e-06,0.9944233298301697,7.767314968987193e-08,6.208122795214877e-05,0.0019942326471209526,0.0006833459483459592]"
"[0.00011092208296759054,0.03177202492952347,0.0030504593160003424,0.903763473033905,0.00011148169141961262,0.055324114859104156,0.0023772171698510647,0.00011629679647739977,0.0031971815042197704,0.0001768959773471579]","[0.00010756760457297787,0.052593160420656204,0.005919427145272493,0.8602996468544006,0.00023079743550624698,0.06924847513437271,0.00759065430611372,0.00036468286998569965,0.0032922420650720596,0.0003534295246936381]","[9.406837489223108e-05,0.017853206023573875,0.005145691800862551,0.9164286255836487,0.0001796106662368402,0.049100544303655624,0.006708385888487101,0.00017637705605011433,0.003943376708775759,0.00037011754466220737]","[7.005582301644608e-05,0.03690478578209877,0.004365340806543827,0.8721540570259094,0.00016135141777340323,0.07996285706758499,0.0025900762993842363,0.00013501706416718662,0.003547013970091939,0.00010937383922282606]","[0.0002603705506771803,0.016606640070676804,0.029379701241850853,0.9022501111030579,0.0004192826454527676,0.03938623145222664,0.006792427506297827,0.0010820893803611398,0.0029453241731971502,0.0008777849143370986]","[0.0003592620196286589,0.05348258838057518,0.021179761737585068,0.8446142077445984,0.00014734224532730877,0.0616854690015316,0.007502109277993441,0.0003751158365048468,0.009887813590466976,0.0007663294672966003]"
"[4.548008121219027e-07,1.989395741475164e-07,2.441441574774217e-05,4.238892415742157e-06,0.9995868802070618,6.576708983629942e-05,5.876183058717288e-05,9.565637810737826e-06,0.00010169889719691128,0.00014806320541538298]","[1.1861020539072342e-06,2.548085262787936e-07,5.91572534176521e-05,3.1024630970932776e-06,0.9987659454345703,6.285892595769837e-05,0.00012801044795196503,8.626192538940813e-06,0.00017270362877752632,0.0007982689421623945]","[3.940211286135309e-07,1.0283439166869357e-07,2.537265572755132e-05,2.8244905934116105e-06,0.9993546605110168,3.342467243783176e-05,0.00012959672312717885,5.214993507252075e-06,0.00012091625103494152,0.0003275357885286212]","[3.608681993227947e-07,1.7668779150881164e-07,3.4003005566773936e-05,4.510162398219109e-06,0.9996442794799805,5.150116339791566e-05,5.0160491809947416e-05,6.375524208124261e-06,9.403118747286499e-05,0.00011460124369477853]","[6.403388965736667e-07,1.4910641255028168e-07,5.9043864894192666e-05,3.79209745915432e-06,0.999138593673706,2.917157871706877e-05,7.2792376158759e-05,1.0692344403651077e-05,0.00010230284533463418,0.0005828653811477125]","[1.1637043826340232e-06,2.8792251782761014e-07,6.531813414767385e-05,7.306362931558397e-06,0.9983201622962952,0.00010400317842140794,0.0001372356346109882,9.08479341887869e-06,0.00032060418743640184,0.0010347360512241721]"
"[0.0007012038840912282,0.49217459559440613,0.028234152123332024,0.040330272167921066,0.00024588225642219186,0.0352475680410862,0.09825465828180313,0.00022450060350820422,0.30449485778808594,9.239288920070976e-05]","[0.0009758406667970121,0.3791559934616089,0.037744373083114624,0.004477997776120901,0.00016243338177446276,0.01708468422293663,0.2079438716173172,0.00013963814126327634,0.35207751393318176,0.0002376196935074404]","[0.0005795902106910944,0.11313677579164505,0.0236644446849823,0.03237145394086838,0.00038030397263355553,0.06085244193673134,0.21964287757873535,0.00010613252379698679,0.5491222739219666,0.00014369291602633893]","[0.0003119693719781935,0.27669867873191833,0.0208465326577425,0.01723146066069603,0.0001542455720482394,0.016651956364512444,0.029190247878432274,8.395836630370468e-05,0.6387844681739807,4.652021743822843e-05]","[0.0009145401418209076,0.2455153614282608,0.02796313166618347,0.015372944995760918,0.0002325262757949531,0.005397374741733074,0.1058281809091568,0.00018833138165064156,0.5981504321098328,0.00043712486512959003]","[0.0009653711458668113,0.21030105650424957,0.04480143263936043,0.02075803652405739,0.00018357504450250417,0.01868349313735962,0.15838631987571716,0.0001255847018910572,0.5454805493354797,0.0003145328373648226]"
"[6.316533836070448e-05,0.00013925714301876724,0.004513073712587357,0.005571119487285614,0.005866806022822857,0.0042776139453053474,0.00010075700265588239,0.00021849715267308056,0.9764392375946045,0.0028103552758693695]","[0.00011015034397132695,0.0002492321946192533,0.0033847319427877665,0.0023696247953921556,0.002318124519661069,0.001978177111595869,5.536298704100773e-05,0.00013326235057320446,0.9826468825340271,0.006754579953849316]","[3.6524121242109686e-05,4.8250942199956626e-05,0.0027204840444028378,0.0026257510762661695,0.0018401704728603363,0.0010619718814268708,4.139139855396934e-05,5.847101056133397e-05,0.9883508682250977,0.00321621703915298]","[3.2441796065540984e-05,0.00010369076335337013,0.004724645055830479,0.0040557896718382835,0.004307875409722328,0.004601021762937307,3.158609615638852e-05,4.087345951120369e-05,0.9805511236190796,0.001550803193822503]","[7.265328167704865e-05,0.00011203547182958573,0.011203937232494354,0.013238083571195602,0.00896183867007494,0.001864317455329001,8.532773790648207e-05,0.00018906663171947002,0.9585334062576294,0.0057392423041164875]","[7.218292012112215e-05,6.0690101236104965e-05,0.0035456009209156036,0.005451187025755644,0.0009978529997169971,0.0016746757319197059,3.949892197852023e-05,4.7278666897909716e-05,0.981657862663269,0.006453156471252441]"
"[0.00023684752522967756,1.6854812201927416e-05,0.0009832221549004316,0.00010183799895457923,0.9848785996437073,0.0007137196371331811,0.001472459640353918,0.0029572376515716314,0.0010113008320331573,0.007627939339727163]","[0.0004116683267056942,1.7127476894529536e-05,0.0016190706519410014,6.370005576172844e-05,0.96026211977005,0.0006181627395562828,0.002601021435111761,0.0029852897860109806,0.0013728286139667034,0.030048929154872894]","[0.00020163525186944753,1.0023913091572467e-05,0.0007974585168994963,7.534206815762445e-05,0.9653958082199097,0.0004255700914654881,0.0022435272112488747,0.0026643916498869658,0.0013850103132426739,0.02680119499564171]","[0.00021287461277097464,1.627056917641312e-05,0.0011677142465487123,0.0001179207320092246,0.982181966304779,0.0008708626846782863,0.0009857205441221595,0.0021627640817314386,0.0015497248386964202,0.010734193958342075]","[0.00014447268040385097,7.045116035442334e-06,0.0018962796311825514,4.071189687238075e-05,0.9759936928749084,0.00016378145664930344,0.0017642228631302714,0.001684046583250165,0.0005180181469768286,0.017787696793675423]","[0.0006384155130945146,2.441480137349572e-05,0.002619875594973564,0.00017023753025569022,0.9309185743331909,0.0012109759263694286,0.0030707744881510735,0.0032580976840108633,0.002414831891655922,0.05567379295825958]"
"[0.002890439238399267,9.173867874778807e-05,0.009819542989134789,0.0013213515048846602,0.9442071318626404,0.0035655705723911524,0.0022201482206583023,0.003507515648379922,0.006427374202758074,0.02594921737909317]","[0.00525122182443738,0.00021678744815289974,0.016244681552052498,0.001315936679020524,0.8861839771270752,0.002876987913623452,0.003831596113741398,0.010077016428112984,0.01092231459915638,0.06307939440011978]","[0.004974380601197481,0.0001036164685501717,0.011532134376466274,0.0011985547607764602,0.8289737105369568,0.003984492272138596,0.0051924255676567554,0.005369247402995825,0.010592284612357616,0.12807919085025787]","[0.001586207770742476,8.143793820636347e-05,0.010381004773080349,0.0006315030623227358,0.9459236264228821,0.0019671807531267405,0.002121386583894491,0.0028174342587590218,0.008300302550196648,0.02618994750082493]","[0.002288650255650282,6.187962571857497e-05,0.016534684225916862,0.0010394139681011438,0.8710894584655762,0.000805989489890635,0.0016483397921547294,0.009098270907998085,0.0049237399362027645,0.09250959008932114]","[0.005922950338572264,0.00018986266513820738,0.03584957495331764,0.001161967869848013,0.8139131665229797,0.002439935225993395,0.005419209133833647,0.0045647528022527695,0.013798451982438564,0.1167401522397995]"
"[0.0012631682911887765,0.01829328015446663,0.010805860161781311,0.2173493504524231,0.015928396955132484,0.2669256925582886,0.01674540340900421,0.003447968978434801,0.44512251019477844,0.0041184378787875175]","[0.002059066900983453,0.015186166390776634,0.022645579650998116,0.10182452201843262,0.013838058337569237,0.2555871307849884,0.02835690788924694,0.0024431978818029165,0.5495366454124451,0.008522752672433853]","[0.0009041759185492992,0.0067180730402469635,0.01456460915505886,0.2265034019947052,0.012792912311851978,0.30340760946273804,0.022036822512745857,0.0013579638907685876,0.4060109257698059,0.005703425500541925]","[0.0007165719289332628,0.010808432474732399,0.013753671199083328,0.21134325861930847,0.01166597381234169,0.298816055059433,0.008261149749159813,0.0011736967135220766,0.4412640929222107,0.0021970742382109165]","[0.0014512556372210383,0.013543202541768551,0.01952323503792286,0.16916492581367493,0.022887075319886208,0.10149573534727097,0.019597595557570457,0.00403621094301343,0.6379073262214661,0.0103933559730649]","[0.001492643030360341,0.012973948381841183,0.016806986182928085,0.1820337027311325,0.00991036742925644,0.10414544492959976,0.012737941928207874,0.0017572593642398715,0.6525127291679382,0.005629105027765036]"
"[6.791649502702057e-05,0.00019956268079113215,0.0013545539695769548,6.947949441382661e-05,0.8485095500946045,0.0004843150090891868,0.009423550218343735,0.0007199397077783942,0.008545554243028164,0.1306256502866745]","[8.620946755399927e-05,0.00017383795056957752,0.0030804993584752083,9.587133536115289e-05,0.8467719554901123,0.0006377333193086088,0.019144082441926003,0.001227758126333356,0.006430146284401417,0.12235193699598312]","[4.338930011726916e-05,0.00010290437785442919,0.002842165995389223,9.622095967642963e-05,0.7778387069702148,0.0005630365922115743,0.0211239755153656,0.0006029085488989949,0.0066169085912406445,0.19016973674297333]","[4.5951099309604615e-05,0.00018110581731889397,0.0022149146534502506,0.00014783794176764786,0.9331246614456177,0.0008805840625427663,0.007102846633642912,0.00045026218867860734,0.008122636005282402,0.04772917181253433]","[4.5433789637172595e-05,8.455815259367228e-05,0.0018693218007683754,4.8487876483704895e-05,0.8366361856460571,0.00016296989633701742,0.008281548507511616,0.0006195513997226954,0.004729582462459803,0.14752233028411865]","[6.751416367478669e-05,0.00014843732060398906,0.0026587918400764465,0.0001392183476127684,0.7734183669090271,0.0008316164603456855,0.01692121848464012,0.0005825806874781847,0.008545739576220512,0.19668644666671753]"
"[3.9691008169029374e-07,1.2821924428862985e-06,0.9999268054962158,5.434542981674895e-05,3.6320450647053804e-08,4.977105163561646e-07,1.7980030406761216e-06,1.3069259807707567e-07,1.4735786862729583e-05,3.513629165396992e-09]","[1.029427139087602e-07,5.774973033112474e-07,0.999974250793457,1.982335925276857e-05,1.4757278066213075e-08,2.1211172906987485e-07,1.4412664768315153e-06,7.140977231756551e-08,3.5148671031492995e-06,9.851917059933157e-10]","[1.8465280504642578e-07,4.512612008511496e-07,0.99992835521698,5.5539279856020585e-05,2.6345297499119624e-08,3.370622607690166e-07,2.982121031891438e-06,5.450180751154221e-08,1.20384938782081e-05,2.861783920948824e-09]","[5.578264961059176e-08,2.383983854770122e-07,0.9999544620513916,3.8813559513073415e-05,1.4806071924056141e-08,2.893881401178078e-07,3.058116817555856e-07,1.7865390944393766e-08,5.770914413005812e-06,3.7665642826922863e-10]","[1.207464208619058e-07,1.260304003380952e-07,0.9999818801879883,1.6154055629158393e-05,1.2841389285256355e-08,5.104867284444481e-08,4.106269386738859e-07,4.478573245592088e-08,1.3524385167329456e-06,1.169772279041581e-09]","[1.487737506522535e-07,2.72114732524642e-07,0.999971866607666,1.9162744138156995e-05,7.083357900228293e-09,9.600034189816142e-08,6.026613732501573e-07,2.271526255981371e-08,7.85424799687462e-06,8.035054843702483e-10]"
"[0.22395829856395721,8.346469257958233e-05,0.3879137933254242,0.12052498757839203,0.005144147202372551,0.07718923687934875,0.015475375577807426,6.099911843193695e-05,0.16663730144500732,0.0030123956967145205]",,"[0.18920308351516724,4.988642467651516e-05,0.42192795872688293,0.06406388431787491,0.0036935696844011545,0.0150593938305974,0.06700585037469864,8.067997259786353e-05,0.23200611770153046,0.006909590680152178]","[0.190640389919281,0.0001700675638858229,0.2650362551212311,0.03612026944756508,0.0023519243113696575,0.033710457384586334,0.011247959919273853,3.574032598407939e-05,0.45563647150993347,0.005050527863204479]","[0.13282403349876404,2.7074258468928747e-05,0.6943865418434143,0.06934168189764023,0.0031519329641014338,0.0032156584784388542,0.005940996576100588,0.00011995153181487694,0.08182812482118607,0.009163953363895416]","[0.4488467276096344,4.188421735307202e-05,0.26825645565986633,0.061438024044036865,0.0009529804810881615,0.023695671930909157,0.016610434278845787,4.524200994637795e-05,0.1672237068414688,0.012888864614069462]"
"[9.03525942703709e-05,0.00026161104324273765,0.003924822434782982,0.010322784073650837,0.015404595993459225,0.011196089908480644,9.504589979769662e-05,0.00040756267844699323,0.9370040893554688,0.02129307948052883]","[0.0001367602963000536,0.0006242541130632162,0.0042950985953211784,0.006348573137074709,0.009703489020466805,0.006039795000106096,0.00010736803233157843,0.0008074900833889842,0.9521412253379822,0.019795918837189674]","[7.709782221354544e-05,0.0001850406697485596,0.003595620160922408,0.00886241253465414,0.014820700511336327,0.010829269886016846,0.0003002902667503804,0.00046004977775737643,0.8968453407287598,0.0640241876244545]","[3.790363552980125e-05,0.0005873219924978912,0.003330027684569359,0.006252022460103035,0.012684855610132217,0.015016705729067326,7.478420593542978e-05,0.000267577706836164,0.9487625360488892,0.012986348941922188]","[0.00021147691586520523,0.0002580351138021797,0.016462743282318115,0.022554805502295494,0.07610595971345901,0.0036506166215986013,0.00018805621948558837,0.0034298819955438375,0.557840883731842,0.31929755210876465]","[0.00010737002594396472,0.00019331528164912015,0.0036325189284980297,0.010071837343275547,0.0038498223293572664,0.001646357704885304,3.874160029226914e-05,0.00030963573954068124,0.9516288042068481,0.02852163091301918]"
"[2.3572561985929497e-05,0.00012524386693257838,0.981360673904419,0.016536733135581017,7.606531937653926e-08,7.1606023084314074e-06,2.825933961503324e-06,0.00034664408303797245,0.0015962579054757953,8.523654742020881e-07]","[4.878502295468934e-05,0.00010928520350717008,0.9911757707595825,0.005320926662534475,1.8087463971028228e-08,2.27795317186974e-06,9.184245186588669e-07,6.0091246268711984e-05,0.0032805781811475754,1.2200555374874966e-06]","[1.736259218887426e-05,3.5426746762823313e-05,0.9752596616744995,0.02156088687479496,3.495283706911323e-08,4.692021320806816e-06,2.504490794308367e-06,5.3778210713062435e-05,0.0030624126084148884,3.196292254870059e-06]","[8.183877071132883e-06,3.339659815537743e-05,0.9901099801063538,0.00842326134443283,2.3770079238261133e-08,4.864627044298686e-06,6.219623855940881e-07,1.7410386135452427e-05,0.0014019710943102837,2.4812683818709047e-07]","[1.4466813809121959e-05,9.89910950011108e-06,0.9955939650535583,0.004069650080054998,1.766445301143449e-08,1.218039187733666e-06,8.676753395775449e-07,3.072943218285218e-05,0.0002772100269794464,1.9912756670237286e-06]","[3.016752452822402e-05,0.00012020034046145156,0.9826291799545288,0.013350889086723328,2.6525162510893097e-08,4.246352091286099e-06,1.1290021575405262e-06,6.13548036199063e-05,0.0038018091581761837,1.0523457376621081e-06]"
"[1.6579711882513948e-05,0.0004136004135943949,0.0030756290070712566,0.01209020335227251,0.1737634390592575,0.005169916898012161,0.00023877645435277373,0.02774757891893387,0.005802312400192022,0.7716819643974304]","[2.2245712898438796e-05,0.0005391195300035179,0.002659291261807084,0.004702649544924498,0.08618536591529846,0.002318592742085457,0.00011656786227831617,0.009006701409816742,0.005093451589345932,0.8893560171127319]","[8.101631465251558e-06,0.00023858925851527601,0.0026486506685614586,0.008979499340057373,0.08687121421098709,0.0029811460990458727,0.00015576583973597735,0.007845241576433182,0.004440158139914274,0.8858316540718079]","[1.6000283721950836e-05,0.0006477445713244379,0.005533472169190645,0.013989434577524662,0.23805445432662964,0.01130550354719162,0.0001912060397444293,0.007792002521455288,0.010936274193227291,0.7115338444709778]","[4.581702796713216e-06,6.754585047019646e-05,0.0017679687589406967,0.0034110713750123978,0.0609113946557045,0.0005433144979178905,3.803090294240974e-05,0.006378803867846727,0.0011989937629550695,0.9256783127784729]","[1.334636726824101e-05,0.0002763745724223554,0.00310948072001338,0.0031033013947308064,0.03793344274163246,0.0012672002194449306,7.454407023033127e-05,0.003678431734442711,0.005529413465410471,0.945014476776123]"
"[1.2970500620212988e-06,0.0028932380955666304,0.9958609938621521,0.0002956990501843393,5.816796146973502e-06,2.473769200150855e-05,0.0008146282634697855,6.526714969368186e-06,9.670964936958626e-05,3.696017643051164e-07]","[5.275267653814808e-07,0.001222100225277245,0.9979168772697449,0.0001010253035929054,3.1288614081859123e-06,1.3914651390223298e-05,0.0007092718151398003,4.524678388406755e-06,2.844561640813481e-05,1.5511741935370083e-07]","[7.322420287891873e-07,0.0011870040325447917,0.9972463846206665,0.0002305797825101763,5.560054887610022e-06,2.236805812572129e-05,0.0012311141472309828,3.583708121368545e-06,7.229172479128465e-05,3.4902097922895337e-07]","[2.763111410786223e-07,0.001213357667438686,0.9980656504631042,0.0001078184723155573,6.423020749934949e-06,2.6218785933451727e-05,0.0005430985474959016,1.6109349871840095e-06,3.538322926033288e-05,9.428991631921235e-08]","[4.213211468595546e-07,0.00036377564538270235,0.9990955591201782,0.00015051758964546025,4.397068096295698e-06,5.93319782637991e-06,0.00035669124918058515,2.7902910915145185e-06,1.9567169147194363e-05,2.75205167099557e-07]","[8.759228080634784e-07,0.0030509568750858307,0.9962093830108643,0.00012887567572761327,3.245329935452901e-06,1.3890101399738342e-05,0.0005152770318090916,4.5404872253129724e-06,7.274915697053075e-05,2.1168646924252243e-07]"
,,"[1.3464024959830567e-05,7.741818080830853e-06,0.005642483476549387,0.00020508377929218113,0.0012541967444121838,0.01423288881778717,0.16973887383937836,2.0847105020038725e-07,0.8089008927345276,4.201982392260106e-06]","[7.67114124755608e-06,1.6990808944683522e-05,0.003906408790498972,0.00023577045067213476,0.0014310908736661077,0.03764449432492256,0.06709519773721695,1.6845341122007085e-07,0.8896598219871521,2.313998948011431e-06]",,"[1.4653816833742894e-05,7.730419383733533e-06,0.007155390456318855,0.0003315261274110526,0.0005040934192948043,0.017726654186844826,0.07519857585430145,1.2529628179436259e-07,0.8990586400032043,2.684699438759708e-06]"
"[2.7426784072304145e-05,2.1142943296581507e-05,5.7442888646619394e-05,0.00010287560144206509,0.00020748708629980683,0.0010960313957184553,2.1747487153334077e-06,5.7504381402395666e-05,0.9968118071556091,0.001616087625734508]","[2.6532317860983312e-05,5.375174805521965e-05,0.00012042513117194176,0.0001654169464018196,0.00025077888858504593,0.0012605536030605435,4.62078924101661e-06,0.00012484278704505414,0.9961777925491333,0.001815245603211224]","[1.1576957149372902e-05,2.883441084122751e-05,9.870932990452275e-05,0.0002096629177685827,0.00023561505076941103,0.0014434081967920065,5.6276703617186286e-06,5.8561032346915454e-05,0.994520366191864,0.003387721022590995]","[9.393605068908073e-06,4.182461270829663e-05,0.0001914321765070781,0.00028991198632866144,0.0004176807124167681,0.0024078332353383303,2.2592107598029543e-06,2.500643313396722e-05,0.9959968328475952,0.0006178462645038962]","[4.258570697857067e-05,3.335368455736898e-05,0.0007813610718585551,0.0015135601861402392,0.0011245082132518291,0.0005870030145160854,4.21246477344539e-06,0.0002708726387936622,0.9836552739143372,0.011987367644906044]","[1.8578752133180387e-05,2.1985519197187386e-05,0.0001255089300684631,0.00016364331531804055,9.491202217759565e-05,0.00046098482562229037,1.858007180999266e-06,3.898173235938884e-05,0.997529923915863,0.001543711987324059]"
"[0.0008828813442960382,0.00027625347138382494,0.0004323630128055811,0.0016634546918794513,3.4545635571703315e-05,0.013875765725970268,5.170753502170555e-05,2.1492351152119227e-06,0.9827359914779663,4.4932552555110306e-05]","[0.0013810989912599325,0.000380005658371374,0.0037137686740607023,0.002190764294937253,9.616302122594789e-05,0.028296945616602898,0.0003451937227509916,8.80124844115926e-06,0.9635030031204224,8.43016678118147e-05]","[0.0004640548722818494,0.00017621717415750027,0.0011557614197954535,0.0029023352544754744,5.730052725994028e-05,0.012354131788015366,0.0001269531639991328,2.8293454761296744e-06,0.9826774001121521,8.302607602672651e-05]","[0.00034265813883394003,0.00019804155454039574,0.001587014994584024,0.0019587408751249313,6.525064236484468e-05,0.019361888989806175,6.856009713374078e-05,1.4187513670549379e-06,0.9763834476470947,3.2917050702963024e-05]","[0.0009075119160115719,0.00018718601495493203,0.006288379430770874,0.0034800367429852486,0.0004908639821223915,0.009374269284307957,7.749427459202707e-05,7.199877290986478e-05,0.9786036610603333,0.0005186861380934715]","[0.0010750620858743787,0.00017674676200840622,0.002071273047477007,0.0009171557612717152,8.797840564511716e-06,0.0068122269585728645,4.885324597125873e-05,1.38645077640831e-06,0.9888138175010681,7.473580626538023e-05]"
"[0.08919686824083328,0.0002297636092407629,0.0018598610768094659,0.009690186008810997,0.0012609022669494152,0.2013595998287201,0.09498981386423111,5.025009158998728e-05,0.5993536710739136,0.0020090369507670403]","[0.13602899014949799,0.00020923670672345906,0.000488604127895087,0.0014199893921613693,0.0006477939314208925,0.07525858283042908,0.0923360139131546,7.973006177053321e-06,0.6900434494018555,0.003559346776455641]","[0.07403414696455002,7.301258301595226e-05,0.0011633074609562755,0.0052271634340286255,0.0012218710035085678,0.09661882370710373,0.12395327538251877,2.8980311981285922e-05,0.6880189776420593,0.009660455398261547]","[0.02949889376759529,7.212840137071908e-05,0.0006878272397443652,0.003356178291141987,0.00041415810119360685,0.06682487577199936,0.01763584464788437,9.843427505984437e-06,0.8806548118591309,0.000845445494633168]","[0.28596460819244385,0.0003239210636820644,0.01211348082870245,0.017831841483712196,0.003033810295164585,0.062085963785648346,0.06977863609790802,0.00021393167844507843,0.5329830050468445,0.01567087136209011]","[0.17740163207054138,7.907265535322949e-05,0.003501847619190812,0.011551954783499241,0.00030289377900771797,0.03609360381960869,0.027084993198513985,2.001961911446415e-05,0.7410209774971008,0.002943044062703848]"
"[5.71554119233042e-05,1.2647552466660272e-05,6.913951801834628e-05,0.005971852224320173,5.081510607851669e-05,0.01117383036762476,2.816958897255972e-07,0.001639866386540234,0.9774116277694702,0.0036127620842307806]","[8.093179349089041e-05,1.577976581756957e-05,0.00024461973225697875,0.004887789022177458,0.00010840946924872696,0.008763114921748638,1.2315404092078097e-06,0.028833195567131042,0.9325361251831055,0.02452876791357994]","[3.8416135794250295e-05,4.056169927935116e-06,6.96999704814516e-05,0.005238382611423731,5.080868868390098e-05,0.0037378149572759867,3.9855328282101254e-07,0.0032065273262560368,0.9667935967445374,0.02086038887500763]","[8.781028554949444e-06,3.1228757961798692e-06,1.6465826774947345e-05,0.0004946734989061952,1.2739430530928075e-05,0.0017126452876254916,8.292211362004309e-08,0.0005519486730918288,0.9936995506286621,0.003499925835058093]","[1.2809647159883752e-05,6.432721420424059e-06,0.0003537733864504844,0.001954475184902549,0.0009235435863956809,0.0018760572420433164,2.414976449927053e-07,0.19512031972408295,0.6912649869918823,0.10848740488290787]","[3.494508928270079e-05,2.5187468963849824e-06,8.981152495834976e-05,0.001122892601415515,5.014183443563525e-06,0.0005858600488863885,7.16149486379436e-08,0.0007231798372231424,0.9912641048431396,0.006171590648591518]"
"[3.1182702514342964e-05,0.00042885931907221675,0.0024964320473372936,0.0003509963280521333,5.990173576719826e-06,0.002995129907503724,0.00013716543617192656,3.112567128482624e-06,0.9935478568077087,3.1875681543169776e-06]","[3.282847683294676e-05,0.00044931439333595335,0.004229894373565912,9.327282168669626e-05,4.7901385187287815e-06,0.0020805243402719498,0.00018953291873913258,2.3529291865997948e-06,0.9929077625274658,9.82192432275042e-06]","[1.7197888155351393e-05,0.0001863992802100256,0.0023623050656169653,0.00033302896190434694,6.033384124748409e-06,0.0034397158306092024,0.0002913989301305264,1.0192392210228718e-06,0.9933524131774902,1.0443779501656536e-05]","[1.986758434213698e-05,0.0004669953777920455,0.008815428242087364,0.0005543330917134881,1.6160167433554307e-05,0.007046503014862537,0.0001257212134078145,1.4994744788054959e-06,0.9829500913619995,3.299194531791727e-06]","[2.4732458768994547e-05,0.0003193783632013947,0.0040964651852846146,0.0001812219270505011,6.9892025749140885e-06,0.0004893309087492526,0.00010896001185756177,4.500277100305539e-06,0.994762122631073,6.360234237945406e-06]","[1.6200125173782e-05,0.00028169728466309607,0.0023369397968053818,0.00012660563515964895,1.7691589846435818e-06,0.0006176088354550302,4.025155431008898e-05,7.613035677422886e-07,0.996574878692627,3.3432379495934583e-06]"
"[0.008149419911205769,1.0351441233069636e-05,0.8696118593215942,0.12063241750001907,2.4956218112492934e-05,0.00017968477914109826,8.744918886804953e-05,5.1585819164756685e-05,0.0012304710689932108,2.177077294618357e-05]","[0.003691192250698805,1.0958408893202431e-05,0.9596717953681946,0.035677969455718994,1.8506387277739123e-05,9.435498213861138e-05,0.00019191208411939442,0.00010388069495093077,0.0005267292726784945,1.2669205716520082e-05]","[0.003743773093447089,5.7970391935668886e-06,0.8584109544754028,0.1355752944946289,2.6525231078267097e-05,0.000127735358546488,0.0002984213933814317,3.992506754002534e-05,0.001751406118273735,2.0286248400225304e-05]","[0.0029403534717857838,7.161758276197361e-06,0.9090293049812317,0.08650189638137817,2.3686388885835186e-05,0.00019487338431645185,9.03576219570823e-05,3.349049438838847e-05,0.0011688168160617352,1.0047321666206699e-05]","[0.0020303563214838505,2.5684935280878562e-06,0.9554007649421692,0.04221425950527191,1.572891960677225e-05,3.213240415789187e-05,7.079083297867328e-05,3.5280816518934444e-05,0.00018724988331086934,1.0794935406011064e-05]","[0.006844129879027605,2.2736808205081616e-06,0.9590835571289062,0.03322711959481239,3.4290981147933053e-06,3.739373278222047e-05,4.6397493861149997e-05,7.53628182792454e-06,0.0007395594147965312,8.500773219566327e-06]"
,"[0.00151758489664644,2.5110433853114955e-05,0.021932242438197136,0.08489862829446793,2.478867281752173e-05,0.029884936287999153,0.00010312286030966789,1.602509087206272e-06,0.8615893721580505,2.256855987070594e-05]","[0.001532787922769785,6.467567800427787e-06,0.016897432506084442,0.06457731872797012,3.159340485581197e-05,0.03324585780501366,0.0001342752220807597,9.134141691902187e-07,0.8835116028785706,6.171710992930457e-05]","[0.0013723971787840128,8.632649951323401e-06,0.025019962340593338,0.057359252125024796,2.9136748707969673e-05,0.04745382443070412,3.630448554758914e-05,4.5320794583858515e-07,0.8687005043029785,1.9525294192135334e-05]","[0.008310097269713879,1.5928475477267057e-05,0.07789264619350433,0.08244170248508453,3.438746716710739e-05,0.028545469045639038,8.271449041785672e-05,2.88516162072483e-06,0.8025532364845276,0.00012101526226615533]","[0.002760322531685233,5.958840120001696e-06,0.027862638235092163,0.05146079510450363,7.100240509316791e-06,0.010686108842492104,3.347696110722609e-05,4.4702633772431e-07,0.9071605801582336,2.257383857795503e-05]"
"[6.550070975208655e-05,0.0004363594052847475,0.0015330859459936619,0.0023540384136140347,3.6786848795600235e-05,0.0029953254852443933,5.759987743658712e-06,0.0025298851542174816,0.9891652464866638,0.0008781362557783723]","[5.722916102968156e-05,0.00017520893015898764,0.0005623848992399871,0.0003003441961482167,7.143974471546244e-06,0.000534704711753875,2.480652028680197e-06,0.00023755463189445436,0.9972190856933594,0.0009038420976139605]","[2.6298010197933763e-05,7.089068094501272e-05,0.0005380212678574026,0.0004689837514888495,9.206692993757315e-06,0.0009394253720529377,2.8914419090142474e-06,0.00018062388699036092,0.9969484210014343,0.0008153315866366029]","[1.331753719568951e-05,0.00016630538448225707,0.0007905075326561928,0.00041936658089980483,8.401989362027962e-06,0.0011681499890983105,1.241634663529112e-06,0.00011852948227897286,0.9971803426742554,0.00013390605454333127]","[8.704553329152986e-05,0.00023494652123190463,0.003270096378400922,0.0042061530984938145,3.4202988899778575e-05,0.0010106225963681936,6.010965989844408e-06,0.0010626710718497634,0.9883891344070435,0.0016990294679999352]","[6.522097828565165e-05,0.00014854868641123176,0.0025234604254364967,0.00155298609752208,5.470038104249397e-06,0.0007345562917180359,1.341356096418167e-06,0.0001502543018432334,0.9945582151412964,0.00026006170082837343]"
"[0.006223489996045828,8.355434147233609e-06,0.9587774872779846,0.032151442021131516,1.9005394278792664e-05,0.00025635393103584647,4.335678750067018e-05,7.03928672010079e-05,0.0024417515378445387,8.365735993720591e-06]","[0.0010334079852327704,3.6923165680491365e-06,0.9862968921661377,0.011735346168279648,7.695433851040434e-06,0.00012006281758658588,3.10659124806989e-05,3.836014730040915e-05,0.0007311610388569534,2.3339621293416712e-06]","[0.001325066783465445,3.3056862775993068e-06,0.9713873863220215,0.025700803846120834,1.1444816664152313e-05,0.0001995017082663253,5.512409916264005e-05,2.7188891181140207e-05,0.001284781494177878,5.386495104175992e-06]","[0.0008216596907004714,2.146191263818764e-06,0.9750994443893433,0.022868620231747627,6.36819822830148e-06,0.00015854222874622792,1.3308270354173146e-05,1.394128139509121e-05,0.0010144435800611973,1.6673370737407822e-06]","[0.000665284285787493,6.106336627453857e-07,0.9891120791435242,0.009882460348308086,8.693214113009162e-06,2.0263918486307375e-05,1.1740065019694157e-05,3.503813059069216e-05,0.00026098478701896966,2.8000511065329192e-06]","[0.0012867558980360627,1.7734662378643407e-06,0.9876872897148132,0.0097343223169446,3.0107116799626965e-06,8.807135600363836e-05,9.649486855778378e-06,9.365607184008695e-06,0.0011777902254834771,2.0319223494880134e-06]"
"[0.001284406054764986,0.00629038643091917,0.007314044516533613,0.13418063521385193,0.00031297403620555997,0.025918124243617058,0.0005064718425273895,2.9023924071225338e-05,0.8240209817886353,0.0001428743707947433]","[0.0020839867647737265,0.005721934139728546,0.0036411744076758623,0.020344503223896027,0.00011644946789601818,0.009676243178546429,0.00042926007881760597,2.9673197786905803e-05,0.9575265645980835,0.000430206157034263]","[0.0008765436359681189,0.004335966892540455,0.0069918022491037846,0.1258724182844162,0.00037251878529787064,0.033256951719522476,0.0015321490354835987,2.4583294361946173e-05,0.8257261514663696,0.0010110154980793595]","[0.0008006474818103015,0.008160924538969994,0.0038456907495856285,0.07185817509889603,0.00024860433768481016,0.023548217490315437,0.00038536739884875715,1.658356086409185e-05,0.8909434676170349,0.0001923854142660275]","[0.0014629700453951955,0.0037486478686332703,0.009106868878006935,0.07848424464464188,0.0003080354072153568,0.006495602894574404,0.0003534918650984764,4.8616468120599166e-05,0.8996150493621826,0.0003764920402318239]","[0.0011212743120267987,0.003618289018049836,0.005491640418767929,0.08638565987348557,0.00010143842519028112,0.005676830653101206,0.00028468816890381277,1.5059054021548945e-05,0.8971191644668579,0.00018581845506560057]"
"[0.000807952310424298,1.5340532627305947e-05,6.329650932457298e-05,2.250171201012563e-05,4.8863170377444476e-05,0.027560213580727577,2.589867108326871e-05,8.676124707562849e-06,0.9711877703666687,0.00025952456053346395]","[0.0005832351162098348,3.24543216265738e-05,0.0001730350049911067,2.6045223421533592e-05,7.009351247688755e-05,0.028048479929566383,6.631935684708878e-05,3.314951391075738e-05,0.9705570340156555,0.0004101323720533401]","[0.00041737910942174494,1.4858354916214012e-05,7.337809074670076e-05,3.392665894352831e-05,4.335993071435951e-05,0.02152581512928009,4.584607086144388e-05,1.1444762094470207e-05,0.9772645235061646,0.000569521973375231]","[0.00020097236847504973,1.2569424143293872e-05,5.704326758859679e-05,1.5360996258095838e-05,2.650105489010457e-05,0.02093304693698883,1.5740335584268905e-05,4.567686573864194e-06,0.9786302447319031,0.00010387622023699805]","[0.001153856166638434,3.697468127938919e-05,0.0005372037994675338,9.438746201340109e-05,0.0001666416646912694,0.015778731554746628,4.742498276755214e-05,7.469568663509563e-05,0.9809737801551819,0.001136304228566587]","[0.000665640109218657,7.528848072979599e-06,0.00010225821461062878,1.9019607861991972e-05,1.9016069927602075e-05,0.006564650684595108,1.537022035336122e-05,5.864591912541073e-06,0.992350161075592,0.0002505002776160836]"
"[0.0005573742091655731,0.00031439235317520797,0.00030385865829885006,0.003360941307619214,0.008599703200161457,0.055675677955150604,5.541466816794127e-05,0.0013460000045597553,0.817530632019043,0.11225606501102448]","[0.0006027116323821247,0.00026043635443784297,0.0028648246079683304,0.006686308421194553,0.01783747784793377,0.06820414215326309,0.0001784710620995611,0.005114783998578787,0.6224469542503357,0.2758038640022278]","[0.0002200443996116519,0.00010188649321207777,0.0005015497445128858,0.004419680219143629,0.010590176098048687,0.0368790328502655,0.00014118220133241266,0.0013565246481448412,0.4585607945919037,0.4872291684150696]","[0.000479602167615667,0.0004206922894809395,0.0022379797883331776,0.011822947300970554,0.022747820243239403,0.14626790583133698,9.083841723622754e-05,0.0011659414740279317,0.7413981556892395,0.07336810231208801]","[0.000446581922005862,9.299230441683903e-05,0.0014936981024220586,0.007679390721023083,0.025883007794618607,0.022182412445545197,0.00010732233204180375,0.001972677418962121,0.3342301845550537,0.6059117317199707]","[0.00046407291665673256,8.651372627355158e-05,0.0011782232904806733,0.003013670677319169,0.004984945058822632,0.014897906221449375,6.116451550042257e-05,0.0012885782634839416,0.7434665560722351,0.2305583655834198]"
"[4.174143668933539e-06,2.085751248159795e-06,0.007218063343316317,0.07911714166402817,0.0001424017536919564,0.013879301957786083,1.908429476316087e-05,9.656334043484094e-08,0.899616003036499,1.5898339142950135e-06]","[1.6778850522314315e-06,9.154378858511336e-06,0.008871412836015224,0.12885290384292603,0.00010211225162493065,0.009331678971648216,3.5987050068797544e-05,2.1213600120972842e-07,0.8527934551239014,1.301780230278382e-06]","[1.244418626811239e-06,8.338329280377366e-07,0.002260899171233177,0.07320547848939896,0.00011224945046706125,0.010512269102036953,1.5185240954451729e-05,7.679735603005611e-08,0.9138906598091125,1.2276085499252076e-06]","[4.1236037873204623e-07,1.4682011624245206e-06,0.008197799324989319,0.12150835245847702,8.867463475326076e-05,0.011775157414376736,4.907220500172116e-06,2.9280450064561592e-08,0.8584229946136475,2.0453890670069086e-07]","[5.479610990732908e-06,3.266304247517837e-06,0.03678799048066139,0.17059160768985748,0.00017545234004501253,0.008679710328578949,3.7759375118184835e-05,3.4496795819904946e-07,0.7837120890617371,6.324508831312414e-06]","[1.6711646821931936e-06,1.4838479955869843e-06,0.015266836620867252,0.1093442440032959,7.841688056942075e-05,0.009821339510381222,2.6501851607463323e-05,7.607454932667679e-08,0.8654574155807495,1.9440021787886508e-06]"
"[0.008074232377111912,1.9450439140200615e-05,0.0001901189680211246,0.002112600253894925,0.003534243442118168,0.9812542200088501,0.00034751405473798513,0.0008069764007814229,0.0023152674548327923,0.001345367985777557]","[0.013257408514618874,2.5580266083125025e-05,0.0004036265308968723,0.0015285960398614407,0.006026468239724636,0.9702052474021912,0.0011732325656339526,0.002330145100131631,0.0023721419274806976,0.0026774636935442686]","[0.008843718096613884,1.9830420569633134e-05,0.00030010894988663495,0.0025073871947824955,0.007145643699914217,0.9703322649002075,0.0012588889803737402,0.0013435789151117206,0.00348607893101871,0.004762458615005016]","[0.00544562004506588,1.3840385690855328e-05,0.00018106742936652154,0.001279483549296856,0.0034493268467485905,0.9842504262924194,0.00043622957309708,0.0005254060379229486,0.002703003818169236,0.001715539488941431]","[0.009599095210433006,3.480977102299221e-05,0.001393400481902063,0.004340247716754675,0.05274698883295059,0.8800472021102905,0.001034728717058897,0.02663891203701496,0.006992984097450972,0.017171630635857582]","[0.05694524571299553,4.174818968749605e-05,0.0013543309178203344,0.004196174442768097,0.0036498913541436195,0.9067756533622742,0.0012403499567881227,0.0009093185071833432,0.010458639822900295,0.01442862767726183]"
"[1.5486308257095516e-05,1.2242159073139192e-06,4.303816467654542e-07,0.00034598930506035686,0.001748604467138648,0.00015725976845715195,2.8493447601363187e-08,0.08757688850164413,0.0003532205300871283,0.9098010063171387]","[7.1774124990042765e-06,7.360212634921481e-07,1.0230089628748829e-06,0.00022076437016949058,0.0016676315572112799,0.00011099554103566334,6.894720172567759e-08,0.191043883562088,0.0001521146623417735,0.8067955374717712]","[2.123640115314629e-06,1.9432692965892784e-07,3.2871119515220926e-07,7.71544873714447e-05,0.0014509534230455756,3.187133188475855e-05,2.7944899727572192e-08,0.038246020674705505,7.604087295476347e-05,0.9601153135299683]","[2.162108285119757e-05,2.5195283797074808e-06,3.693953658512328e-06,0.001317232265137136,0.013944320380687714,0.0010225429432466626,1.1601762395230253e-07,0.07450930029153824,0.0007822915795259178,0.9083963632583618]","[4.191696461930405e-06,3.595731641325983e-07,9.208207529809442e-07,0.00018864990852307528,0.001040850067511201,1.8609118342283182e-05,2.5326663433133945e-08,0.05968720093369484,8.581266592955217e-05,0.9389734864234924]","[6.930892141099321e-06,3.801912100698246e-07,4.95892663820996e-07,0.0002342132938792929,0.0010205450234934688,5.171226439415477e-05,2.024740552997173e-08,0.0329054519534111,0.0002656166907399893,0.9655147194862366]"
"[0.003085227683186531,2.4879742340999655e-05,0.012465630657970905,8.843983960105106e-05,0.7968894243240356,0.0014875073684379458,0.12598606944084167,0.001306043122895062,0.02233111672103405,0.03633563965559006]","[0.004836555570363998,1.3806080460199155e-05,0.006457153707742691,2.213837069575675e-05,0.6673495769500732,0.0006740871467627585,0.1483679562807083,0.0004844546492677182,0.019555579870939255,0.15223871171474457]","[0.002876715734601021,1.1946588529099245e-05,0.009366391226649284,5.420664820121601e-05,0.6939499974250793,0.0006723931292071939,0.20059439539909363,0.0006641502259299159,0.019646329805254936,0.07216349989175797]","[0.002698255470022559,2.0282641344238073e-05,0.012129738926887512,6.458564894273877e-05,0.8063366413116455,0.0011051853653043509,0.07908783107995987,0.0008694228017702699,0.035666804760694504,0.06202124059200287]","[0.003742652479559183,9.190255696012173e-06,0.02237413451075554,5.108501136419363e-05,0.7952598929405212,0.0003979736065957695,0.0761365219950676,0.0013842765474691987,0.01257126871496439,0.08807308971881866]","[0.008913557045161724,2.2379448637366295e-05,0.0170297771692276,9.049969958141446e-05,0.5581100583076477,0.0012835789239034057,0.24158251285552979,0.0007286777254194021,0.030350545421242714,0.14188843965530396]"
"[6.562339081028767e-07,4.186877959000412e-06,0.00024007725005503744,2.1283158275764436e-06,0.0002078270335914567,0.00024850331828929484,0.999271810054779,4.6157403232882643e-08,2.348364796489477e-05,1.4181143797031837e-06]","[1.6101311928196083e-07,1.5820083945072838e-06,6.219535134732723e-05,1.8401763668407511e-07,4.3003299651900306e-05,3.638771886471659e-05,0.9998492002487183,2.4767357054145123e-09,6.795835361117497e-06,4.597320923949155e-07]","[3.3155009759866516e-07,1.073181010724511e-06,0.00010883092181757092,5.879801392438821e-07,9.246336412616074e-05,8.324731606990099e-05,0.9997007846832275,7.348826436270883e-09,1.1444950359873474e-05,1.2550515293696662e-06]","[5.839696655129956e-07,4.3320342228980735e-06,0.0002013925986830145,1.5770444861118449e-06,0.0002934378571808338,0.00028602866223081946,0.9991769194602966,2.9970429693548795e-08,3.423541784286499e-05,1.3683188626600895e-06]","[9.076725291379262e-07,2.2492035895993467e-06,0.0005328098777681589,1.7847931985670584e-06,0.0002799964277073741,8.449239248875529e-05,0.9990752935409546,5.457457774582508e-08,1.8210690541309305e-05,4.213425654597813e-06]","[1.0124290383828338e-06,2.539960405556485e-06,0.0003476326528470963,1.7208683402714087e-06,0.00013522550580091774,9.76792725850828e-05,0.999383807182312,1.920031067470518e-08,2.7595458959694952e-05,2.8073029625375057e-06]"
"[0.00014191186346579343,1.7389062350048334e-06,0.00018264784011989832,0.007920611649751663,0.00012085313210263848,0.0022224520798772573,4.4337117088844025e-08,0.7318658232688904,0.08462247997522354,0.17292140424251556]","[7.377077417913824e-05,2.6750853976409417e-06,0.00041715981205925345,0.005447474308311939,6.519188173115253e-05,0.0008361751679331064,6.257843665480323e-08,0.8026604652404785,0.07592684775590897,0.11457004398107529]","[5.535578020499088e-05,1.2564748885779409e-06,0.0003440204600337893,0.015114271081984043,0.0001431863784091547,0.0016081223729997873,9.844213622045572e-08,0.34776660799980164,0.15851162374019623,0.4764555096626282]","[0.00012999343744013458,6.259668680286268e-06,0.0011722533963620663,0.029737915843725204,0.00030402213451452553,0.006245954893529415,9.879804707679796e-08,0.335051029920578,0.4249396026134491,0.20241284370422363]","[3.199136699549854e-05,6.186423888721038e-07,0.00048567826161161065,0.008211652748286724,9.523989865556359e-05,0.00038623210275545716,4.531083774850231e-08,0.713462233543396,0.014282542280852795,0.2630438208580017]","[0.00028667980222962797,2.449755584166269e-06,0.0008856318891048431,0.011071627959609032,5.0642891437746584e-05,0.0026176946703344584,8.456755296037954e-08,0.2054394632577896,0.3034086525440216,0.47623711824417114]"
"[0.009328530170023441,2.335751378268469e-05,0.9511221051216125,0.0254359133541584,0.00034903406049124897,0.00383323198184371,0.0012492812238633633,0.0005363234085962176,0.007372130639851093,0.0007501608342863619]","[0.006074124481528997,2.087808752548881e-05,0.9790615439414978,0.005616248119622469,0.0004789367376361042,0.0015389788895845413,0.0022973271552473307,0.0017451003659516573,0.0022004935890436172,0.0009662477532401681]","[0.0017689898377284408,6.442419817176415e-06,0.959168016910553,0.017987873405218124,0.0010040358174592257,0.00637253699824214,0.006279303692281246,0.0002934401563834399,0.004016326740384102,0.0031029803212732077]","[0.0031679195817559958,3.074830601690337e-05,0.9641851782798767,0.012608928605914116,0.0008175615803338587,0.0034951455891132355,0.00137793377507478,0.0004918624763377011,0.013234038837254047,0.0005907050799578428]","[0.008311274461448193,1.2652570148929954e-05,0.9744053483009338,0.00513059925287962,0.0008485963917337358,0.00033973128302022815,0.0013463653158396482,0.0017849052092060447,0.0060635400004684925,0.0017568533075973392]","[0.010368180461227894,5.0911662583530415e-06,0.9748210310935974,0.006227472797036171,0.00015937686839606613,0.0005212575779296458,0.0013913512229919434,0.00016909962869249284,0.005604824982583523,0.0007322119199670851]"
"[0.019822198897600174,0.008296167477965355,0.006096532102674246,0.004991281311959028,0.001783948508091271,0.07247529178857803,0.014304734766483307,0.00010731309157563373,0.8712902069091797,0.0008322567446157336]","[0.024001015350222588,0.012832283042371273,0.016832366585731506,0.004323137924075127,0.0027164053171873093,0.09571284800767899,0.042836226522922516,0.00022966305550653487,0.7995007634162903,0.0010153737384825945]","[0.01763065718114376,0.006478701718151569,0.008246959187090397,0.004962345585227013,0.002417305950075388,0.07983782142400742,0.037824396044015884,0.00011378002818673849,0.8413475155830383,0.0011405765544623137]","[0.009337905794382095,0.009230796247720718,0.01413459237664938,0.005548353772610426,0.001536135096102953,0.06516321748495102,0.010714970529079437,7.52006599213928e-05,0.8838439583778381,0.0004148660518694669]","[0.028281593695282936,0.012035842053592205,0.028497369959950447,0.010709816589951515,0.004234758205711842,0.07201088219881058,0.03331981226801872,0.0003402770671527833,0.8082205057144165,0.0023491671308875084]","[0.021171316504478455,0.006959369406104088,0.012562217190861702,0.0050991857424378395,0.001196203869767487,0.04477877914905548,0.015891121700406075,0.0001142916371463798,0.8913028240203857,0.0009247572743333876]"
"[5.308818344929023e-07,2.026346663797085e-07,6.447770374506945e-06,2.2736099708708934e-05,0.9985584616661072,8.721969606995117e-06,1.1169827303092461e-06,0.0006460770382545888,3.0885075830155984e-05,0.000724796496797353]","[3.137274120490474e-07,9.937927103464972e-08,6.766060778318206e-06,1.306659760302864e-05,0.9981731176376343,5.402080660132924e-06,1.3803032743453514e-06,0.0011366639519110322,1.6685169612173922e-05,0.000646574015263468]","[3.4663347037167114e-07,1.0749383250185929e-07,8.902845365810208e-06,2.1581810869975016e-05,0.9977036118507385,7.944397111714352e-06,2.9955676836834755e-06,0.0006520819733850658,3.7002053431933746e-05,0.0015654334565624595]","[2.245793098154536e-07,1.2351938494248316e-07,6.814620519435266e-06,2.2190175513969734e-05,0.9992300271987915,8.706288099347148e-06,7.680424687350751e-07,0.0003939485177397728,3.8825666706543416e-05,0.00029825465753674507]","[2.415920334897237e-07,5.135826341984284e-08,1.223246999870753e-05,1.0789034604385961e-05,0.997931718826294,3.007936584253912e-06,1.4222761137716589e-06,0.0006584678776562214,8.868489203450736e-06,0.0013731162762269378]","[8.910436690712231e-07,2.458619121625816e-07,1.7827265764935873e-05,2.9589231417048723e-05,0.9970998764038086,4.154974703851622e-06,2.477964926583809e-06,0.0007579721277579665,5.531846545636654e-05,0.0020316580776125193]"
"[1.2698580576397944e-05,0.00048768275883048773,0.010172652080655098,0.00434914231300354,0.0001535208139102906,0.0025392405223101377,0.0011888000881299376,2.3762552245898405e-06,0.9810838103294373,1.0076933904201724e-05]","[1.467470883653732e-05,0.0008638911531306803,0.011163446120917797,0.0026794287841767073,7.36929796403274e-05,0.001119139022193849,0.0019529580604285002,5.209157279750798e-06,0.9821051359176636,2.2476910089608282e-05]","[8.429041372437496e-06,0.0002464971912559122,0.006372214760631323,0.0038916603662073612,0.0001093520040740259,0.0014178191777318716,0.002701270394027233,2.2803308183938498e-06,0.9852185845375061,3.19013706757687e-05]","[6.663204203505302e-06,0.0002694987924769521,0.011719874106347561,0.00495112081989646,0.0003293624904472381,0.0036997615825384855,0.0015423210570588708,1.8571855662230519e-06,0.9774714112281799,8.167167834471911e-06]","[3.389220728422515e-05,0.0009713226463645697,0.08667328208684921,0.012676732614636421,0.0003334541106596589,0.0009063266916200519,0.001462180051021278,2.8361133445287123e-05,0.8967965245246887,0.00011798378545790911]","[5.718652573705185e-06,0.0002814780455082655,0.005708863027393818,0.0016711873468011618,2.3003394744591787e-05,0.0003270201268605888,0.0003600735799409449,1.2444425010471605e-06,0.991612434387207,8.938292921811808e-06]"
"[7.887378887971863e-05,0.04103855788707733,0.9529024362564087,0.0029865058604627848,8.796338306638063e-07,0.00015103678742889315,0.0017413032473996282,2.5947654648916796e-05,0.0010736169060692191,8.827036026559654e-07]","[3.81469217245467e-05,0.029917903244495392,0.9652097225189209,0.0013652895577251911,5.868176913281786e-07,9.563448111293837e-05,0.002908032387495041,2.1519532310776412e-05,0.000442733260570094,3.7674743680327083e-07]","[4.893993536825292e-05,0.017230112105607986,0.9753599762916565,0.002746609505265951,1.0518692761252169e-06,0.0001117992214858532,0.0034828658681362867,2.0178003978799097e-05,0.0009974500862881541,9.473538398196979e-07]","[2.491556733730249e-05,0.027294212952256203,0.9689890742301941,0.0019886998925358057,7.651565283595119e-07,0.00018369266763329506,0.0008465010323561728,1.1883746083185542e-05,0.0006600196356885135,2.6634364758137963e-07]","[1.954358049260918e-05,0.004061018116772175,0.9945687055587769,0.0006355500081554055,2.859444236946729e-07,2.5295372324762866e-05,0.0005715762381441891,1.3150765880709514e-05,0.00010466387902852148,2.802776748467295e-07]","[2.3018268620944582e-05,0.01303491834551096,0.9856347441673279,0.00039123196620494127,9.249828991642062e-08,3.0984421755420044e-05,0.0004985214327462018,7.343327069975203e-06,0.00037889572558924556,3.1649574339098763e-07]"
"[4.625244764611125e-05,5.66701089610433e-07,1.342550604022108e-06,7.014538823568728e-06,1.1106962119811215e-05,0.9991616010665894,2.010126763707376e-06,1.5076991530804662e-06,0.0007552190218120813,1.3353646863834001e-05]","[0.00019341587903909385,1.3969632846055902e-06,6.4199784901575185e-06,1.5564370187348686e-05,2.4524331820430234e-05,0.9956976175308228,1.0059266969619785e-05,8.041000000957865e-06,0.003970854915678501,7.20476164133288e-05]","[4.8675497964723036e-05,6.244372912078688e-07,3.0817450351605657e-06,2.5906692826538347e-05,1.4540682968799956e-05,0.9965643286705017,5.4019551498640794e-06,2.2266390260483604e-06,0.003296711714938283,3.848591950372793e-05]","[2.5345814719912596e-05,7.696320381000987e-07,1.7188058336614631e-06,5.536237495107343e-06,1.508465993538266e-05,0.9980765581130981,2.482498302924796e-06,1.0607692502162536e-06,0.0018596950685605407,1.1879445082740858e-05]","[0.0001757563150022179,2.1792625375383068e-06,1.595315734448377e-05,2.536403735575732e-05,8.876209903974086e-05,0.9908750057220459,1.835435614339076e-05,2.5775552785489708e-05,0.008575315587222576,0.00019758910639211535]","[8.087616879492998e-05,5.523643835658731e-07,4.644462478609057e-06,1.3698720977117773e-05,1.4809828826400917e-05,0.9972807168960571,7.526486569986446e-06,3.0252949727582745e-06,0.002517774235457182,7.638084935024381e-05]"
"[0.00890685711055994,0.015307639725506306,0.6698960065841675,0.22727413475513458,8.071945103438338e-07,0.07241358608007431,0.0018180888146162033,8.435464405920357e-05,0.004288982134312391,9.533801858196966e-06]","[0.004738630726933479,0.010499350726604462,0.917705237865448,0.042082611471414566,5.277133823256008e-07,0.01976727321743965,0.00301280221901834,0.00013705466699320823,0.0020498691592365503,6.607293926208513e-06]","[0.008744706399738789,0.012042746879160404,0.7153640389442444,0.20404474437236786,1.2718453490379034e-06,0.04769863560795784,0.005486931651830673,0.00012854136002715677,0.006460279226303101,2.802597555273678e-05]","[0.006026480346918106,0.021289246156811714,0.8129397034645081,0.10635095834732056,7.385618232547131e-07,0.04513588920235634,0.0023801811039447784,0.00010589524754323065,0.005757506936788559,1.3286247849464417e-05]","[0.003839373355731368,0.004734128247946501,0.8828319311141968,0.09460165351629257,5.135971150593832e-07,0.011308035813272,0.0010727777844294906,0.00012695888290181756,0.0014731618575751781,1.1518410246935673e-05]","[0.004674889147281647,0.004379366058856249,0.9409742951393127,0.03707804158329964,1.3090303241369838e-07,0.009276890195906162,0.0010571674210950732,2.843058609869331e-05,0.0025262089911848307,4.57183477919898e-06]"
"[0.008091381751000881,0.005090430378913879,0.014273660257458687,0.005620177369564772,0.008060939610004425,0.020100781694054604,0.9182676076889038,0.0004013374273199588,0.01996607519686222,0.0001275542308576405]","[0.005128602962940931,0.005326519254595041,0.01526962872594595,0.0036304101813584566,0.004072939977049828,0.011094773188233376,0.9429149627685547,0.0003656335757113993,0.012084179557859898,0.00011232878750888631]","[0.0019569143187254667,0.0018363272538408637,0.006624905858188868,0.001883798511698842,0.0029148960020393133,0.00625607930123806,0.9694634079933167,0.00010683844448067248,0.008886760100722313,7.008147076703608e-05]","[0.0025544827803969383,0.004372578579932451,0.021550297737121582,0.005786558147519827,0.010304140858352184,0.024442434310913086,0.9114770889282227,0.0001559704978717491,0.01930289901793003,5.3463321819435805e-05]","[0.006777023430913687,0.004514085594564676,0.028154416009783745,0.007918448187410831,0.009396577253937721,0.006852702237665653,0.923702597618103,0.000627233530394733,0.011750270612537861,0.0003066150238737464]","[0.008898635394871235,0.004608985036611557,0.01964295469224453,0.005910326726734638,0.005151053424924612,0.013589291833341122,0.9167456030845642,0.000265430542640388,0.025034431368112564,0.00015336704382207245]"
"[0.0003321700496599078,0.0006046008202247322,0.0043642097152769566,0.00023216046974994242,0.004163811448961496,0.011667035520076752,0.9701768755912781,9.244094144378323e-06,0.008329628966748714,0.00012027476623188704]","[0.00013738831330556422,0.0005234857089817524,0.005234350450336933,9.067053179023787e-05,0.002119289478287101,0.005639238283038139,0.9821406602859497,9.746298019308597e-06,0.004053295589983463,5.193450124352239e-05]","[9.833779040491208e-05,0.00017470773309469223,0.0021194969303905964,0.000106158280686941,0.001906357822008431,0.004748938139528036,0.9876337051391602,2.9009011086600367e-06,0.003132555400952697,7.688112236792222e-05]","[0.0001815288997022435,0.0006208953564055264,0.0045538670383393764,0.0001470726274419576,0.004332046024501324,0.01055931393057108,0.9693034291267395,8.734117727726698e-06,0.0102054039016366,8.772189175942913e-05]","[0.0002130267530446872,0.00039794915937818587,0.004262920469045639,0.00010457427561050281,0.0035785604268312454,0.004977494478225708,0.980951189994812,8.958775651990436e-06,0.005380474496632814,0.00012489670189097524]","[0.0004354857373982668,0.0006990313995629549,0.010488537140190601,0.00016547909763175994,0.0024227509275078773,0.009009900502860546,0.9675527811050415,1.1202125278941821e-05,0.009023964405059814,0.00019088442786596715]"
"[4.6387325710384175e-05,0.00014999537961557508,0.00032024658867157996,0.9949666857719421,1.587796560897914e-07,0.0044240099377930164,1.5596970115439035e-05,1.224318907588895e-06,7.351459498750046e-05,2.1443042896862607e-06]","[3.104878851445392e-05,0.0003132672281935811,0.000275618105661124,0.9940882921218872,2.0511292575520201e-07,0.005193694494664669,2.8550313800224103e-05,1.8885556301029283e-06,6.458952702814713e-05,2.9441164315358037e-06]","[2.886678157665301e-05,0.00016821785538922995,0.0004465705424081534,0.9942836165428162,2.917339259056462e-07,0.004958285950124264,3.647718403954059e-05,1.5083409152794047e-06,7.007791282376274e-05,6.0432862483139616e-06]","[1.3363031030166894e-05,0.00024135617422871292,0.00032535160426050425,0.9904671311378479,2.0821494217670988e-07,0.008888177573680878,9.361840056953952e-06,6.636319653807732e-07,5.340743882698007e-05,8.919471383705968e-07]","[3.2491017918800935e-05,0.0001339023729087785,0.0005770403076894581,0.9965558052062988,2.463965529386769e-07,0.0025951736606657505,2.123714511981234e-05,2.067303512376384e-06,7.968652789713815e-05,2.48636069954955e-06]","[3.0570270610041916e-05,0.00014311000995803624,0.00029158827965147793,0.9952490329742432,1.045757258566482e-07,0.004216785077005625,1.3880947335564997e-05,7.170813205448212e-07,4.9961956392508e-05,4.29884175900952e-06]"
"[1.2183283615740947e-05,3.416409072087845e-06,0.0013806167989969254,0.0008965511224232614,0.9888504147529602,0.001578797004185617,0.0005117483087815344,0.0021795337088406086,0.0013188400771468878,0.003267997642979026]","[4.311811426305212e-05,4.949193225911586e-06,0.003794897347688675,0.0009297087090089917,0.9766372442245483,0.0017538301181048155,0.001203879714012146,0.002283822512254119,0.0016104811802506447,0.01173803023993969]","[1.660202360653784e-05,3.74990918317053e-06,0.0033012423664331436,0.001507443725131452,0.971977949142456,0.0026743747293949127,0.001257438212633133,0.0017478740774095058,0.0018641606438905,0.015649184584617615]","[2.1748281142208725e-05,6.138902335806051e-06,0.0018151280237361789,0.0011495185317471623,0.9827567338943481,0.002405634382739663,0.00046495930291712284,0.0020028473809361458,0.003591214306652546,0.0057861232198774815]","[8.091735253401566e-06,1.674157942943566e-06,0.0005026868311688304,0.00019299270934425294,0.9914490580558777,0.00030566632631234825,0.00023425098333973438,0.0035505439154803753,0.0010167687432840466,0.0027382629923522472]","[3.287400249973871e-05,3.9362726056424435e-06,0.002856162143871188,0.0012266985140740871,0.9823111295700073,0.0012764206621795893,0.0005684131174348295,0.0015222314978018403,0.0023372487630695105,0.007864827290177345]"
"[8.235188602156995e-07,0.004874693229794502,0.9897403717041016,0.0025685830041766167,7.425452253073672e-08,0.00012779200915247202,0.0026776420418173075,1.9857757251884323e-06,7.928420927783009e-06,3.4823690597818313e-09]","[6.76182423831051e-07,0.018155643716454506,0.972235918045044,0.002049132948741317,8.082904656703249e-08,8.390393486479297e-05,0.007459632121026516,5.006791980122216e-06,1.0054313861473929e-05,5.033915950747314e-09]","[8.949899665822159e-07,0.007256702985614538,0.9747813940048218,0.004086869768798351,1.7257823969885067e-07,0.00017073293565772474,0.01368707325309515,2.849368229362881e-06,1.320393494097516e-05,1.4175761009482812e-08]","[5.583940492215334e-07,0.00993999931961298,0.9836574196815491,0.0017866274574771523,9.65324105095533e-08,0.0001325611083302647,0.0044661154970526695,3.0223341127566528e-06,1.3504028174793348e-05,3.8307064187392825e-09]","[6.613701657443016e-07,0.006715951021760702,0.9881991147994995,0.0012805239530280232,8.23279577844005e-08,4.0287381125381216e-05,0.003748565213754773,5.117107775731711e-06,9.623471669328865e-06,4.013375409783748e-09]","[3.3971903690144245e-07,0.001089010271243751,0.9977684020996094,0.0003039194270968437,6.527641538411899e-09,1.7051661416189745e-05,0.0008181359735317528,4.0357599573326297e-07,2.7898554435523693e-06,9.682987744952243e-10]"
"[1.0033202215709025e-06,6.177563773235306e-05,5.0259195631952025e-06,0.001444017281755805,0.1000843197107315,0.00010719420970417559,1.6157339359779144e-06,0.06235385686159134,0.0013616555370390415,0.8345794677734375]","[4.1116385318673565e-07,9.450656762055587e-06,3.362220468261512e-06,0.00011463820555945858,0.020003683865070343,2.059536927845329e-05,5.450819458019396e-07,0.009442687965929508,0.00048610061639919877,0.9699184894561768]","[1.6464407792682323e-07,4.894251560472185e-06,2.2695164716424188e-06,0.00023042365501169115,0.016314050182700157,1.7271970136789605e-05,4.3706600649784377e-07,0.004782555159181356,0.0002464042045176029,0.9784016013145447]","[6.486531560767617e-07,3.411001307540573e-05,5.911263997404603e-06,0.0004972595488652587,0.1308765709400177,0.00010771404049592093,1.0086223483085632e-06,0.017295777797698975,0.0018202454084530473,0.8493607044219971]","[5.015035071664897e-07,1.277977480640402e-05,5.0992089200008195e-06,0.00023359665647149086,0.0979534313082695,1.3216961633588653e-05,8.228631145357213e-07,0.058457151055336,0.000691779307089746,0.8426315784454346]","[2.3980373953236267e-07,4.760926003655186e-06,1.676937017691671e-06,0.00018593290587887168,0.008388313464820385,1.5102382349141408e-05,3.0957383501117874e-07,0.0036232175771147013,0.00035199671401642263,0.987428605556488]"
"[2.546124414948281e-05,2.3146496459958144e-05,2.3104548745322973e-05,0.9982789754867554,1.0317139498283723e-07,0.0013724816963076591,1.534219862264763e-08,3.0717524168721866e-06,0.00021781178656965494,5.591058652498759e-05]","[3.360777554917149e-05,7.096869376255199e-05,6.758692325092852e-05,0.9964486360549927,5.373267981667595e-07,0.002777303569018841,9.321627203462413e-08,1.440575306332903e-05,0.00035689029027707875,0.00022997955966275185]","[1.940775655384641e-05,1.7695616406854242e-05,3.191142968717031e-05,0.9978417158126831,2.2184271131209243e-07,0.0015305624110624194,4.3731063215091126e-08,4.29639521826175e-06,0.0003990435798186809,0.00015519328007940203]","[2.586568552942481e-05,3.3485070161987096e-05,5.0195332732982934e-05,0.9972677230834961,3.1584849580212904e-07,0.0021160037722438574,2.8824434394891796e-08,3.183268063366995e-06,0.00043109231046400964,7.205065048765391e-05]","[8.219698065659031e-05,2.384402250754647e-05,0.00020375926396809518,0.9980108141899109,3.378850124136079e-07,0.001061831833794713,4.5573383289365665e-08,3.178549377480522e-05,0.00021755088528152555,0.00036794415791518986]","[0.00018300280498806387,3.148096220684238e-05,0.00013169663725420833,0.9962062835693359,1.637430955270247e-07,0.0019096428295597434,5.0513897065229685e-08,7.712844308116473e-06,0.000943644845392555,0.0005862839752808213]"
"[9.325802238890901e-05,0.03312670812010765,0.005514558404684067,0.00034401530865579844,5.096889435662888e-05,0.006071246229112148,0.9443151354789734,2.8243391625437653e-07,0.010480374097824097,3.5490163554641185e-06]","[3.931676837964915e-05,0.020953061059117317,0.010684369131922722,0.00012503295147325844,5.092240098747425e-05,0.0034753589425235987,0.9612948894500732,4.543983891380776e-07,0.003374688792973757,1.9193475964129902e-06]","[1.4932258636690676e-05,0.007497310638427734,0.004647060297429562,0.00010208903404418379,2.532489634177182e-05,0.002139255404472351,0.9830427169799805,1.1895023277475048e-07,0.0025300781708210707,1.1633452459136606e-06]","[5.9882306231884286e-05,0.07567574083805084,0.02511661872267723,0.0011404278920963407,0.0001570020103827119,0.022232677787542343,0.8551028966903687,6.164015644571919e-07,0.020511912181973457,2.286237986481865e-06]","[3.3797696232795715e-05,0.0065743341110646725,0.030872376635670662,0.0009359053801745176,0.00015004011220298707,0.0028055026195943356,0.9553407430648804,8.298614488921885e-07,0.0032778680324554443,8.683668056619354e-06]","[0.0001117994834203273,0.0372912622988224,0.021684780716896057,0.0008908639429137111,7.251775241456926e-05,0.005669005680829287,0.9218398332595825,5.125484108248202e-07,0.012434463948011398,5.016142040403793e-06]"
"[0.0001250462664756924,8.314700608025305e-07,0.00013454622239805758,9.623157893656753e-06,0.9949583411216736,0.001317925052717328,0.0007570333546027541,0.00024092954117804766,0.0010817821603268385,0.0013739245478063822]","[8.603664173278958e-05,8.159920525940834e-07,0.00018646671378519386,1.047220666805515e-05,0.9961246848106384,0.0008113060612231493,0.0008243834017775953,0.00020920716633554548,0.0007168356678448617,0.0010297945700585842]","[9.537757432553917e-05,8.263100994554406e-07,0.0002092153299599886,1.348105251963716e-05,0.9926556348800659,0.0014411428710445762,0.0015648440457880497,0.0002545840688981116,0.0009940448217093945,0.0027708534616976976]","[3.7512145354412496e-05,7.30591068531794e-07,0.0001295546826440841,1.1140889910166152e-05,0.99687659740448,0.0014199475990608335,0.00029514398192986846,9.737504296936095e-05,0.000735700421500951,0.0003963242343161255]","[8.906311268219724e-05,1.0261322813676088e-06,0.0002754654851742089,1.0660999578249175e-05,0.9957707524299622,0.0005169390933588147,0.0004269857017789036,0.0004146916326135397,0.0008397966157644987,0.0016545529942959547]","[0.0003685256524477154,1.6656039178997162e-06,0.0007999185472726822,2.1800226022605784e-05,0.9866478443145752,0.0015622904757037759,0.0011894265189766884,0.00025707323220558465,0.003022369695827365,0.006129039917141199]"
"[3.394409020529565e-07,8.90907449502265e-06,9.720259185996838e-06,0.9916083216667175,1.8690790284381364e-06,0.008246264420449734,2.317781166993882e-07,1.0293476861988893e-06,7.366596400970593e-05,4.960748628946021e-05]","[4.218848346226878e-07,1.7438553186366335e-05,6.749983185727615e-06,0.9934564232826233,1.3916803709435044e-06,0.0063836779445409775,3.870299281061307e-07,1.7007311043926165e-06,7.3323113610968e-05,5.851657624589279e-05]","[1.9715264443220804e-07,4.078502115589799e-06,1.2088916264474392e-05,0.9871906638145447,2.2779720438848017e-06,0.012596269138157368,6.56605436688551e-07,7.791056759742787e-07,7.757212733849883e-05,0.00011540161358425394]","[1.5317247914481413e-07,9.637095899961423e-06,6.068778020562604e-06,0.9877830147743225,2.9165369141992414e-06,0.012057938612997532,2.005788530823338e-07,7.653565035070642e-07,0.00010183748236158863,3.759089668164961e-05]","[6.264733087846253e-07,1.16665241876035e-05,2.7085028705187142e-05,0.9953432083129883,4.0436070776195265e-06,0.004366837441921234,5.882041591576126e-07,8.322776920977049e-06,9.448015771340579e-05,0.00014313598512671888]","[2.0606144346402289e-07,3.0973853881732794e-06,3.0660269203508506e-06,0.9981549382209778,3.8035085481169517e-07,0.0017476780340075493,1.347975313592542e-07,3.5246318930148846e-07,5.3689658670919016e-05,3.639780334196985e-05]"
"[1.0269926860928535e-05,0.002775528933852911,0.9961101412773132,0.0005160449654795229,6.024745016475208e-05,5.521171624423005e-05,0.00028162659145891666,3.326975502204732e-06,0.00017806996766012162,9.506357855570968e-06]","[2.346673909414676e-06,0.001325971563346684,0.998162567615509,0.00012594560394063592,1.6112166122184135e-05,5.182649147172924e-06,0.00029584026196971536,7.948552593006752e-06,5.4715761507395655e-05,3.4461488667147933e-06]","[2.579530928414897e-06,0.0006554903811775148,0.9982703924179077,0.0003804485604632646,3.3885171433212236e-05,9.562611012370326e-06,0.0005147692863829434,6.133445367595414e-06,0.00011064154386986047,1.6120317013701424e-05]","[1.9032878526559216e-06,0.0012536890571936965,0.9981560111045837,0.000276403792668134,2.7700189093593508e-05,1.2128791240684222e-05,0.00019012576376553625,5.260084890323924e-06,7.311319495784119e-05,3.6580240703187883e-06]","[1.6277389249808039e-06,0.00048072877689264715,0.9990819692611694,0.00022192885808181018,2.169834442611318e-05,2.6094178338098573e-06,0.00013653148198500276,5.845317900821101e-06,3.7344289012253284e-05,9.744301678438205e-06]","[2.11458905141626e-06,0.0004020703199785203,0.9993158578872681,0.00010928826668532565,5.066384346719133e-06,2.132810777766281e-06,8.8204447820317e-05,2.2416836600314127e-06,6.87234423821792e-05,4.3428085518826265e-06]"
"[0.002159875351935625,0.20433169603347778,0.10222772508859634,0.024304527789354324,0.06566210091114044,0.071671262383461,0.02439660020172596,0.18809787929058075,0.12276913970708847,0.19437916576862335]","[0.0019458928145468235,0.16308772563934326,0.13773146271705627,0.014927777461707592,0.06136716529726982,0.04213029518723488,0.028182098641991615,0.14379921555519104,0.09255797415971756,0.31427037715911865]","[0.0012101108441129327,0.13635441660881042,0.07711625099182129,0.018746893852949142,0.05060284212231636,0.04484764486551285,0.02238551154732704,0.14490625262260437,0.12955373525619507,0.374276340007782]","[0.0015406605089083314,0.2708936631679535,0.10453490167856216,0.020123615860939026,0.09003963321447372,0.0771140530705452,0.022034935653209686,0.11493184417486191,0.1554657220840454,0.14332102239131927]","[0.0007279480923898518,0.03511982038617134,0.07289299368858337,0.006931634154170752,0.1067398190498352,0.013404777273535728,0.007429816294461489,0.3161751925945282,0.060600169003009796,0.379977822303772]","[0.0017060140380635858,0.16917367279529572,0.14511238038539886,0.021795570850372314,0.07425716519355774,0.050506651401519775,0.031194671988487244,0.12453143298625946,0.1315361112356186,0.25018632411956787]"
"[4.692286529461853e-05,4.510809048952069e-06,0.0008441228419542313,0.0420893169939518,4.386285581858829e-05,0.012203305028378963,1.0074750207422767e-06,2.019572320932639e-06,0.9446761608123779,8.87589922058396e-05]","[0.0002255094441352412,2.0708825104520656e-05,0.0015133917331695557,0.014557180926203728,0.00010519135685171932,0.018745137378573418,5.01820295539801e-06,9.394102562509943e-06,0.9638828635215759,0.0009356114314869046]","[3.769288377952762e-05,2.9256214020279003e-06,0.0008247125661000609,0.07723715156316757,5.987008989905007e-05,0.018857501447200775,2.2546969375980552e-06,2.237346961919684e-06,0.902681291103363,0.00029445940162986517]","[2.382549791946076e-05,5.671661710948683e-06,0.0005200380110181868,0.014978539198637009,4.7900790377752855e-05,0.011936466209590435,9.047524827110465e-07,1.8839674567061593e-06,0.972383975982666,0.00010075817408505827]","[4.6432269300566986e-05,6.140675395727158e-06,0.0009186052484437823,0.020978910848498344,8.474896458210424e-05,0.0026280395686626434,8.374561843993433e-07,8.4889097706764e-06,0.975107729434967,0.0002201228926423937]","[0.00017105160804931074,2.3472919110645307e-06,0.0017775454325601459,0.006140780635178089,5.866224000783404e-06,0.0018300266237929463,5.530083626581472e-07,7.368443561972526e-07,0.9899472594261169,0.00012388627510517836]"
"[9.277977710553387e-07,7.467841442121426e-06,0.00085053825750947,4.142400030104909e-06,0.0001698857668088749,0.000473728432552889,0.9984375834465027,2.093262629898618e-08,5.5130909458966926e-05,6.112604182817449e-07]","[3.9188094547171204e-07,3.578139967430616e-06,0.0006803551223129034,1.1987863217655104e-06,9.108039375860244e-05,0.00018807972082868218,0.9990144968032837,1.6640498756714805e-08,2.037243939412292e-05,4.4852140490547754e-07]","[2.058154109363386e-07,1.2159547395640402e-06,0.0002729037369135767,1.4044143199498649e-06,6.23354862909764e-05,0.00011154376988997683,0.9995355606079102,4.126851749219895e-09,1.4526734958053567e-05,3.5162392464371806e-07]","[4.633327250758157e-07,1.2379902727843728e-05,0.0010327956406399608,5.0663170441112015e-06,0.00022684523719362915,0.000770946207921952,0.9978464841842651,2.3643506708026507e-08,0.00010468915570527315,3.9827369846534566e-07]","[1.4913723589415895e-06,1.6522295481991023e-05,0.0038863355293869972,4.589012405631365e-06,0.0008139570127241313,0.0004311395750846714,0.9947378039360046,3.094106943990482e-07,0.00010488463885849342,3.0216497179935686e-06]","[1.3655034081239137e-06,9.414859960088506e-06,0.002707822946831584,3.2178736546484288e-06,6.804957229178399e-05,0.00021397836098913103,0.9969261288642883,1.632804114137798e-08,6.901020969962701e-05,9.429051601728133e-07]"
,,,,,"[0.0025014509446918964,0.0010128369322046638,0.013168898411095142,0.002648916095495224,0.0029843479860574007,0.028986120596528053,0.9472600221633911,1.9286642782390118e-05,0.0012851106002926826,0.00013306387700140476]"
"[2.090794851028477e-06,5.415529813035391e-05,0.008234499022364616,0.00043436067062430084,0.008519923314452171,0.23455600440502167,0.6141031980514526,9.022895852695001e-08,0.1340416818857193,5.402572060120292e-05]","[6.164776550576789e-06,6.075319106457755e-05,0.01368837058544159,6.05970126343891e-05,0.004794210661202669,0.05324442684650421,0.7711569666862488,3.660071712374702e-08,0.15688280761241913,0.00010562078387010843]","[1.025052029035578e-06,1.7054493582691066e-05,0.007181224413216114,0.0003155224840156734,0.005986145697534084,0.06594429910182953,0.8016913533210754,4.214034987626292e-08,0.11875051259994507,0.00011282307241344824]","[1.4127600707070087e-06,3.761743209906854e-05,0.024269698187708855,0.0009607932297512889,0.010782076977193356,0.288413405418396,0.15308552980422974,2.956118017038989e-08,0.5224153399467468,3.407129042898305e-05]","[2.3262423383130226e-06,1.5481276932405308e-05,0.033775947988033295,0.0009762811241671443,0.041460584849119186,0.07018905133008957,0.7724732756614685,2.1562688345966308e-07,0.08045338094234467,0.0006535323336720467]","[3.43028546012647e-06,2.087757457047701e-05,0.013527159579098225,0.0006782388663850725,0.003573203692212701,0.20795060694217682,0.6124030947685242,3.0421695385030034e-08,0.16156421601772308,0.00027916283579543233]"
"[0.0017308249371126294,0.024356896057724953,0.8795619010925293,0.0399317666888237,2.2354906832333654e-05,0.0019110192079097033,0.00019874476129189134,0.011514379642903805,0.04061399772763252,0.0001580735552124679]","[0.0009194931481033564,0.022163446992635727,0.921452522277832,0.01583966240286827,2.042389678535983e-05,0.0016130520962178707,0.0003655370674096048,0.015530281700193882,0.02195318043231964,0.00014240424206946045]","[0.0007885544910095632,0.009114562533795834,0.923941969871521,0.023066196590662003,2.3447355488315225e-05,0.0011336022289469838,0.000396418763557449,0.009999464266002178,0.03132917732000351,0.00020649173529818654]","[0.0005411855527199805,0.010284148156642914,0.9421519041061401,0.017712924629449844,1.7449276128900237e-05,0.0013400156749412417,0.00012228752893861383,0.006311491131782532,0.021457545459270477,6.0937018133699894e-05]","[0.0007487503462471068,0.005483104847371578,0.957333505153656,0.018222639337182045,1.2185111700091511e-05,0.0005567732732743025,0.0001252787042176351,0.008860145695507526,0.008505407720804214,0.00015218982298392802]","[0.0020488582085818052,0.01820620521903038,0.8496823310852051,0.06928975880146027,2.8101003408664837e-05,0.002862883498892188,0.000446614547399804,0.011696293018758297,0.04529479518532753,0.0004441910423338413]"
"[9.700250666355714e-05,0.00043409940553829074,6.434720853576437e-05,0.6622970104217529,0.00022211953182704747,0.3357386887073517,6.646507245022804e-05,0.000539549277164042,0.00015094674017746001,0.00038981964462436736]","[0.00040170736610889435,0.001139156287536025,0.0002362425730098039,0.5631467700004578,0.000381093705072999,0.43159496784210205,0.00019225508731324226,0.0010658568935468793,0.00022913230350241065,0.001612807041965425]","[4.694940071203746e-05,0.00020798940386157483,2.715336813707836e-05,0.723554253578186,0.00013643997954204679,0.2748483717441559,6.232949090190232e-05,0.00021465103782247752,0.00012032544327666983,0.0007814575219526887]","[3.129007018287666e-05,0.0005423915572464466,3.93452137359418e-05,0.5939222574234009,0.0002292128192493692,0.4046931564807892,2.798627429001499e-05,0.00018629877013154328,0.00010566322453087196,0.00022238602105062455]","[0.00018031970830634236,0.0007998376968316734,0.00015350704779848456,0.8543726205825806,0.0011496724328026175,0.13786494731903076,0.00015807746967766434,0.0034111246932297945,0.000449372484581545,0.0014605172909796238]","[0.0002672158007044345,0.0004923292435705662,0.00030443037394434214,0.6593232154846191,0.00025070866104215384,0.3374274969100952,0.00015863757289480418,0.0003701767127495259,0.00028815469704568386,0.0011177131673321128]"
"[0.0004384377389214933,0.00041352183325216174,0.004818946588784456,0.0006980181788094342,0.0065252711065113544,0.023996705189347267,0.9614139795303345,2.9294913474586792e-05,0.0015542180044576526,0.00011157297558384016]","[0.0002813980681821704,0.00028512158314697444,0.0041161468252539635,0.00026858109049499035,0.003914256580173969,0.010452262125909328,0.9797225594520569,2.5607356292312033e-05,0.0008371751173399389,9.6925075922627e-05]","[0.0001502429659012705,0.00015447499754372984,0.002427393337711692,0.00022896143491379917,0.003536613890901208,0.007041235454380512,0.9856699109077454,1.2656269063882064e-05,0.0006772000342607498,0.00010131538874702528]","[0.00026058100047521293,0.00042833489715121686,0.0036544566974043846,0.00037342525320127606,0.005806307774037123,0.018426639959216118,0.9687536358833313,2.5404566258657724e-05,0.002140734111890197,0.00013046736421529204]","[0.0002996546099893749,0.00016139612125698477,0.004672618117183447,0.0004035847960039973,0.008735736832022667,0.00880911573767662,0.9758039712905884,3.3859516406664625e-05,0.000835601007565856,0.00024439769913442433]","[0.0003396686806809157,0.00023162896104622632,0.004353416617959738,0.00032142153941094875,0.003698167158290744,0.007798211183398962,0.9819814562797546,1.5900937796686776e-05,0.0011518513783812523,0.00010833053238457069]"
"[4.1505260014673695e-05,6.8692102672685e-08,0.00013561850937549025,0.0010500600328668952,1.223322385612846e-07,1.5128146515053231e-05,1.115899284087618e-08,0.9978961944580078,1.143184931606811e-06,0.0008600904839113355]","[9.509724804956932e-06,1.6422783133407393e-08,6.550806574523449e-05,0.00023538782261312008,5.810124292793262e-08,3.094769908784656e-06,4.632735972620594e-09,0.9993199110031128,2.905788107909757e-07,0.00036614079726859927]","[1.9128734493278898e-05,2.569913171157623e-08,0.00011151006037835032,0.0007166455616243184,1.2721550035621476e-07,1.0919377928075846e-05,1.168137320206597e-08,0.9968311190605164,7.985011620803562e-07,0.0023097414523363113]","[2.2063759388402104e-05,6.551252340614155e-08,0.00016039538604672998,0.0007884941878728569,2.1678089012766577e-07,1.973554572032299e-05,1.1783917841512448e-08,0.998087465763092,1.2563383506858372e-06,0.0009203137597069144]","[1.0353506695537362e-05,2.1568899555290955e-08,6.870116339996457e-05,0.0004717663396149874,9.182299010035422e-08,2.685309482330922e-06,5.783837853101659e-09,0.9987994432449341,4.6046639567975944e-07,0.000646457658149302]","[4.1146136936731637e-05,6.228206927971769e-08,0.000298122176900506,0.0007162825204432011,7.486916331345128e-08,7.663449650863186e-06,1.6616400699831502e-08,0.9965845346450806,2.3751399567117915e-06,0.0023496102076023817]"
"[0.0006959299789741635,7.94897205196321e-05,0.0022339702118188143,0.0137461693957448,0.017137249931693077,0.0009107085643336177,5.453791345644277e-06,0.3814529776573181,0.017441095784306526,0.5662969946861267]","[0.000575895537622273,4.06872495659627e-05,0.002780830953270197,0.008569811470806599,0.004402805585414171,0.00027461512945592403,4.547719527181471e-06,0.45481863617897034,0.012605320662260056,0.5159268379211426]","[0.00022313118097372353,1.3861394108971581e-05,0.000691944791469723,0.0039053759537637234,0.0056446753442287445,0.00017627158376853913,3.766723011722206e-06,0.12930037081241608,0.009620684199035168,0.8504198789596558]","[0.0007366790669038892,5.864773629582487e-05,0.0038187294267117977,0.017583083361387253,0.015708882361650467,0.0008419170626439154,4.9119239520223346e-06,0.2677742540836334,0.03290659189224243,0.6605662703514099]","[0.0001504291722085327,9.439980203751475e-06,0.0020915467757731676,0.007349814288318157,0.004503148607909679,5.3385178034659475e-05,1.1875584959852858e-06,0.21011501550674438,0.0049165114760398865,0.7708094716072083]","[0.000754167849663645,3.6064029700355604e-05,0.002751109655946493,0.008941530250012875,0.004362192004919052,0.00018333630578126758,2.5057975108211394e-06,0.1769217997789383,0.02827489748597145,0.7777724266052246]"
"[1.3446152706819703e-06,0.0017940212273970246,0.9963511228561401,0.0017585181631147861,6.141478881005469e-09,1.4869227015879005e-05,8.52781431603944e-06,2.100468464050209e-06,6.941986794117838e-05,2.3090683143323076e-08]","[1.1213588777536643e-06,0.001993854297325015,0.9971892237663269,0.0007361297612078488,3.468878739809611e-09,5.090902504889527e-06,1.1593687304412015e-05,2.7543223950488027e-06,6.022879824740812e-05,2.085706540810861e-08]","[1.245623366230575e-06,0.0013453580904752016,0.996631920337677,0.0018644890515133739,7.407524371672025e-09,8.861298738338519e-06,2.310079253220465e-05,1.9116005205432884e-06,0.00012309459270909429,4.0847517368547415e-08]","[7.027427955108578e-07,0.0012717199278995395,0.9974493384361267,0.001137531828135252,3.808849680098092e-09,7.217557140393183e-06,5.894889909541234e-06,1.3093391544316546e-06,0.0001261274010175839,1.4175312479380864e-08]","[4.941172733197163e-07,0.00036971026565879583,0.9991550445556641,0.000452094420325011,1.910837710283886e-09,1.555616677251237e-06,3.557057652869844e-06,1.2856115745307761e-06,1.61815551109612e-05,1.0975913511401814e-08]","[6.328844506242604e-07,0.0004418088064994663,0.9993211030960083,0.00019076786702498794,2.8267344021060126e-10,1.3159585705579957e-06,2.9666844056919217e-06,3.2140479788722587e-07,4.1014045564224944e-05,4.4401891052814335e-09]"
"[0.030045272782444954,0.00017282686894759536,0.8883326649665833,0.0010028599062934518,0.0015788603341206908,0.02119717374444008,0.013813451863825321,8.444375998806208e-05,0.042469680309295654,0.0013027176028117537]","[0.021732773631811142,0.0001542954269098118,0.9094719290733337,0.00043645824189297855,0.00045427255099639297,0.003982763737440109,0.00802861712872982,0.00018849960179068148,0.053854577243328094,0.0016957945190370083]","[0.020132247358560562,0.00015957777213770896,0.8342285752296448,0.0011524425353854895,0.0012727315770462155,0.007297699339687824,0.03521465137600899,0.00013464438961818814,0.0961022824048996,0.00430520111694932]","[0.006960130296647549,6.376089004334062e-05,0.9336472749710083,0.0002877910155802965,0.00038953364128246903,0.0030173801351338625,0.0053475238382816315,5.065671939519234e-05,0.04968397319316864,0.0005519904079847038]","[0.006467185448855162,2.615385892568156e-05,0.9656837582588196,0.0004764505138155073,0.000843352114316076,0.0010089906863868237,0.008696538396179676,7.16697468305938e-05,0.012538156472146511,0.0041877455078065395]","[0.021178578957915306,9.464068716624752e-05,0.8677275776863098,0.00043792699580080807,0.0002060708065982908,0.0023998296819627285,0.004392202477902174,5.7881992688635364e-05,0.10128068178892136,0.0022246534936130047]"
"[1.2434030395525042e-05,2.0207575289532542e-05,0.977603018283844,0.00024817927624098957,0.01400251965969801,0.0013975352048873901,0.006670806556940079,9.654820587456925e-07,4.269576311344281e-05,1.62667629410862e-06]","[2.6559389880276285e-05,2.8714206564472988e-05,0.9900617599487305,0.00016197300283238292,0.004574993625283241,0.0009443212766200304,0.004171417094767094,4.315365913498681e-07,2.6634366804501042e-05,3.089111714871251e-06]","[1.5981855540303513e-05,2.5509625629638322e-05,0.9770264029502869,0.00039488551556132734,0.01032054703682661,0.0014797599287703633,0.010657360777258873,5.916911050007911e-07,7.601298420922831e-05,2.860468839571695e-06]","[9.79866581474198e-06,2.355656397412531e-05,0.9843066930770874,0.0002851495810318738,0.010570496320724487,0.0019015856087207794,0.002859589410945773,3.040339038307138e-07,4.170992906438187e-05,1.2860974720751983e-06]","[7.3411820267210715e-06,7.117578206816688e-06,0.9932378530502319,0.00011867620196426287,0.0041986750438809395,0.0003111023688688874,0.0021006809547543526,2.526826961002371e-07,1.6791093003121205e-05,1.397611413267441e-06]","[8.300457920995541e-06,8.939254257711582e-06,0.9919821619987488,0.000146748119732365,0.0033275089226663113,0.0007053872686810791,0.003795900382101536,1.5995982494132477e-07,2.3097918528947048e-05,1.7303690356129664e-06]"
"[2.1798109628434759e-07,1.8252064819535008e-06,9.378165486850776e-06,7.417533925035968e-05,8.117085599224083e-06,1.7522214648124645e-06,9.604201878232743e-09,0.999262273311615,5.363567197491648e-06,0.0006367844762280583]","[8.286854722427961e-07,2.5309735065093264e-05,3.275504059274681e-05,0.00010867630771826953,2.908025089709554e-05,5.081303243059665e-06,5.5405067200808844e-08,0.989512026309967,5.153179881745018e-05,0.010234628804028034]","[4.1228383906855015e-07,2.315115807505208e-06,1.907440491777379e-05,0.00011571655340958387,1.8029460989055224e-05,3.453501904004952e-06,2.1954093654130702e-08,0.996807873249054,1.638410503801424e-05,0.0030166066717356443]","[5.175959358894033e-07,6.371473318722565e-06,3.2956391805782914e-05,0.0001987820432987064,2.0378043700475246e-05,8.285697731480468e-06,1.7630233273280282e-08,0.9987290501594543,1.998288462345954e-05,0.0009836263488978148]","[3.3635842555668205e-07,1.2086526339771808e-06,3.089613892370835e-05,5.840884841745719e-05,7.70636870583985e-06,1.0660352245395188e-06,1.2456310649611169e-08,0.9980353713035583,5.141726887814002e-06,0.0018598460592329502]","[1.3434524817057536e-06,8.941444320953451e-06,5.077600872027688e-05,0.00014031837054062635,1.2892549420939758e-05,3.725308715729625e-06,2.618241090601714e-08,0.9916443228721619,4.6177527110558e-05,0.008091461844742298]"
"[8.79793219610292e-07,0.00020327766833361238,0.0013635604409500957,0.33572742342948914,0.012279280461370945,0.10934692621231079,1.5937082935124636e-05,0.5105327367782593,0.0057463860139250755,0.024783587083220482]","[9.58783175519784e-07,0.00034092101850546896,0.0024304850958287716,0.4112306833267212,0.007107679266482592,0.06712840497493744,1.5665429600630887e-05,0.4727281332015991,0.00464243721216917,0.03437454625964165]","[5.08516109221091e-07,0.000157692760694772,0.002247891388833523,0.637226402759552,0.008139134384691715,0.05771823227405548,1.718326166155748e-05,0.21088913083076477,0.005616843234747648,0.07798692584037781]","[3.316542631637276e-07,0.00024704309180378914,0.001953942934051156,0.6518954038619995,0.010546639561653137,0.15832117199897766,7.0935570875008125e-06,0.16363824903964996,0.003951858729124069,0.009438262321054935]","[2.3703167073563236e-07,9.789953764993697e-05,0.0009203798836097121,0.12323963642120361,0.01337356772273779,0.009785338304936886,3.157608716719551e-06,0.826149582862854,0.010144799947738647,0.016285471618175507]","[1.300421558880771e-06,0.0005823876708745956,0.002990105887874961,0.6080260872840881,0.009544219821691513,0.060890186578035355,2.2775742763769813e-05,0.26718637347221375,0.013787845149636269,0.03696879744529724]"
