0.0433350622406639
0.043490663900414936
0.04347769709543568
0.04342582987551867
0.04941649377593361
0.05692427385892116
0.05663900414937759
0.05640560165975104
0.05649636929460581
0.05649636929460581
0.05645746887966805
0.05654823651452282
0.056651970954356846
0.056301867219917014
0.056392634854771785
0.05645746887966805
0.0564445020746888
0.05599066390041494
0.05636670124481328
0.056561203319502075
0.05653526970954357
0.05683350622406639
0.05692427385892116
0.061242219917012446
0.0714859958506224
0.05754668049792531
0.05741701244813278
0.05726141078838174
0.057196576763485475
0.05739107883817427
0.05737811203319502
0.05742997925311203
0.05724844398340249
0.05744294605809128
0.05765041493775934
0.057235477178423234
0.057494813278008296
0.057455912863070537
0.057326244813278006
0.05735217842323651
0.05772821576763486
0.05748184647302904
0.057715248962655605
0.05746887966804979
0.05733921161825726
0.05742997925311203
0.057637448132780086
0.057326244813278006
0.057157676348547716
0.057235477178423234
0.05746887966804979
0.05770228215767635
0.05746887966804979
0.057715248962655605
0.0573003112033195
0.05735217842323651
0.05717064315352697
0.057494813278008296
0.05737811203319502
0.057494813278008296
0.05733921161825726
0.05720954356846473
0.05746887966804979
0.057572614107883814
0.05741701244813278
0.05750778008298755
0.05741701244813278
0.05758558091286307
0.05742997925311203
0.05731327800829875
0.057365145228215765
0.057572614107883814
0.05744294605809128
0.05761151452282157
0.05761151452282157
0.0573003112033195
0.05713174273858921
0.057365145228215765
0.057494813278008296
0.05754668049792531
0.057637448132780086
0.05748184647302904
0.05746887966804979
0.0575207468879668
0.05739107883817427
0.057715248962655605
0.057533713692946055
0.057404045643153524
0.057494813278008296
0.057676348547717846
0.05742997925311203
0.057637448132780086
0.05742997925311203
0.057455912863070537
0.05748184647302904
0.05755964730290456
0.057455912863070537
0.0576893153526971
0.05761151452282157
0.05728734439834025
0.05713174273858921
0.057533713692946055
0.05728734439834025
0.05741701244813278
0.057883817427385895
0.057533713692946055
0.05737811203319502
0.0575207468879668
0.05750778008298755
0.057455912863070537
0.05746887966804979
0.05728734439834025
0.05731327800829875
0.0573003112033195
0.05766338174273859
0.057572614107883814
0.057494813278008296
0.05746887966804979
0.05737811203319502
0.05742997925311203
0.057365145228215765
0.05718360995850622
0.05755964730290456
0.05759854771784232
0.057326244813278006
0.05761151452282157
0.05746887966804979
0.05762448132780083
0.05766338174273859
0.05744294605809128
0.05744294605809128
0.05755964730290456
0.057326244813278006
0.057533713692946055
0.05754668049792531
0.057404045643153524
0.057572614107883814
0.057494813278008296
0.057494813278008296
0.05755964730290456
0.05754668049792531
0.057844917012448135
0.057715248962655605
0.05774118257261411
0.057676348547717846
0.05746887966804979
0.058052385892116184
0.05815612033195021
0.057806016597510376
0.057533713692946055
0.05748184647302904
0.05789678423236515
0.057494813278008296
0.05746887966804979
0.05724844398340249
0.057533713692946055
0.05789678423236515
0.058143153526970956
0.058609958506224066
0.05793568464730291
0.058091286307053944
0.05765041493775934
0.057533713692946055
0.059115663900414936
0.05766338174273859
0.0575207468879668
0.05758558091286307
0.05892116182572614
0.057676348547717846
0.057572614107883814
0.057404045643153524
0.05748184647302904
0.05762448132780083
0.059024896265560164
0.059802904564315355
0.06233143153526971
0.05766338174273859
0.05929719917012448
0.0660399377593361
0.059673236514522825
0.05755964730290456
0.05845435684647303
0.05770228215767635
0.05762448132780083
0.057533713692946055
0.057533713692946055
0.05842842323651452
0.05820798755186722
0.058895228215767634
0.05811721991701245
0.05862292531120332
0.057572614107883814
0.05762448132780083
0.057455912863070537
0.05758558091286307
0.0581042531120332
0.0581301867219917
0.05798755186721992
0.057676348547717846
0.0581301867219917
0.059362033195020744
0.05837655601659751
0.0583246887966805
0.05880446058091286
0.05968620331950208
0.0599844398340249
0.05840248962655602
0.06253890041493776
0.060853215767634854
0.0599844398340249
0.06198132780082988
0.05960840248962656
0.06657157676348548
0.05910269709543568
0.058817427385892115
0.061203319502074686
0.06190352697095436
0.0606198132780083
0.06099585062240664
0.06403008298755186
0.06304460580912863
0.06674014522821577
0.06076244813278008
0.060010373443983404
0.058648858921161826
0.0622795643153527
0.059362033195020744
0.06177385892116183
0.06108661825726141
0.05914159751037344
0.05960840248962656
0.06116441908713693
0.07099325726141079
0.06519709543568465
0.06093101659751037
0.06798495850622406
0.07081172199170124
0.06666234439834025
0.06622147302904564
0.05884336099585062
0.060943983402489625
0.06461358921161826
0.060853215767634854
0.05907676348547718
0.060684647302904564
0.06488589211618258
0.06383558091286307
0.06524896265560166
0.061488589211618254
0.06037344398340249
0.06505446058091287
0.06566390041493776
0.060399377593360996
0.05806535269709544
0.06036047717842324
0.05933609958506224
0.061721991701244816
0.0625259336099585
0.06091804979253112
0.0625259336099585
0.06349844398340249
0.061592323651452285
0.07056535269709543
0.07158973029045643
0.06514522821576764
0.06757002074688796
0.06329097510373444
0.06199429460580913
0.061488589211618254
0.07116182572614108
0.06633817427385892
0.06415975103734439
0.06050311203319502
0.05982883817427386
0.05859699170124481
0.05910269709543568
0.06237033195020747
0.06432831950207468
0.06635114107883817
0.06174792531120332
0.06497665975103735
0.06633817427385892
0.06242219917012448
0.06444502074688796
0.06990404564315353
0.06510632780082988
0.0631613070539419
0.0643801867219917
0.06157935684647303
0.06628630705394191
0.062266597510373445
0.06404304979253111
0.0712396265560166
0.0629408713692946
0.06367997925311203
0.06703838174273859
0.060645746887966805
0.06801089211618257
0.06658454356846473
0.0808350622406639
0.06675311203319502
0.066649377593361
0.06297977178423236
0.07081172199170124
0.07634854771784233
0.07794346473029046
0.07332728215767635
0.08323392116182572
0.06602697095435685
0.06820539419087136
0.07156379668049792
0.08781120331950207
0.07842323651452282
0.06610477178423237
0.07256224066390042
0.060101141078838176
0.06253890041493776
0.07754149377593361
0.07791753112033195
0.06890560165975104
0.0775155601659751
0.07374221991701245
0.07946058091286307
0.07874740663900415
0.07782676348547718
0.07358661825726141
0.07280860995850623
0.07662085062240664
0.09555238589211618
0.0735347510373444
0.09690093360995851
0.10378630705394191
0.10941390041493776
0.09959802904564315
0.10320280082987551
0.10487551867219917
0.08956172199170125
0.1087136929460581
0.1083246887966805
0.09039159751037344
0.0922847510373444
0.12070798755186722
0.1143801867219917
0.1157935684647303
0.12094139004149378
0.1029564315352697
0.10407157676348548
0.09904045643153526
0.08121109958506224
0.1029304979253112
0.12589470954356846
0.1252204356846473
0.12383298755186722
0.10814315352697096
0.09373703319502075
0.0897691908713693
0.12642634854771784
0.1220954356846473
0.13245591286307054
0.13568464730290455
0.11163122406639005
0.13209284232365145
0.11934647302904565
0.12728215767634854
0.12872147302904563
0.13429719917012448
0.13554201244813277
0.1251945020746888
0.12676348547717842
0.14412603734439833
0.13336358921161826
0.14215508298755186
0.14797717842323652
0.12700985477178423
0.15092064315352696
0.1488070539419087
0.142777489626556
0.13641078838174273
0.15369553941908715
0.13350622406639004
0.1564185684647303
0.15111514522821576
0.1541234439834025
0.1543698132780083
0.15391597510373445
0.16846473029045644
0.1589600622406639
0.15951763485477177
0.17179719917012448
0.17365145228215767
0.16412085062240664
0.15929719917012447
0.16859439834024897
0.18014782157676348
0.1731198132780083
0.1717064315352697
0.18895228215767634
0.17349585062240663
0.16322614107883818
0.18724066390041494
0.18526970954356847
0.18869294605809128
0.19588952282157676
0.19470954356846473
0.19343879668049793
0.19738070539419086
0.196875
0.19472251037344399
0.19068983402489625
0.19076763485477177
0.19620072614107884
0.18526970954356847
0.2146784232365145
0.19703060165975103
0.20792271784232366
0.20881742738589212
0.190676867219917
0.20670383817427385
0.20612033195020746
0.21314834024896265
0.20750778008298756
0.2098158713692946
0.19713433609958506
0.20971213692946059
0.23259854771784233
0.2221213692946058
0.2077152489626556
0.21409491701244812
0.23109439834024897
0.2142116182572614
0.21908713692946058
0.23062759336099586
0.23682572614107883
0.2120591286307054
0.22557053941908714
0.2356198132780083
0.22723029045643153
0.24179201244813278
0.24159751037344399
0.23822614107883816
0.2454097510373444
0.24210321576763486
0.2258039419087137
0.22697095435684647
0.24620072614107885
0.23632002074688796
0.23638485477178423
0.23659232365145227
0.22956431535269708
0.24345176348547717
0.2452411825726141
0.24693983402489628
0.24033973029045644
0.24719917012448134
0.2548106846473029
0.25252852697095435
0.2464081950207469
0.23167790456431536
0.23761670124481327
0.2516856846473029
0.26016597510373446
0.25850622406639007
0.2673366182572614
0.26287603734439835
0.25477178423236513
0.2689445020746888
0.25551089211618255
0.264652489626556
0.26453578838174274
0.26734958506224066
0.2778786307053942
0.2585321576763486
0.27730809128630707
0.2746758298755187
0.26448392116182573
0.25923236514522824
0.2705653526970954
0.266649377593361
0.2775414937759336
0.2799014522821577
0.2707598547717842
0.2754408713692946
0.2822484439834025
0.2751426348547718
0.2779564315352697
0.284375
0.2895228215767635
0.2773210580912863
0.2800959543568465
0.2887707468879668
0.2813926348547718
0.3078578838174274
0.28817427385892114
0.28878371369294603
0.2898858921161826
0.2952152489626556
0.2844528008298755
0.3007131742738589
0.29581172199170125
0.28997665975103737
0.29793827800829875
0.29683609958506224
0.29915715767634854
0.3025674273858921
0.30682053941908716
0.3047069502074689
0.30950466804979254
0.31135892116182573
0.3063926348547718
0.29725103734439834
0.31539159751037343
0.3147302904564315
0.30726141078838176
0.3009984439834025
0.30491441908713696
0.3179979253112033
0.32664678423236515
0.3157676348547718
0.31295383817427386
0.3245072614107884
0.3178941908713693
0.3039159751037344
0.3122536307053942
0.32889004149377593
0.3207728215767635
0.3231198132780083
0.32794346473029046
0.31688278008298754
0.33495850622406637
0.33721473029045645
0.32603734439834026
0.329253112033195
0.3293179460580913
0.338524377593361
0.3253890041493776
0.3419865145228216
0.3360736514522822
0.3290715767634855
0.34251815352697096
0.3466026970954357
0.33987292531120333
0.35086877593360993
0.3402748962655602
0.35831172199170125
0.3498054979253112
0.33419346473029043
0.3410140041493776
0.35006483402489624
0.35897302904564315
0.34981846473029043
0.3463952282157676
0.35628890041493777
0.35422717842323653
0.35003890041493774
0.3610606846473029
0.35425311203319504
0.3459932572614108
0.3616441908713693
0.3717453319502075
0.3486384854771784
0.36170902489626555
0.36041234439834025
0.3639133817427386
0.37169346473029047
0.3471213692946058
0.3725103734439834
0.3833246887966805
0.3632909751037344
0.36369294605809127
0.36824429460580915
0.3742219917012448
0.37462396265560166
0.3617738589211618
0.36447095435684645
0.3692297717842324
0.37863070539419086
0.3785140041493776
0.3836877593360996
0.3796680497925311
0.3769579875518672
0.37440352697095436
0.37755446058091285
0.37134336099585064
0.3890819502074689
0.3943594398340249
0.39511151452282156
0.37136929460580914
0.3892375518672199
0.38870591286307055
0.3866182572614108
0.38731846473029047
0.3902619294605809
0.3862551867219917
0.3920643153526971
0.3847121369294606
0.3916753112033195
0.38211877593360993
0.3819113070539419
0.3862940871369295
0.39456690871369293
0.3865145228215768
0.39022302904564315
0.3826244813278008
0.3899896265560166
0.3972769709543568
0.3933869294605809
0.40035010373443985
0.38983402489626556
0.3874221991701245
0.39323132780082987
0.40162085062240666
0.39941649377593363
0.39102697095435685
0.40112811203319504
0.3945539419087137
0.40129668049792533
0.39229771784232365
0.3970565352697095
0.3932572614107884
0.39647302904564313
0.4040326763485477
0.4063667012448133
0.39415197095435683
0.40347510373443984
0.4042920124481328
0.4008298755186722
0.40778008298755186
0.39974066390041496
0.40474585062240664
0.4183998962655602
0.4066649377593361
0.41156639004149376
0.40750778008298755
0.4115534232365145
0.41460062240663903
0.4190612033195021
0.40548495850622407
0.40836358921161825
0.40543309128630706
0.4107883817427386
0.4053682572614108
0.41741441908713695
0.4125778008298755
0.41403008298755184
0.4093101659751037
0.4206301867219917
0.418698132780083
0.41545643153526973
0.41683091286307056
0.4154434647302905
0.4160140041493776
0.40866182572614107
0.4190871369294606
0.41768672199170126
0.4145228215767635
0.42210840248962656
0.4177645228215768
0.42305497925311203
0.4193853734439834
0.4237551867219917
0.4240534232365145
0.42623184647302903
0.4273210580912863
0.42313278008298755
0.4140430497925311
0.42481846473029045
0.4287214730290456
0.4225363070539419
0.42171939834024896
0.4150803941908714
0.42149896265560166
0.4198521784232365
0.4257391078838174
0.421978734439834
0.43027748962655604
0.41405601659751035
0.43165197095435687
0.42782676348547716
0.4320280082987552
0.43320798755186724
0.4314704356846473
0.4289548755186722
0.4236125518672199
0.42787863070539417
0.4255705394190871
0.43563278008298756
0.43123703319502077
0.43362292531120333
0.4324948132780083
0.4220435684647303
0.4349066390041494
0.4333246887966805
0.4287603734439834
0.4228215767634855
0.4302904564315353
0.42677645228215766
0.432326244813278
0.43086099585062243
0.43690352697095436
0.43213174273858923
0.43895228215767634
0.4331690871369295
0.4307831950207469
0.43563278008298756
0.43079616182572616
0.43616441908713693
0.43851141078838174
0.4422588174273859
0.44044346473029045
0.43956172199170124
0.4316390041493776
0.44264782157676347
0.43861514522821576
0.4401841286307054
0.4456042531120332
0.44450207468879666
0.44083246887966804
0.4398210580912863
0.4396265560165975
0.4401452282157676
0.44841804979253114
0.4448521784232365
0.4392375518672199
0.4445150414937759
0.44281639004149376
0.4468879668049793
0.44295902489626554
0.4455264522821577
0.447951244813278
0.4363329875518672
0.4401452282157676
0.44413900414937757
0.4457209543568465
0.44866441908713695
0.44570798755186725
0.4452282157676348
0.4513874481327801
0.441701244813278
0.45073910788381744
0.44697873443983405
0.4518801867219917
0.45225622406639004
0.449844398340249
0.44852178423236516
0.44927385892116184
0.4564963692946058
0.4504927385892116
0.45482365145228215
0.4540067427385892
0.45487551867219916
0.44714730290456434
0.44968879668049794
0.45490145228215767
0.4579875518672199
0.449896265560166
0.44944242738589213
0.4511670124481328
0.4537603734439834
0.455225622406639
0.4559906639004149
0.45269709543568465
0.4547069502074689
0.45496628630705394
0.4533713692946058
0.453125
0.4619294605809129
0.45758558091286305
0.4587914937759336
0.4639911825726141
0.45625
0.4554719917012448
0.4581561203319502
0.45426607883817427
0.4537085062240664
0.4618386929460581
0.4589859958506224
0.45455134854771784
0.45858402489626554
0.45562759336099584
0.459426867219917
0.46345954356846475
0.46010114107883815
0.45741701244813276
0.46216286307053944
0.46338174273858923
0.4600881742738589
0.4587007261410788
0.45927126556016595
0.46323910788381745
0.4654304979253112
0.4617349585062241
0.4659102697095436
0.4671680497925311
0.4641597510373444
0.4632261410788382
0.45504408713692945
0.46032157676348545
0.4618775933609959
0.46697354771784233
0.46160529045643156
0.4703838174273859
0.4633039419087137
0.4680886929460581
0.46550829875518673
0.4713692946058091
0.4680108921161826
0.4681664937759336
0.46489885892116184
0.4659102697095436
0.4644709543568465
0.46744035269709544
0.4639393153526971
0.4674014522821577
0.4681664937759336
0.4682313278008299
0.46824429460580913
0.46859439834024896
0.4712914937759336
0.46495072614107885
0.47135632780082987
0.4694891078838174
0.467725622406639
0.47235477178423235
0.46964470954356846
0.4646395228215768
0.46746628630705395
0.470902489626556
0.4738848547717842
0.47426089211618255
0.4705394190871369
0.4661825726141079
0.4735606846473029
0.4735347510373444
0.475103734439834
0.47340508298755185
0.4735347510373444
0.47177126556016596
0.47374221991701243
0.4741701244813278
0.47088952282157676
0.47321058091286305
0.47656898340248965
0.4741960580912863
0.47262707468879667
0.47254927385892115
0.47481846473029043
0.47638744813278006
0.4720176348547718
0.476076244813278
0.4779434647302905
0.4749351659751037
0.4784880705394191
0.4777489626556017
0.47896784232365147
0.47833246887966807
0.4746369294605809
0.47464989626556015
0.4757131742738589
0.4813407676348548
0.47487033195020745
0.47641338174273856
0.48021265560165977
0.47210840248962654
0.4781379668049793
0.479201244813278
0.4807313278008299
0.47487033195020745
0.4804849585062241
0.47594657676348545
0.4838822614107884
0.48143153526970955
0.4801996887966805
0.4819502074688797
0.48267634854771785
0.4776581950207469
0.478125
0.4777748962655602
0.47896784232365147
0.4794087136929461
0.48170383817427387
0.4816130705394191
0.48140560165975105
0.4814185684647303
0.4835969917012448
0.48220954356846474
0.4814704356846473
0.48485477178423236
0.48182053941908715
0.48345435684647303
0.4824170124481328
0.48416753112033195
0.48375259336099585
0.48739626556016596
0.4868905601659751
0.4860347510373444
0.4848418049792531
0.48643672199170124
0.48375259336099585
0.4836618257261411
0.4850622406639004
0.48878371369294604
0.4877723029045643
0.48770746887966804
0.48568464730290456
0.48140560165975105
0.48590508298755186
0.48497147302904564
0.48355809128630706
0.4848677385892116
0.49044346473029043
0.4837914937759336
0.4894579875518672
0.4861384854771784
0.4882391078838174
0.4873314315352697
0.48792790456431534
0.4858921161825726
0.4901192946058091
0.49013226141078836
0.49233661825726144
0.48834284232365144
0.4901192946058091
0.490780601659751
0.49098807053941906
0.48858921161825725
0.4878501037344398
0.4901711618257261
0.49316649377593363
0.4917790456431535
0.490780601659751
0.493594398340249
0.49407417012448135
0.4875
0.492621887966805
0.4911436721991701
0.4944761410788382
0.49529304979253114
0.49415197095435687
0.4921680497925311
0.4922847510373444
0.4923495850622407
0.49107883817427384
0.49504668049792533
0.49181794605809126
0.49258298755186725
0.4931535269709544
0.49534491701244815
0.4952152489626556
0.4956042531120332
0.4970435684647303
0.49526711618257263
0.49722510373443984
0.49644709543568466
0.49485217842323653
0.49631742738589213
0.49393153526970957
0.4950207468879668
0.4945539419087137
0.49299792531120334
0.4960710580912863
0.4952541493775934
0.49920902489626556
0.4936721991701245
0.4995591286307054
0.4979253112033195
0.4995331950207469
0.4966026970954357
0.4982365145228216
0.4976789419087137
0.4992608921161826
0.4981716804979253
0.49744553941908715
0.5014004149377593
0.49854771784232366
0.4983402489626556
0.4986255186721992
0.49780860995850623
0.5015300829875519
0.5010632780082988
0.503021265560166
0.5033843360995851
0.49993516597510373
0.503021265560166
0.5008298755186722
0.5004019709543569
0.4985606846473029
0.49998703319502075
0.5014263485477178
0.4984050829875519
0.5030471991701245
0.5005186721991701
0.5008817427385892
0.49952022821576764
0.5036177385892117
0.5022691908713693
0.5036955394190872
0.5025544605809129
0.5039808091286307
0.5051478215767635
0.5005057053941909
0.5032028008298756
0.5021913900414938
0.5032935684647303
0.5033454356846473
0.49952022821576764
0.5018283195020747
0.5081172199170124
0.5054979253112033
0.5079227178423237
0.504914419087137
0.5045772821576764
0.5039937759336099
0.5070280082987552
0.5070280082987552
0.5057313278008299
0.5068853734439834
0.5083117219917013
0.5065223029045643
0.5039808091286307
0.5067946058091286
0.5068853734439834
0.5090767634854771
0.5102178423236514
0.5079486514522822
0.5085451244813278
0.5078838174273859
0.5060943983402489
0.5056146265560166
0.5108661825726141
0.5096473029045643
0.5099325726141078
0.5112551867219917
0.5078189834024897
0.5074688796680498
0.5078838174273859
0.5070280082987552
0.5097899377593361
0.509375
0.5111773858921161
0.5121109958506224
0.5082209543568464
0.5108272821576764
0.510658713692946
0.5112292531120332
0.5098288381742738
0.5142764522821577
0.5121758298755187
0.5121758298755187
0.5123314315352697
0.5101011410788382
0.514963692946058
0.5139263485477178
0.5125259336099585
0.5110736514522821
0.5149507261410788
0.5125648340248963
0.5101919087136929
0.5105420124481328
0.5139911825726141
0.5136929460580912
0.5147691908713693
0.5131872406639004
0.5147302904564315
0.5117997925311203
0.515015560165975
0.5159751037344399
0.5131353734439834
0.5131483402489626
0.515015560165975
0.516390041493776
0.5125
0.5136670124481327
0.515780601659751
0.5138485477178423
0.5174533195020747
0.5183480290456431
0.5142894190871369
0.5136021784232365
0.5133817427385892
0.5116701244813278
0.5140430497925311
0.5163252074688797
0.514911825726141
0.5141467842323652
0.5184258298755187
0.5159232365145229
0.5179849585062241
0.5165326763485477
0.5181146265560166
0.5185684647302905
0.5174144190871369
0.5161825726141079
0.5184776970954357
0.5182313278008299
0.5190352697095436
0.5189704356846473
0.5208895228215767
0.5219398340248963
0.5206690871369295
0.5188796680497926
0.5213952282157677
0.5150933609958506
0.5223288381742739
0.5190093360995851
0.5161825726141079
0.5221732365145229
0.5189056016597511
0.522134336099585
0.5213563278008299
0.5170902489626557
0.5153137966804979
0.5218490663900415
0.5254668049792531
0.5180368257261411
0.520591286307054
0.5235347510373444
0.5202800829875519
0.522082468879668
0.5236255186721992
0.5211877593360996
0.5196447095435685
0.521875
0.5231716804979253
0.5239496887966805
0.5236644190871369
0.5211358921161826
0.5254149377593361
0.5238200207468879
0.5244813278008299
0.5237292531120332
0.5243257261410789
0.5253371369294606
0.5235866182572614
0.5242090248962655
0.5191130705394191
0.5268542531120332
0.5222121369294606
0.5244164937759336
0.5216156639004149
0.5237940871369294
0.5244035269709544
0.5217064315352697
0.5254408713692946
0.5269839211618257
0.525051867219917
0.5254538381742738
0.5252852697095436
0.5250778008298755
0.5220176348547718
0.5280212655601659
0.5250259336099585
0.5285269709543569
0.5252852697095436
0.5265171161825726
0.5250259336099585
0.526945020746888
0.5242608921161825
0.5252723029045643
0.528228734439834
0.529356846473029
0.5282417012448133
0.5298625518672199
0.5283065352697095
0.5276841286307054
0.5325855809128631
0.5272432572614107
0.529201244813278
0.5290845435684647
0.526996887966805
0.530329356846473
0.5288770746887966
0.5282417012448133
0.530329356846473
0.5283584024896265
0.5288511410788381
0.5303034232365145
0.5292271784232365
0.5308869294605809
0.531301867219917
0.5278008298755187
0.5308350622406639
0.5305497925311203
0.5326244813278008
0.5294735477178423
0.532015041493776
0.5322873443983402
0.5311203319502075
0.5291882780082987
0.5293957468879668
0.5311851659751037
0.5323003112033196
0.5332857883817428
0.5317427385892116
0.5338044605809129
0.5325855809128631
0.5334413900414938
0.5316001037344399
0.5331561203319503
0.5344139004149377
0.531198132780083
0.5309387966804979
0.5323521784232366
0.5349196058091287
0.5336618257261411
0.5323910788381743
0.531198132780083
0.5344398340248963
0.5341026970954357
0.5317168049792531
0.5317427385892116
0.5316908713692946
0.5323781120331951
0.5312240663900415
0.5333246887966805
0.5362940871369295
0.5359180497925311
0.5345046680497926
0.5342064315352697
0.532274377593361
0.5358791493775934
0.5343620331950207
0.5325466804979253
0.5345306016597511
0.5371758298755187
0.5361773858921162
0.5380835062240664
0.5366052904564316
0.5339470954356846
0.5365923236514523
0.5356846473029045
0.5357494813278009
0.5370202282157677
0.5374870331950208
0.5360477178423236
0.5382261410788381
0.5354901452282158
0.5365793568464731
0.5360995850622406
0.5408195020746888
0.5334284232365145
0.5378890041493776
0.538524377593361
0.5375389004149378
0.5385892116182572
0.5383039419087137
0.5372017634854772
0.5383558091286307
0.5353734439834025
0.5397173236514523
0.5369553941908713
0.537811203319502
0.5397173236514523
0.5375648340248963
0.5389393153526971
0.5386021784232365
0.5389393153526971
0.5367997925311203
0.5360606846473029
0.5367219917012448
0.5399507261410789
0.5401841286307054
0.5387837136929461
0.5357365145228216
0.5408454356846473
0.5409621369294606
0.5390949170124482
0.5417271784232365
0.5413381742738589
0.5399896265560166
0.5420254149377594
0.5408324688796681
0.5415456431535269
0.5436073651452282
0.5425440871369295
0.5400414937759336
0.5428812240663901
0.5412992738589212
0.5420513485477179
0.5414548755186722
0.5390949170124482
0.5422199170124481
0.5432183609958506
0.5430757261410788
0.5431016597510373
0.5441001037344398
0.544061203319502
0.5452282157676348
0.5423884854771784
0.5413511410788382
0.5449559128630705
0.5392375518672199
0.5443464730290456
0.544929979253112
0.5440741701244813
0.5435684647302904
0.5441390041493775
0.5452282157676348
0.5436462655601659
0.545850622406639
0.5465637966804979
0.5432961618257262
0.5452022821576763
0.5466026970954356
0.5464470954356846
0.5451633817427386
0.5433220954356847
0.5469009336099585
0.5445539419087136
0.5434906639004149
0.5437110995850623
0.546265560165975
0.5442557053941909
0.5456820539419087
0.5472769709543569
0.5468620331950207
0.5455912863070539
0.546719398340249
0.5492219917012449
0.5468620331950207
0.5473936721991701
0.5463303941908714
0.5476659751037345
0.5483921161825727
0.5469528008298755
0.5457468879668049
0.5492479253112034
0.5481716804979253
0.5469917012448133
0.5485995850622407
0.547795643153527
0.5490534232365145
0.5507909751037344
0.5496239626556016
0.5497665975103735
0.5491052904564315
0.547847510373444
0.5464859958506224
0.5480809128630706
0.5459284232365145
0.5496758298755187
0.5511021784232365
0.5503760373443983
0.5467323651452282
0.5512448132780083
0.5484958506224067
0.5480160788381743
0.5488589211618258
0.5493516597510374
0.5492608921161826
0.5484050829875519
0.5498703319502075
0.5502463692946058
0.5501426348547718
0.5506353734439834
0.5493127593360996
0.5528656639004149
0.5507650414937759
0.5523469917012448
0.5485736514522822
0.5526970954356847
0.5524636929460581
0.5526711618257262
0.5500778008298756
0.5518153526970955
0.551179979253112
0.553384336099585
0.5499221991701245
0.5518153526970955
0.5515819502074689
0.5526192946058092
0.5521265560165975
0.5512059128630705
0.5511540456431535
0.5517245850622406
0.5533454356846473
0.5536955394190871
0.553176867219917
0.5531898340248963
0.5536955394190871
0.5534102697095435
0.5529045643153527
0.5534232365145229
0.5516078838174274
0.5521784232365146
0.555225622406639
0.5550051867219917
0.5543309128630706
0.55538122406639
0.5549533195020747
0.5530601659751038
0.5553034232365145
0.5545513485477178
0.5543309128630706
0.5565093360995851
0.5533713692946058
0.5563796680497926
0.5545383817427386
0.5549403526970954
0.5560814315352697
0.556198132780083
0.5548106846473029
0.5555497925311204
0.5573910788381743
0.5560684647302905
0.5586099585062241
0.5564574688796681
0.5558091286307054
0.557533713692946
0.5566001037344398
0.5578060165975104
0.5570280082987552
0.5557831950207469
0.5567557053941908
0.5553941908713693
0.5574040456431535
0.5577671161825726
0.5571706431535269
0.5557702282157676
0.5595435684647303
0.5582339211618257
0.5582209543568465
0.5598807053941909
0.5597251037344398
0.5561592323651452
0.5563796680497926
0.5599974066390041
0.5589211618257262
0.5570020746887967
0.5594917012448133
0.560554979253112
0.5596473029045643
0.5603734439834025
0.5601011410788381
0.558402489626556
0.557222510373444
0.5585321576763486
0.558246887966805
0.5598288381742739
0.5585710580912863
0.5597640041493775
0.5608272821576763
0.5617479253112033
0.5602178423236515
0.5611773858921162
0.5594009336099585
0.5595954356846473
0.562344398340249
0.5605290456431535
0.5623184647302905
0.5597510373443984
0.5618257261410788
0.5619553941908714
0.561734958506224
0.5604253112033195
0.5622276970954356
0.5630446058091286
0.5633558091286307
0.5606587136929461
0.5632520746887967
0.5619035269709544
0.5624740663900415
0.5626815352697095
0.5619942946058091
0.5636799792531121
0.5628630705394191
0.5638874481327801
0.5630316390041494
0.563213174273859
0.5635762448132781
0.5633298755186722
0.5628501037344399
0.5601659751037344
0.5619683609958506
0.5631742738589212
0.5642894190871369
0.5651581950207469
0.5632261410788382
0.5653397302904565
0.5651192946058091
0.5644709543568465
0.5623314315352697
0.5629149377593361
0.564496887966805
0.5641597510373444
0.5649247925311204
0.5675051867219917
0.5664030082987552
0.567621887966805
0.5643153526970954
0.5662603734439834
0.5665067427385893
0.5675311203319502
0.5672847510373444
0.567466286307054
0.5683091286307054
0.5681275933609958
0.5657157676348548
0.567414419087137
0.5651970954356846
0.5680238589211618
0.5666364107883818
0.5657417012448133
0.5672717842323651
0.5641338174273859
0.5672069502074689
0.5685165975103734
0.5681535269709543
0.5672458506224066
0.5681146265560166
0.5671939834024896
0.5672977178423236
0.5672977178423236
0.5653008298755187
0.5680757261410788
0.5679719917012448
0.5682053941908713
0.567621887966805
0.5683609958506224
0.5699040456431536
0.5689963692946058
0.5672458506224066
0.569061203319502
0.569463174273859
0.5707857883817428
0.5709932572614108
0.5700466804979253
0.5706172199170124
0.5714470954356846
0.5715378630705394
0.5705912863070539
0.5705005186721992
0.5706690871369294
0.571058091286307
0.5700466804979253
0.571109958506224
0.5700337136929461
0.5715248962655601
0.569515041493776
0.5700726141078838
0.5714730290456431
0.571667531120332
0.5667920124481328
0.5713822614107884
0.5725492738589212
0.5700726141078838
0.5709932572614108
0.5712136929460581
0.5701893153526971
0.5691649377593361
0.5723807053941908
0.5721732365145228
0.571667531120332
0.5698521784232365
0.5744683609958506
0.5727826763485477
0.5733921161825726
0.569722510373444
0.5708635892116183
0.572847510373444
0.5737292531120332
0.5702800829875518
0.5729123443983403
0.5732235477178423
0.5715248962655601
0.573768153526971
0.575155601659751
0.5725622406639004
0.5747795643153527
0.5739496887966805
0.5753371369294605
0.5711747925311204
0.5737033195020746
0.5747276970954357
0.5761929460580912
0.5734310165975104
0.5732235477178423
0.5751945020746888
0.5740404564315352
0.5738329875518672
0.5749740663900414
0.5760632780082987
0.576024377593361
0.5772432572614108
0.5765041493775933
0.5759336099585062
0.5771913900414938
0.5778526970954356
0.5761929460580912
0.5749870331950208
0.5769579875518672
0.5742738589211618
0.5770357883817427
0.5774247925311203
0.5774507261410788
0.576076244813278
0.5753890041493775
0.5777359958506224
0.5770617219917012
0.577463692946058
0.5751167012448133
0.578228734439834
0.5772821576763485
0.5765041493775933
0.5777878630705394
0.5774247925311203
0.5782935684647303
0.5779953319502075
0.57586877593361
0.5780990663900415
0.5814315352697096
0.5786436721991701
0.5787733402489627
0.5793957468879668
0.5801348547717843
0.5782935684647303
0.5811203319502075
0.5793698132780083
0.5797458506224067
0.5780471991701245
0.5785658713692946
0.5805497925311204
0.5798236514522822
0.5793827800829876
0.5795254149377593
0.5785010373443984
0.580225622406639
0.5778267634854771
0.5813018672199171
0.5798106846473029
0.580329356846473
0.5807702282157676
0.5798755186721992
0.5803682572614108
0.5814704356846473
0.5808480290456431
0.5818335062240664
0.5804201244813278
0.5831690871369295
0.5838174273858922
0.5813407676348548
0.5806535269709544
0.5817686721991702
0.5813018672199171
0.5800829875518673
0.5808220954356846
0.5820539419087137
0.5820539419087137
0.582170643153527
0.5820280082987552
0.5824688796680498
0.5831301867219917
0.5831820539419087
0.5823132780082988
0.5833635892116182
0.5835321576763486
0.5817427385892117
0.5813796680497926
0.5829097510373444
0.5825596473029045
0.5832857883817427
0.583246887966805
0.5853086099585062
0.5841934647302904
0.584426867219917
0.5834802904564316
0.5831301867219917
0.5835451244813278
0.582585580912863
0.5856846473029046
0.5855160788381742
0.583350622406639
0.5855290456431536
0.5849714730290456
0.5850492738589211
0.5859180497925311
0.5849714730290456
0.5852697095435685
0.5852826763485477
0.5851141078838175
0.5869553941908714
0.5864107883817428
0.5872795643153527
0.5858143153526971
0.5865663900414938
0.5842323651452282
0.5862940871369294
0.5865145228215768
0.5872017634854771
0.5860736514522822
0.5866052904564315
0.5867738589211619
0.5868516597510374
0.5867219917012448
0.5862551867219917
0.5861125518672199
0.5860347510373444
0.5870591286307054
0.5855549792531121
0.5889263485477179
0.5861514522821577
0.5897173236514522
0.5880835062240664
0.5888485477178423
0.5880446058091287
0.5875389004149377
0.5871498962655601
0.5863978215767635
0.5864496887966805
0.5864496887966805
0.5884984439834025
0.588524377593361
0.5905860995850623
0.5891338174273859
0.5890819502074689
0.5890041493775934
0.5900933609958506
0.5892116182572614
0.5875389004149377
0.5903915975103734
0.5891338174273859
0.5905471991701244
0.5900803941908713
0.5900803941908713
0.589652489626556
0.5889652489626556
0.5895228215767635
0.5902878630705394
0.5905212655601659
0.5877204356846473
0.5912085062240664
0.5899507261410788
0.5905212655601659
0.5905342323651452
0.5892505186721991
0.5897562240663901
0.5914159751037344
0.589652489626556
0.5917401452282157
0.5914289419087136
0.5925829875518672
0.5914289419087136
0.5903915975103734
0.5911825726141079
0.5912863070539419
0.59288122406639
0.5924792531120332
0.5908713692946058
0.5941649377593361
0.5937759336099585
0.593594398340249
0.5936203319502075
0.5922328838174273
0.5938278008298755
0.5920772821576763
0.5939185684647303
0.5901841286307054
0.5911307053941909
0.5929590248962655
0.5934906639004149
0.5922847510373443
0.593036825726141
0.5912474066390041
0.5940482365145229
0.5925570539419087
0.59461877593361
0.5926478215767634
0.5935165975103734
0.5939315352697095
0.5950337136929461
0.5948910788381743
0.5948392116182573
0.5933998962655601
0.5946965767634855
0.5924273858921162
0.5952800829875519
0.598716286307054
0.5948781120331951
0.5950855809128631
0.5950077800829876
0.5951374481327801
0.5945928423236515
0.5952282157676348
0.5966026970954357
0.5962136929460581
0.5964341286307054
0.5969009336099586
0.5980938796680498
0.5966545643153527
0.5966026970954357
0.5969917012448133
0.596771265560166
0.5970046680497926
0.5969268672199171
0.5949170124481328
0.5970954356846473
0.5951244813278008
0.5965248962655602
0.597899377593361
0.596511929460581
0.6001296680497925
0.5991830912863071
0.598158713692946
0.5976270746887967
0.5983661825726141
0.5986384854771785
0.5965248962655602
0.5991052904564316
0.5973807053941909
0.5984180497925311
0.596875
0.5992349585062241
0.5992479253112033
0.5998703319502074
0.6001815352697095
0.6001815352697095
0.6002204356846473
0.5999740663900415
0.6006872406639004
0.6000129668049793
0.5964081950207469
0.5988070539419087
0.5993905601659751
0.6005057053941909
0.5985736514522821
0.5994553941908713
0.6019061203319502
0.6002982365145229
0.5980420124481328
0.6000907676348548
0.6013096473029046
0.6004149377593361
0.6001426348547718
0.5998314315352697
0.5999740663900415
0.6001296680497925
0.600972510373444
0.601024377593361
0.5997536307053942
0.6010373443983402
0.6012188796680498
0.6006872406639004
0.6011670124481328
0.6003241701244814
0.5999221991701245
0.6026322614107884
0.6019709543568464
0.6038900414937759
0.6017116182572614
0.6024507261410789
0.6030990663900415
0.6036436721991701
0.6022432572614108
0.6019450207468879
0.6012448132780083
0.6038641078838174
0.6018931535269709
0.6022691908713693
0.6031379668049792
0.6035140041493776
0.6033713692946058
0.6034491701244813
0.6029564315352697
0.6043438796680498
0.6049403526970955
0.6047328838174274
0.6035010373443983
0.6043309128630705
0.6048106846473029
0.6055497925311203
0.6046421161825726
0.603021265560166
0.6045513485477179
0.6049403526970955
0.602308091286307
0.6050440871369295
0.6057313278008298
0.6039030082987552
0.605018153526971
0.6032028008298755
0.6045643153526971
0.6070539419087136
0.6050829875518672
0.6049922199170125
0.6060165975103734
0.6058609958506224
0.6045643153526971
0.6068075726141079
0.6069372406639004
0.6066260373443984
0.6069631742738589
0.6063796680497925
0.6048236514522821
0.6061721991701244
0.6070928423236515
0.6076374481327801
0.6060684647302904
0.6077411825726141
0.609219398340249
0.607326244813278
0.6072873443983402
0.6080394190871369
0.608402489626556
0.6067297717842324
0.6079356846473029
0.6079356846473029
0.6073910788381742
0.6058869294605809
0.6091804979253111
0.6078060165975103
0.6060814315352697
0.6091545643153526
0.6068205394190871
0.6078967842323652
0.6084932572614108
0.6090897302904564
0.6061981327800829
0.6095565352697095
0.6086877593360995
0.6067816390041494
0.6099066390041494
0.6091286307053941
0.6087914937759336
0.6082079875518672
0.6111384854771784
0.6093620331950207
0.6110217842323652
0.6098418049792531
0.609530601659751
0.6111255186721992
0.6112811203319503
0.6096343360995851
0.6108013485477178
0.6111125518672199
0.609582468879668
0.6095954356846474
0.6099585062240664
0.6113459543568465
0.6099066390041494
0.611320020746888
0.6120331950207469
0.6110866182572614
0.6117090248962656
0.6114626556016598
0.6089341286307054
0.6107365145228216
0.6110866182572614
0.6115145228215768
0.6127593360995851
0.6121628630705395
0.6121758298755187
0.6108013485477178
0.6128501037344398
0.6138485477178424
0.6115404564315353
0.6120072614107884
0.6130835062240664
0.6124092323651452
0.6129019709543568
0.6129149377593361
0.6128630705394191
0.6118516597510374
0.6132780082987552
0.613524377593361
0.6132780082987552
0.6133298755186722
0.6145746887966805
0.6137188796680498
0.6140430497925311
0.6149247925311203
0.6127204356846473
0.6147562240663901
0.6141727178423236
0.6140560165975104
0.6140560165975104
0.6134465767634855
0.6137707468879668
0.6154693983402489
0.6166623443983402
0.6166104771784232
0.6151841286307054
0.616597510373444
0.6161436721991701
0.6152489626556017
0.6136929460580913
0.6159880705394191
0.6156509336099585
0.6163770746887967
0.6150414937759336
0.6158195020746888
0.6147302904564316
0.6159880705394191
0.6166364107883817
0.6168957468879668
0.6172977178423237
0.615832468879668
0.6168957468879668
0.6162863070539419
0.6171810165975103
0.6167920124481328
0.6174273858921162
0.616390041493776
0.6167142116182572
0.6158973029045643
0.6165715767634855
0.616390041493776
0.6176996887966805
0.6170772821576763
0.6166882780082987
0.6182702282157676
0.6170383817427386
0.618036825726141
0.6176348547717843
0.6193853734439834
0.6175440871369294
0.6178423236514523
0.6184776970954357
0.6185684647302905
0.6179460580912863
0.6203578838174274
0.6181535269709544
0.617984958506224
0.6194113070539419
0.6186073651452282
0.6192038381742738
0.6182572614107884
0.6190352697095436
0.6206690871369295
0.6200596473029045
0.6191260373443983
0.6202541493775934
0.6176607883817428
0.6194761410788382
0.6188796680497926
0.619981846473029
0.6207339211618257
0.6188407676348547
0.6219139004149378
0.6213692946058091
0.6206172199170125
0.6210451244813278
0.6203967842323651
0.6199170124481328
0.6204616182572614
0.6205264522821576
0.6214341286307054
0.6204745850622406
0.6207728215767635
0.6217712655601659
0.6216156639004149
0.6205005186721991
0.621978734439834
0.6210710580912863
0.6204097510373444
0.6201504149377594
0.6223288381742739
0.6218101659751037
0.6215897302904564
0.6229253112033195
0.6219398340248963
0.6234050829875518
0.6225881742738589
0.6225103734439834
0.6223158713692946
0.623106846473029
0.6230420124481327
0.6222121369294605
0.6242608921161825
0.6243127593360995
0.6237033195020747
0.6246887966804979
0.6239885892116183
0.6236773858921162
0.6239496887966804
0.6241571576763485
0.6227826763485477
0.6232494813278008
0.6234828838174273
0.6235606846473029
0.6238978215767634
0.6246239626556016
0.624792531120332
0.6235477178423237
0.6233402489626556
0.6244164937759336
0.625661307053942
0.6247795643153526
0.6243646265560165
0.6249870331950207
0.6255316390041494
0.6239496887966804
0.6251685684647303
0.6248832987551867
0.6250389004149378
0.6252982365145229
0.6250648340248963
0.6262318464730291
0.6263355809128631
0.6260373443983402
0.6250648340248963
0.6256224066390041
0.6270746887966805
0.6260762448132781
0.6261021784232366
0.6261799792531121
0.6271135892116183
0.6267764522821577
0.626945020746888
0.6263485477178423
0.627761929460581
0.6272302904564315
0.6271913900414938
0.6252593360995851
0.6261021784232366
0.6266597510373444
0.6282417012448133
0.6275025933609959
0.627917531120332
0.6268412863070539
0.6275674273858921
0.627917531120332
0.6281768672199171
0.6280342323651452
0.6282417012448133
0.6289937759336099
0.6287085062240664
0.6290067427385893
0.6283065352697096
0.6276711618257261
0.6283324688796681
0.6264393153526971
0.6301089211618257
0.6287733402489627
0.6289289419087137
0.6282806016597511
0.6287214730290457
0.629304979253112
0.6298755186721992
0.6297199170124481
0.629304979253112
0.6288770746887967
0.629460580912863
0.6300311203319502
0.6276063278008299
0.6292920124481328
0.6308220954356847
0.6316908713692946
0.630121887966805
0.6297977178423236
0.6293438796680498
0.6309258298755187
0.6302515560165975
0.6318853734439834
0.6305757261410788
0.6320409751037345
0.6311203319502074
0.6317168049792531
0.6295643153526971
0.630277489626556
0.6307442946058092
0.6317168049792531
0.6320020746887967
0.6306924273858922
0.631146265560166
0.6321058091286307
0.6328319502074689
0.6325207468879668
0.6313407676348548
0.6328449170124482
0.6315741701244814
0.632170643153527
0.6324948132780083
0.63125
0.6328449170124482
0.6325077800829876
0.6316001037344399
0.6321317427385892
0.6330783195020747
0.6332728215767635
0.6336229253112033
0.634063796680498
0.6329356846473029
0.6330523858921162
0.633402489626556
0.6337266597510374
0.6329486514522822
0.6342064315352697
0.6339081950207469
0.632274377593361
0.634323132780083
0.6326633817427386
0.6347121369294606
0.6335969917012448
0.6346084024896266
0.6350752074688797
0.633350622406639
0.6339989626556016
0.6341026970954357
0.6338952282157676
0.633454356846473
0.6349585062240664
0.6351789419087137
0.6350363070539419
0.6352826763485477
0.6346213692946058
0.6337655601659751
0.6355160788381743
0.6359569502074689
0.6360217842323651
0.6356976141078838
0.6354382780082988
0.6366571576763486
0.6373832987551867
0.6358402489626556
0.636268153526971
0.6372406639004149
0.6368905601659751
0.6357754149377594
0.6373184647302904
0.6370980290456432
0.6349844398340249
0.6364885892116182
0.6361514522821576
0.6373054979253112
0.6368257261410788
0.6367349585062241
0.6375
0.6374221991701244
0.6356327800829875
0.6383947095435685
0.637655601659751
0.6383428423236515
0.6372406639004149
0.6374610995850623
0.6383298755186722
0.6377334024896265
0.6397691908713693
0.6388485477178423
0.6387448132780082
0.6382650414937759
0.6386151452282157
0.6379279045643154
0.6384336099585062
0.6394579875518672
0.638472510373444
0.6389393153526971
0.6395357883817427
0.6396135892116183
0.6398729253112033
0.6377204356846473
0.6394190871369294
0.6401711618257261
0.6392116182572614
0.6390041493775933
0.6393412863070539
0.6393412863070539
0.6403008298755186
0.6407546680497925
0.6394839211618257
0.6399766597510373
0.6404953319502075
0.641286307053942
0.6404304979253111
0.6406379668049793
0.6408843360995851
0.6405601659751037
0.6410529045643154
0.6405082987551867
0.6408843360995851
0.6408065352697095
0.6421291493775934
0.6411696058091286
0.6401452282157676
0.6420124481327801
0.6402359958506224
0.6408195020746889
0.6412085062240664
0.6419087136929461
0.6426996887966805
0.6415067427385892
0.6418438796680498
0.6420643153526971
0.6423495850622407
0.6414159751037345
0.6429201244813278
0.6431146265560166
0.6423495850622407
0.6422717842323652
0.6420254149377593
0.6431405601659751
0.6426996887966805
0.6434776970954357
0.6431535269709544
0.643542531120332
0.6439056016597511
0.6439445020746888
0.6432442946058091
0.6439834024896266
0.6431405601659751
0.6435295643153527
0.6447095435684648
0.6441519709543568
0.6453838174273859
0.6442168049792532
0.6441908713692946
0.6439185684647303
0.6445928423236514
0.6441649377593361
0.6440741701244813
0.6431275933609959
0.6441390041493776
0.6437370331950207
0.6457079875518672
0.6443335062240664
0.645033713692946
0.6442946058091287
0.6451893153526971
0.6459154564315353
0.6442686721991702
0.644981846473029
0.6448651452282158
0.6462007261410788
0.6457079875518672
0.645695020746888
0.6461877593360996
0.6464730290456432
0.6467971991701245
0.6456561203319502
0.6460321576763486
0.6467453319502074
0.6462266597510373
0.6470565352697095
0.6472380705394191
0.6452671161825726
0.6473807053941909
0.6463563278008299
0.6462914937759336
0.6482883817427386
0.6458376556016597
0.6458117219917012
0.6460840248962656
0.6468620331950208
0.6467582987551868
0.6474844398340249
0.6472121369294606
0.6484958506224067
0.6480290456431536
0.6488070539419087
0.6485606846473029
0.6488329875518672
0.6478864107883817
0.6498184647302905
0.6476270746887967
0.6476530082987552
0.6475103734439834
0.6478215767634855
0.6474844398340249
0.6488978215767635
0.6485088174273859
0.6487292531120332
0.6510503112033195
0.6487162863070539
0.649027489626556
0.6485217842323652
0.6502593360995851
0.6498184647302905
0.6500648340248962
0.6496628630705394
0.6493386929460581
0.6502204356846473
0.6492479253112033
0.6496239626556016
0.6520876556016597
0.6502204356846473
0.6498184647302905
0.6518542531120332
0.651076244813278
0.6495720954356846
0.6513744813278008
0.6508169087136929
0.6508687759336099
0.6498184647302905
0.6505835062240664
0.6505057053941908
0.6512577800829875
0.6508169087136929
0.651335580912863
0.6521135892116182
0.6524896265560166
0.6513096473029045
0.6524766597510373
0.6521395228215767
0.6515819502074689
0.6507131742738589
0.6515300829875519
0.6515949170124481
0.6517116182572614
0.6520617219917012
0.6527230290456432
0.6526970954356847
0.6525544605809128
0.6536436721991701
0.6523858921161826
0.651945020746888
0.6519190871369295
0.6513744813278008
0.6517764522821576
0.6529953319502074
0.6528397302904564
0.6517764522821576
0.6525544605809128
0.6520876556016597
0.6537214730290456
0.6533713692946058
0.6550181535269709
0.6542401452282157
0.6552904564315353
0.6539159751037344
0.6540067427385892
0.6543827800829876
0.6525155601659751
0.6546680497925311
0.6548495850622407
0.6551867219917012
0.6540715767634855
0.6550181535269709
0.6538641078838174
0.6545124481327801
0.6549792531120332
0.655277489626556
0.657015041493776
0.6550570539419087
0.6565352697095436
0.657015041493776
0.6553682572614108
0.6560814315352697
0.656198132780083
0.6547458506224066
0.6553034232365145
0.6571836099585062
0.6554201244813278
0.6564834024896266
0.6565223029045644
0.6574429460580913
0.6568983402489627
0.6573392116182573
0.6567168049792531
0.6574170124481328
0.6568464730290456
0.6574559128630706
0.6575077800829876
0.6573392116182573
0.6568724066390041
0.6580912863070539
0.6568075726141079
0.6586877593360996
0.6578449170124482
0.6573521784232366
0.6561721991701245
0.6575207468879668
0.6576115145228216
0.6573910788381743
0.6584284232365145
0.6567557053941909
0.6574040456431536
0.6594398340248963
0.6576504149377593
0.6584673236514523
0.6587785269709544
0.6576244813278008
0.6584932572614108
0.6600103734439834
0.6589989626556016
0.6578967842323652
0.6576374481327801
0.6584413900414938
0.6600103734439834
0.6602567427385893
0.6595176348547718
0.6596213692946058
0.6594139004149377
0.6594917012448133
0.6595306016597511
0.6608402489626556
0.6598807053941909
0.6590767634854772
0.6599585062240664
0.6603604771784233
0.6603215767634855
0.6601919087136929
0.6596862033195021
0.6614885892116182
0.6609828838174274
0.6605938796680498
0.661475622406639
0.6616830912863071
0.6604901452282158
0.661320020746888
0.6627334024896265
0.6620072614107884
0.6607494813278009
0.6607494813278009
0.6622536307053942
0.6626426348547718
0.662707468879668
0.6616441908713693
0.6609310165975104
0.6612422199170125
0.6630575726141079
0.6606976141078839
0.6610217842323651
0.663524377593361
0.6629668049792531
0.6635373443983402
0.662603734439834
0.6626815352697095
0.6616830912863071
0.662655601659751
0.6628241701244814
0.663628112033195
0.6637448132780083
0.6646913900414938
0.6640041493775933
0.6626426348547718
0.6634854771784232
0.6643023858921162
0.6645746887966805
0.663576244813278
0.6636929460580913
0.6631094398340249
0.662603734439834
0.6646913900414938
0.6645228215767635
0.6634336099585062
0.6639911825726141
0.6645228215767635
0.6650414937759336
0.6661307053941908
0.6638874481327801
0.6640560165975103
0.66475622406639
0.6650674273858921
0.6650155601659751
0.6653267634854771
0.6659102697095436
0.6660529045643153
0.663524377593361
0.6664030082987552
0.6647173236514523
0.6651970954356846
0.6661825726141078
0.6651063278008299
0.6665845435684647
0.6674014522821576
0.6659102697095436
0.666649377593361
0.6657417012448132
0.6658324688796681
0.6668957468879668
0.6656379668049792
0.6661177385892116
0.6674273858921161
0.6679590248962656
0.6680627593360996
0.6660658713692946
0.6677515560165975
0.6678423236514522
0.6668827800829875
0.6674792531120332
0.6683220954356847
0.6669735477178423
0.6672588174273859
0.6680108921161826
0.6680497925311203
0.6686981327800829
0.6693335062240664
0.669009336099585
0.6686721991701244
0.6678423236514522
0.6683220954356847
0.6675440871369295
0.6687370331950208
0.6693335062240664
0.6686981327800829
0.6677126556016597
0.6684128630705394
0.6688796680497925
0.6686462655601659
0.6685943983402489
0.6692038381742739
0.6693594398340249
0.6692946058091286
0.6681016597510373
0.6682831950207468
0.6690741701244813
0.6703319502074688
0.6700726141078838
0.6706690871369294
0.6686721991701244
0.6706561203319502
0.669981846473029
0.6697873443983402
0.6701504149377593
0.670954356846473
0.6702541493775933
0.6695409751037344
0.670902489626556
0.6713952282157676
0.670954356846473
0.6700207468879668
0.6704227178423237
0.671213692946058
0.6703838174273858
0.6706820539419087
0.6710191908713693
0.6731716804979253
0.6714341286307054
0.6719139004149378
0.6713433609958506
0.6710969917012448
0.671875
0.6704486514522822
0.6713044605809129
0.6712525933609959
0.6714600622406639
0.6723418049792531
0.6726270746887967
0.672640041493776
0.6732105809128631
0.6724066390041494
0.6715378630705394
0.6723936721991701
0.6734958506224067
0.6736903526970954
0.6729382780082988
0.672484439834025
0.6736644190871369
0.6745980290456431
0.6733143153526971
0.6736644190871369
0.6734958506224067
0.674027489626556
0.6739107883817428
0.6735866182572614
0.6733272821576763
0.6739367219917013
0.6734569502074689
0.6732624481327801
0.6748832987551867
0.6742608921161826
0.6734569502074689
0.6746628630705395
0.6735995850622407
0.6737422199170124
0.6749221991701245
0.6745720954356846
0.6734050829875519
0.6740663900414938
0.6747665975103735
0.6758817427385893
0.6738459543568465
0.6752074688796681
0.674636929460581
0.6743257261410789
0.6744683609958506
0.6757131742738589
0.6752074688796681
0.6764133817427386
0.6758428423236514
0.6748832987551867
0.6755316390041494
0.6763615145228216
0.6766597510373444
0.6746628630705395
0.6752593360995851
0.6774636929460581
0.6767505186721992
0.6755835062240664
0.6771784232365146
0.6765430497925311
0.6776711618257262
0.6772432572614108
0.677152489626556
0.6784232365145229
0.677100622406639
0.677152489626556
0.678384336099585
0.6765689834024896
0.6780990663900415
0.6785269709543569
0.6786177385892116
0.6779045643153527
0.6780860995850623
0.6783195020746888
0.6774896265560166
0.6776841286307054
0.6783973029045643
0.6779175311203319
0.6784232365145229
0.6771395228215767
0.6786177385892116
0.6776063278008299
0.6791364107883817
0.6783454356846473
0.6797069502074689
0.6792790456431536
0.6787344398340249
0.679097510373444
0.6794735477178423
0.6795124481327801
0.6782028008298755
0.6789548755186722
0.6797847510373444
0.6794865145228216
0.67899377593361
0.6794735477178423
0.6805627593360996
0.6792660788381742
0.6801478215767635
0.680277489626556
0.6800700207468879
0.6790586099585062
0.6796810165975103
0.680433091286307
0.6800440871369294
0.6803941908713693
0.6799273858921162
0.680225622406639
0.68038122406639
0.6806275933609959
0.6808869294605809
0.6811073651452282
0.681042531120332
0.6800700207468879
0.6818464730290457
0.6817038381742738
0.680938796680498
0.6815223029045643
0.6812629668049792
0.6813796680497926
0.6820020746887967
0.6826504149377594
0.6816390041493776
0.6817816390041493
0.6816390041493776
0.6818983402489627
0.6823910788381743
0.6825466804979253
0.6816779045643153
0.6833635892116182
0.6831561203319502
0.6825985477178423
0.6821576763485477
0.6830134854771784
0.6831042531120332
0.6835062240663901
0.6813278008298755
0.6826763485477179
0.684426867219917
0.6828319502074689
0.6829875518672199
0.6829616182572614
0.6847640041493775
0.6837655601659751
0.684478734439834
0.6842193983402489
0.6833246887966805
0.6831172199170125
0.6839341286307054
0.6848418049792531
0.6835840248962656
0.6847251037344398
0.6844657676348548
0.6837785269709543
0.6842582987551867
0.6850233402489626
0.6856976141078838
0.6845435684647303
0.6848677385892116
0.6857235477178423
0.6852308091286307
0.6852178423236515
0.6851659751037344
0.6861125518672199
0.686734958506224
0.6848418049792531
0.6852308091286307
0.6859050829875518
0.6853345435684647
0.6867479253112033
0.6865145228215768
0.6862940871369294
0.6866571576763485
0.6863329875518672
0.685606846473029
0.6870202282157676
0.6864367219917012
0.6863459543568464
0.6859699170124481
0.6875389004149378
0.686734958506224
0.6871498962655601
0.6859180497925311
0.6862162863070539
0.6866182572614108
0.6871109958506224
0.686786825726141
0.6866571576763485
0.686527489626556
0.6869553941908714
0.6881483402489627
0.6885503112033196
0.6874870331950207
0.6871498962655601
0.6872665975103734
0.687655601659751
0.6878112033195021
0.6869035269709544
0.6879927385892116
0.6874351659751037
0.6862292531120332
0.6879927385892116
0.6884465767634855
0.6879927385892116
0.6885503112033196
0.688524377593361
0.6878501037344399
0.6883817427385892
0.6889782157676348
0.6891597510373444
0.6886410788381743
0.6901711618257261
0.6891467842323652
0.6892375518672199
0.6893153526970954
0.690261929460581
0.6901322614107884
0.6895746887966805
0.6898210580912864
0.6900155601659751
0.6901581950207469
0.6904045643153527
0.6888096473029046
0.6900414937759336
0.6904434647302905
0.690313796680498
0.6903397302904565
0.6908324688796681
0.6900285269709544
0.6903526970954357
0.6894579875518673
0.6898599585062241
0.6899636929460581
0.6915586099585063
0.6904564315352697
0.6902359958506225
0.6913122406639004
0.690625
0.6909880705394191
0.6920902489626556
0.6916234439834025
0.6910140041493776
0.6912085062240664
0.6909751037344398
0.691960580912863
0.6905990663900415
0.6915197095435685
0.6923755186721992
0.692725622406639
0.6922328838174274
0.6910918049792532
0.6917790456431535
0.6921939834024896
0.6920772821576764
0.6918827800829875
0.6936332987551868
0.691960580912863
0.692777489626556
0.6929590248962656
0.6929849585062241
0.6922717842323651
0.6926867219917012
0.6934387966804979
0.6941519709543569
0.6930886929460581
0.6926478215767635
0.6932702282157677
0.6935036307053942
0.6943724066390041
0.6926089211618257
0.6928941908713693
0.6932572614107884
0.6927515560165975
0.6937759336099585
0.69375
0.6934258298755187
0.6939445020746888
0.6939315352697095
0.6939315352697095
0.6940741701244814
0.6942557053941909
0.6951504149377593
0.6945539419087137
0.6949429460580913
0.6942038381742739
0.6945539419087137
0.6948132780082987
0.694566908713693
0.6938796680497925
0.6938796680497925
0.6950726141078838
0.6949429460580913
0.6956042531120332
0.6955912863070539
0.6950466804979253
0.6956950207468879
0.695798755186722
0.6959413900414938
0.6956950207468879
0.6958765560165975
0.6947095435684647
0.6955783195020747
0.6955523858921162
0.6956690871369294
0.6950985477178423
0.6964081950207469
0.6965119294605809
0.6963952282157676
0.696161825726141
0.6966286307053942
0.6971084024896266
0.6964211618257261
0.6970435684647303
0.6961488589211619
0.6963822614107884
0.6964211618257261
0.696563796680498
0.6964211618257261
0.695850622406639
0.6963563278008299
0.6965119294605809
0.6967582987551867
0.697951244813278
0.6977437759336099
0.6975103734439834
0.6981976141078838
0.6986514522821576
0.6975881742738589
0.6979382780082988
0.6977697095435684
0.6982235477178423
0.6980420124481328
0.698106846473029
0.6975881742738589
0.6991441908713693
0.6977826763485477
0.6988070539419087
0.6986384854771784
0.6981846473029045
0.6969398340248962
0.6976789419087137
0.6989496887966805
0.6985606846473029
0.6992219917012448
0.6992349585062241
0.6984958506224066
0.6988459543568465
0.6985736514522821
0.6983921161825726
0.6997925311203319
0.698975622406639
0.6993516597510373
0.6985477178423236
0.6985217842323651
0.7001945020746888
0.6995331950207468
0.700207468879668
0.700920643153527
0.6996758298755187
0.6994164937759336
0.7000648340248963
0.7007002074688796
0.7001945020746888
0.7000907676348548
0.7006353734439834
0.700207468879668
0.6997147302904564
0.6998443983402489
0.7009076763485477
0.7004668049792531
0.7005316390041494
0.701076244813278
0.7007131742738589
0.7015041493775933
0.7012059128630705
0.7014133817427386
0.7018801867219917
0.7012966804979253
0.7013615145228216
0.7007780082987551
0.7027748962655601
0.7022302904564315
0.701231846473029
0.7012707468879668
0.7017505186721992
0.7006353734439834
0.7028915975103734
0.7021395228215768
0.7018023858921162
0.7007909751037344
0.7023210580912863
0.7017505186721992
0.7014782157676348
0.7018672199170124
0.702515560165975
0.7032676348547718
0.7037214730290456
0.7018412863070539
0.7029045643153526
0.7033065352697095
0.7023729253112033
0.703021265560166
0.7027230290456431
0.7028656639004149
0.7030471991701245
0.7026841286307054
0.703838174273859
0.7026063278008299
0.7030471991701245
0.7035399377593361
0.7041234439834025
0.7044476141078838
0.7028786307053941
0.7043438796680498
0.7043957468879668
0.7046032157676348
0.7046032157676348
0.7035269709543569
0.7052385892116183
0.705173755186722
0.7047328838174274
0.7050051867219918
0.7044346473029046
0.7049403526970954
0.7053552904564315
0.7048106846473029
0.7053552904564315
0.7049273858921162
0.705070020746888
0.7056405601659751
0.7057313278008299
0.705121887966805
0.7056924273858921
0.705121887966805
0.7042531120331951
0.7052126556016598
0.705938796680498
0.7050440871369295
0.7055108921161826
0.7056794605809129
0.7048106846473029
0.7063148340248963
0.7062759336099586
0.7073651452282158
0.7070150414937759
0.7062110995850622
0.7051348547717843
0.7061073651452282
0.7068594398340249
0.7064056016597511
0.705990663900415
0.7063926348547718
0.7075207468879668
0.7070150414937759
0.7079616182572614
0.7065482365145228
0.707222510373444
0.7068205394190872
0.7071058091286307
0.7077411825726141
0.7084284232365146
0.7071058091286307
0.7074948132780083
0.708195020746888
0.7082339211618257
0.7070020746887967
0.7086099585062241
0.7085710580912863
0.7081042531120332
0.7070539419087137
0.7073651452282158
0.707222510373444
0.7082079875518672
0.7074559128630705
0.7075726141078839
0.7086099585062241
0.7091415975103734
0.709323132780083
0.707481846473029
0.7088303941908713
0.7079745850622406
0.7082209543568465
0.7092842323651453
0.7092971991701245
0.7087914937759336
0.7086618257261411
0.7096084024896265
0.7081820539419087
0.7098029045643154
0.7085969917012448
0.7099714730290456
0.7094917012448133
0.7092453319502074
0.7098677385892116
0.7094657676348548
0.7095954356846473
0.7087914937759336
0.7093879668049793
0.7098029045643154
0.7096213692946058
0.7101270746887967
0.7100622406639004
0.7099714730290456
0.7099714730290456
0.7105160788381742
0.7101659751037345
0.7104901452282157
0.7093879668049793
0.7101011410788381
0.7108402489626556
0.7096473029045643
0.7107494813278008
0.7113459543568464
0.7101141078838175
0.7116441908713693
0.711423755186722
0.711423755186722
0.7111514522821577
0.7113848547717843
0.7097121369294606
0.709375
0.711683091286307
0.7113459543568464
0.710295643153527
0.7108272821576763
0.7119942946058091
0.7108532157676348
0.7109310165975103
0.7111384854771784
0.7119035269709544
0.7112292531120332
0.7123832987551867
0.7127723029045643
0.7123703319502075
0.7114107883817428
0.7125907676348547
0.7125907676348547
0.7119164937759336
0.7120591286307054
0.712344398340249
0.7120850622406639
0.7126815352697096
0.7130186721991701
0.713731846473029
0.7132650414937759
0.7129149377593361
0.7130575726141078
0.713783713692946
0.7132520746887967
0.7133817427385892
0.7129538381742738
0.7138744813278008
0.7133039419087137
0.7133817427385892
0.7135373443983403
0.7135114107883818
0.7129927385892116
0.7137707468879668
0.713628112033195
0.7134595435684647
0.714445020746888
0.7143023858921161
0.714289419087137
0.7151970954356847
0.714548755186722
0.7145098547717842
0.7153397302904564
0.7150155601659751
0.7144839211618257
0.714445020746888
0.7153526970954357
0.7151841286307054
0.7141597510373444
0.7148210580912863
0.7156379668049793
0.7161566390041494
0.7153008298755187
0.7150285269709543
0.7151581950207468
0.7163511410788381
0.7150285269709543
0.7154953319502074
0.7146784232365145
0.7164159751037344
0.7165197095435685
0.7155212655601659
0.7161047717842324
0.7161436721991701
0.7152100622406639
0.7158973029045643
0.7169346473029046
0.7151841286307054
0.7167401452282157
0.7167790456431535
0.7162733402489626
0.7168957468879668
0.7163511410788381
0.7167660788381742
0.7171939834024896
0.7172717842323652
0.7166753112033195
0.7164808091286307
0.7166753112033195
0.7166753112033195
0.7166882780082987
0.7171680497925311
0.7171161825726141
0.718036825726141
0.7173495850622407
0.7173236514522822
0.7173366182572614
0.7180108921161825
0.7183609958506224
0.7184258298755186
0.7185036307053941
0.7179979253112033
0.7183609958506224
0.7183869294605809
0.7183869294605809
0.7178163900414938
0.7199818464730291
0.7178423236514523
0.7181146265560165
0.7190612033195021
0.7189185684647303
0.7183998962655601
0.7185295643153526
0.7186592323651452
0.7181275933609959
0.7178423236514523
0.718957468879668
0.7192557053941909
0.7193464730290456
0.719359439834025
0.7183869294605809
0.7196836099585062
0.7181535269709544
0.7195020746887967
0.7194761410788382
0.7198651452282158
0.7193724066390041
0.7193075726141079
0.719774377593361
0.7201633817427386
0.719411307053942
0.7201374481327801
0.7207209543568465
0.7194372406639005
0.7210321576763485
0.7191390041493776
0.7198521784232366
0.7201504149377593
0.7200077800829876
0.7201374481327801
0.7204486514522822
0.7207339211618258
0.7205523858921162
0.7207339211618258
0.7207079875518673
0.720746887966805
0.720695020746888
0.7204616182572614
0.7201893153526971
0.7209284232365145
0.7220176348547718
0.7208635892116183
0.7217582987551867
0.7222640041493776
0.7221343360995851
0.7227437759336099
0.7220565352697096
0.7222121369294606
0.7219268672199171
0.7219528008298756
0.7219009336099586
0.7213174273858921
0.7223158713692946
0.7216934647302905
0.7221602697095436
0.7219398340248963
0.7219268672199171
0.7229253112033195
0.7225752074688797
0.7230679460580913
0.7217582987551867
0.7220046680497926
0.7232883817427386
0.7216415975103735
0.7233143153526971
0.7231846473029045
0.7223547717842324
0.721719398340249
0.7235866182572614
0.7224325726141079
0.7237292531120332
0.7223547717842324
0.7234180497925311
0.7229771784232365
0.7233402489626556
0.7235217842323651
0.723003112033195
0.7236773858921162
0.72361255186722
0.7246628630705394
0.7236514522821577
0.72361255186722
0.7245980290456432
0.7245980290456432
0.7237033195020747
0.7232365145228216
0.7242868257261411
0.7231198132780083
0.7240015560165975
0.7246758298755187
0.7240793568464731
0.7244942946058092
0.7248832987551868
0.7250389004149378
0.7247795643153527
0.7248054979253112
0.7250778008298755
0.7240404564315353
0.7250129668049793
0.7237551867219917
0.724948132780083
0.7246369294605809
0.7255705394190871
0.7255316390041494
0.7257780082987552
0.7261670124481328
0.7261021784232365
0.7255705394190871
0.7251815352697095
0.7263096473029046
0.7256483402489626
0.7261410788381742
0.7261670124481328
0.7253760373443984
0.72586877593361
0.7257780082987552
0.72586877593361
0.7256613070539419
0.7259076763485477
0.7272951244813278
0.7254538381742739
0.727411825726141
0.7268931535269709
0.727152489626556
0.7261670124481328
0.7267894190871369
0.7266208506224067
0.7267764522821577
0.7277878630705394
0.7275544605809129
0.7267245850622407
0.7261670124481328
0.7266467842323652
0.7263485477178423
0.7269579875518672
0.7268412863070539
0.7275544605809129
0.7274507261410789
0.7271654564315353
0.7285399377593361
0.7269190871369294
0.7280342323651452
0.727152489626556
0.7273858921161825
0.727411825726141
0.7279564315352697
0.7275025933609959
0.7289937759336099
0.7276581950207469
0.728073132780083
0.7278267634854771
0.7281379668049792
0.7282417012448132
0.7284362033195021
0.7290845435684647
0.7288381742738589
0.727969398340249
0.7292142116182573
0.7287733402489627
0.7287214730290457
0.729149377593361
0.7286955394190872
0.7280471991701245
0.729460580912863
0.7294735477178423
0.729149377593361
0.7294994813278008
0.7280082987551867
0.7300311203319502
0.7295254149377594
0.7295772821576764
0.7300959543568465
0.7288641078838174
0.7296550829875519
0.7288122406639004
0.7301348547717842
0.7300829875518672
0.7304849585062241
0.7304590248962656
0.7304201244813278
0.7301089211618257
0.7305108921161826
0.7292271784232365
0.7302904564315352
0.7311851659751037
0.7303552904564315
0.730121887966805
0.7308350622406639
0.7304330912863071
0.7303552904564315
0.7311981327800829
0.7297977178423236
0.7305886929460581
0.7313407676348548
0.7312370331950208
0.7314185684647303
0.7310554979253112
0.7304330912863071
0.7317686721991701
0.7320539419087136
0.7309517634854772
0.731405601659751
0.7314704356846473
0.7316260373443984
0.7313278008298755
0.7306275933609958
0.7312110995850623
0.7322614107883817
0.7320928423236515
0.7318853734439834
0.7323910788381742
0.7316908713692946
0.73211877593361
0.7326763485477178
0.7323003112033195
0.7317816390041494
0.7318075726141079
0.7319372406639004
0.7317816390041494
0.7329745850622407
0.7311851659751037
0.7320150414937759
0.732326244813278
0.7325077800829876
0.7331820539419087
0.73350622406639
0.7331561203319502
0.7316908713692946
0.7325466804979253
0.7325726141078838
0.7328967842323652
0.73350622406639
0.7328189834024896
0.7332598547717842
0.7331431535269709
0.7322873443983402
0.7333765560165975
0.7332987551867219
0.733765560165975
0.7333765560165975
0.7331950207468879
0.7332468879668049
0.7341415975103734
0.7335969917012448
0.7335191908713693
0.7338692946058091
0.7340508298755186
0.7340767634854771
0.733350622406639
0.7337007261410788
0.7332857883817427
0.7339211618257261
0.7339859958506224
0.7341156639004149
0.7345954356846474
0.7346084024896266
0.7340119294605809
0.7344139004149378
0.7336229253112033
0.734375
0.7342064315352697
0.7350492738589212
0.7352048755186722
0.7347380705394191
0.7344528008298755
0.7347251037344399
0.7350103734439835
0.7344139004149378
0.735036307053942
0.7360995850622407
0.7352048755186722
0.7356587136929461
0.734984439834025
0.734984439834025
0.7356587136929461
0.7361644190871369
0.7354771784232366
0.7352567427385892
0.736320020746888
0.7359310165975104
0.7352178423236515
0.7352308091286307
0.7359050829875519
0.7361903526970954
0.7356198132780083
0.7360736514522822
0.7359699170124482
0.7359699170124482
0.7366571576763485
0.7362033195020747
0.7361514522821577
0.7361644190871369
0.7360347510373444
0.7361514522821577
0.7367868257261411
0.7356716804979253
0.7372147302904565
0.7354253112033196
0.7357754149377593
0.7363459543568465
0.7371109958506225
0.7371628630705395
0.7369942946058091
0.7370461618257261
0.7359180497925312
0.7377334024896266
0.7375
0.7358143153526971
0.737344398340249
0.7382131742738589
0.7372276970954357
0.7376167012448133
0.7378890041493776
0.7372017634854772
0.737085062240664
0.7383169087136929
0.7375518672199171
0.7379149377593361
0.7376426348547718
0.7383817427385893
0.7379927385892117
0.738679979253112
0.7376037344398341
0.7369813278008299
0.7380835062240664
0.7375648340248963
0.7378371369294606
0.7387188796680498
0.7381224066390042
0.7385503112033195
0.7381483402489627
0.7383687759336099
0.7377334024896266
0.7381613070539419
0.7386410788381743
0.7381742738589212
0.7382909751037344
0.7390430497925311
0.7388485477178424
0.7386929460580913
0.738576244813278
0.739341286307054
0.7389782157676349
0.7391727178423236
0.7394190871369295
0.739393153526971
0.7389263485477179
0.7387707468879668
0.7387448132780083
0.739548755186722
0.7398469917012448
0.7399766597510373
0.7395098547717842
0.7393672199170125
0.7394579875518672
0.7402230290456432
0.7404953319502074
0.7405082987551868
0.7402619294605809
0.7398599585062241
0.7386540456431535
0.7398340248962656
0.7400285269709543
0.7403397302904564
0.7403915975103734
0.7399118257261411
0.7400414937759336
0.740832468879668
0.7400803941908713
0.7401711618257262
0.7411825726141079
0.7408584024896265
0.7398988589211618
0.7416104771784232
0.7393542531120332
0.7404434647302904
0.7410010373443984
0.7403786307053942
0.7412344398340249
0.7415067427385892
0.7416882780082987
0.7411307053941909
0.7411825726141079
0.7405471991701245
0.7404823651452282
0.7416104771784232
0.7417920124481328
0.7407417012448133
0.7411955394190871
0.7407935684647303
0.7420513485477178
0.7420643153526971
0.7422328838174274
0.7422847510373444
0.7416623443983402
0.74288122406639
0.7414678423236515
0.7422847510373444
0.7422328838174274
0.7419216804979253
0.7420643153526971
0.7417920124481328
0.7420902489626556
0.7415715767634855
0.7424403526970954
0.7423884854771784
0.7418957468879668
0.7423495850622407
0.7422328838174274
0.7428034232365145
0.7427385892116183
0.7435036307053942
0.7431016597510374
0.7412603734439834
0.7430627593360996
0.7435165975103735
0.7426348547717843
0.7428163900414938
0.7431535269709544
0.7431016597510374
0.743438796680498
0.7433091286307054
0.7427904564315353
0.7445798755186722
0.7439056016597511
0.7435036307053942
0.7433869294605809
0.7427645228215768
0.7439056016597511
0.7430757261410789
0.7433998962655601
0.7437370331950207
0.7437629668049792
0.7441779045643153
0.7432961618257261
0.7442816390041493
0.7437889004149377
0.7452541493775934
0.7442168049792531
0.7440871369294606
0.743698132780083
0.7432961618257261
0.743801867219917
0.7443853734439834
0.7450985477178423
0.7456042531120332
0.7454356846473029
0.7441908713692946
0.7440871369294606
0.7445409751037344
0.7456042531120332
0.7446317427385892
0.745591286307054
0.7453578838174274
0.744722510373444
0.7450726141078838
0.7440741701244813
0.7452671161825726
0.7446187759336099
0.7448392116182573
0.745033713692946
0.7447873443983403
0.7448910788381743
0.7451893153526971
0.745902489626556
0.7451763485477179
0.745591286307054
0.744981846473029
0.7457209543568465
0.7452671161825726
0.7457209543568465
0.7451115145228215
0.745746887966805
0.7453967842323651
0.7457209543568465
0.745850622406639
0.7458117219917012
0.7450985477178423
0.7456172199170125
0.7466934647302904
0.7465637966804979
0.747030601659751
0.7464600622406639
0.7471084024896265
0.7453319502074689
0.7463822614107883
0.7459932572614107
0.7467712655601659
0.7460969917012448
0.7464470954356847
0.7468360995850623
0.7467193983402489
0.7466286307053942
0.7467453319502074
0.747186203319502
0.745695020746888
0.7465378630705394
0.7467582987551867
0.7464081950207468
0.747082468879668
0.7467971991701244
0.7475622406639004
0.7472251037344398
0.7466026970954357
0.7465119294605809
0.7475881742738589
0.7486773858921162
0.7481587136929461
0.748003112033195
0.7473547717842324
0.7471213692946058
0.7483921161825726
0.7472640041493775
0.7472640041493775
0.7483013485477178
0.7474714730290456
0.7488200207468879
0.7475622406639004
0.7473029045643154
0.7492608921161825
0.7486125518672199
0.7480809128630705
0.7479253112033195
0.7482494813278008
0.7488200207468879
0.7491052904564315
0.7483402489626556
0.7481327800829876
0.7487681535269709
0.7483402489626556
0.749286825726141
0.7493775933609959
0.7484569502074688
0.7484828838174273
0.7481587136929461
0.7488459543568464
0.7494813278008299
0.7487551867219917
0.7488589211618257
0.750051867219917
0.749234958506224
0.7489496887966804
0.749338692946058
0.7497147302904564
0.7491052904564315
0.7496887966804979
0.7496758298755186
0.7495591286307054
0.749792531120332
0.749390560165975
0.7500389004149378
0.7497795643153526
0.7495461618257261
0.7496498962655601
0.7492738589211618
0.7502334024896266
0.7492090248962655
0.7495720954356846
0.750765041493776
0.7491701244813278
0.751024377593361
0.7501426348547718
0.7500907676348548
0.7501685684647303
0.7507391078838175
0.7500389004149378
0.7510114107883817
0.7502593360995851
0.7505057053941909
0.7506483402489627
0.7501815352697095
0.749338692946058
0.7504149377593361
0.7510632780082988
0.7503241701244814
0.7499610995850622
0.7504668049792531
0.7514263485477178
0.7516467842323652
0.7503630705394191
0.750155601659751
0.7512577800829876
0.7509984439834025
0.750816908713693
0.7514004149377593
0.7511281120331951
0.7510632780082988
0.7511021784232366
0.7514133817427386
0.7517116182572614
0.7514393153526971
0.7514004149377593
0.7508428423236515
0.7512448132780083
0.7501685684647303
0.7522173236514523
0.7523858921161826
0.7513874481327801
0.7524247925311204
0.7517634854771784
0.752048755186722
0.7515171161825727
0.7511670124481328
0.7528526970954357
0.7514393153526971
0.751945020746888
0.7513874481327801
0.7528786307053942
0.7524896265560166
0.7521395228215768
0.75225622406639
0.7522432572614108
0.7530601659751037
0.7517505186721992
0.7526322614107884
0.7516338174273859
0.7522302904564315
0.7523729253112034
0.7524636929460581
0.7527489626556016
0.7535140041493776
0.7529045643153527
0.7529434647302905
0.7534621369294606
0.7532287344398341
0.7521135892116183
0.7533324688796681
0.7530860995850622
0.7521135892116183
0.7534751037344398
0.7537992738589212
0.7526452282157676
0.7530082987551867
0.7542142116182573
0.7538770746887967
0.7526581950207469
0.7528397302904565
0.752969398340249
0.753073132780083
0.7539289419087137
0.7532028008298756
0.7526063278008299
0.7538122406639004
0.7534880705394191
0.7533713692946058
0.7534491701244813
0.7544216804979254
0.7538770746887967
0.7534102697095436
0.7537863070539419
0.7533454356846473
0.7538900414937759
0.7532028008298756
0.753073132780083
0.7539419087136929
0.754201244813278
0.7540715767634855
0.7543309128630705
0.7546161825726141
0.7542142116182573
0.7538770746887967
0.7546550829875519
0.754201244813278
0.7549792531120332
0.7534621369294606
0.7545254149377594
0.7546939834024896
0.7538900414937759
0.7550311203319502
0.7552126556016597
0.7547328838174274
0.7548755186721992
0.7551348547717842
0.7553682572614108
0.7557572614107884
0.7553552904564316
0.7549922199170125
0.7556016597510373
0.7546550829875519
0.7561073651452282
0.7553163900414938
0.7554979253112033
0.7549922199170125
0.7553293568464731
0.7552385892116182
0.7560036307053942
0.7551607883817427
0.7558480290456432
0.7545772821576764
0.7562629668049793
0.755070020746888
0.7556275933609958
0.7560554979253112
0.7555108921161826
0.7560684647302904
0.756405601659751
0.7570539419087137
0.7563278008298755
0.7567816390041494
0.7557442946058092
0.7564963692946058
0.7560814315352697
0.7556794605809128
0.7558091286307054
0.7558220954356847
0.7562759336099585
0.756963174273859
0.7567946058091286
0.7562889004149378
0.7557572614107884
0.7565352697095435
0.7571836099585062
0.7568335062240664
0.7566260373443984
0.7564185684647303
0.7561203319502074
0.7566260373443984
0.7566779045643154
0.7574948132780083
0.7569891078838175
0.757274377593361
0.7569891078838175
0.7567557053941909
0.7575337136929461
0.7566519709543569
0.7566390041493776
0.7566390041493776
0.7572095435684647
0.7572614107883817
0.757378112033195
0.7580912863070539
0.7582339211618258
0.7574429460580913
0.7580264522821577
0.7579745850622407
0.7567427385892116
0.7571058091286307
0.7578578838174274
0.7578838174273859
0.7579616182572614
0.7575726141078838
0.7578578838174274
0.7582598547717843
0.7581561203319502
0.7576115145228216
0.7582857883817428
0.7585191908713693
0.7575466804979253
0.758350622406639
0.7585321576763485
0.7586358921161825
0.7581561203319502
0.7581431535269709
0.7577022821576763
0.7581042531120332
0.7581431535269709
0.7583635892116183
0.7583376556016598
0.7578319502074689
0.7585710580912863
0.7582857883817428
0.7577282157676348
0.758661825726141
0.7583635892116183
0.7584284232365145
0.7578189834024897
0.7584932572614108
0.7589600622406639
0.7587136929460581
0.7588692946058091
0.7594528008298755
0.7586229253112033
0.7591286307053942
0.7589341286307054
0.7594657676348547
0.759271265560166
0.7597121369294606
0.7580134854771784
0.7595565352697096
0.7589600622406639
0.7591026970954357
0.7596084024896266
0.7589470954356846
0.7595954356846473
0.7602178423236514
0.7590508298755186
0.7599196058091287
0.7594009336099585
0.7590378630705394
0.7601400414937759
0.7588822614107884
0.7597380705394191
0.7592971991701245
0.7596602697095436
0.7595435684647303
0.7595176348547718
0.7593879668049792
0.7603345435684647
0.7599714730290457
0.760503112033195
0.7600492738589212
0.7606198132780083
0.7597899377593361
0.7602178423236514
0.7598158713692946
0.7602308091286307
0.7604253112033195
0.760710580912863
0.7600622406639004
0.7611384854771784
0.7610866182572614
0.7601141078838174
0.7607235477178423
0.7606457468879668
0.7606976141078838
0.7613329875518672
0.7609180497925311
0.7616571576763486
0.7617868257261411
0.7609699170124481
0.7606327800829875
0.7611903526970955
0.7613978215767635
0.7618646265560166
0.760658713692946
0.7604901452282158
0.761579356846473
0.7605160788381743
0.7607494813278008
0.7606457468879668
0.761216286307054
0.7617868257261411
0.7611384854771784
0.7614496887966805
0.7608013485477179
0.7614496887966805
0.7612551867219917
0.7602567427385892
0.7617219917012448
0.7621498962655602
0.7615404564315352
0.7620591286307054
0.7619294605809128
0.7624221991701244
0.7620202282157676
0.7609569502074689
0.7618905601659751
0.7619294605809128
0.7619942946058091
0.761475622406639
0.7617608921161826
0.7617868257261411
0.7621628630705394
0.7618775933609958
0.7617997925311203
0.7622276970954357
0.7617868257261411
0.7621628630705394
0.7613329875518672
0.7616312240663901
0.7626815352697095
0.762655601659751
0.7633298755186722
0.7624610995850623
0.7623314315352697
0.7628890041493775
0.7627463692946058
0.7626815352697095
0.7633817427385892
0.7624221991701244
0.7633428423236515
0.7625778008298755
0.7628890041493775
0.7637448132780082
0.7629538381742739
0.7630705394190871
0.7624221991701244
0.7624740663900414
0.7637059128630705
0.7634854771784232
0.76336877593361
0.7642764522821577
0.7629927385892116
0.7640171161825726
0.7630964730290456
0.7631353734439834
0.763628112033195
0.7633039419087136
0.7636929460580912
0.7635632780082987
0.763472510373444
0.763420643153527
0.7638226141078838
0.7637448132780082
0.7636929460580912
0.7636929460580912
0.7642505186721992
0.7643153526970954
0.7640300829875518
0.763316908713693
0.7632650414937759
0.7635632780082987
0.7638874481327801
0.7640689834024896
0.7645357883817427
0.7646135892116183
0.7636021784232365
0.7639911825726141
0.7641078838174273
0.7642894190871369
0.7630964730290456
0.7643283195020747
0.763731846473029
0.7643801867219917
0.7643801867219917
0.7650933609958506
0.7646265560165975
0.7639133817427386
0.765015560165975
0.7643283195020747
0.7654434647302905
0.764704356846473
0.7648469917012448
0.7642894190871369
0.7653915975103734
0.7646784232365145
0.7646913900414938
0.7647691908713693
0.7653656639004149
0.7651711618257261
0.7652878630705394
0.7652230290456431
0.7648340248962655
0.7650544605809129
0.765521265560166
0.7653526970954356
0.7651711618257261
0.7651192946058091
0.7651063278008299
0.7658195020746889
0.764963692946058
0.7657028008298755
0.7649377593360995
0.7654823651452282
0.7658843360995851
0.7657028008298755
0.7661177385892116
0.7655471991701245
0.7657028008298755
0.7656120331950207
0.765573132780083
0.7660918049792531
0.7658584024896266
0.7664030082987552
0.7655990663900415
0.7654045643153526
0.7660788381742739
0.7665715767634855
0.7654823651452282
0.7660529045643154
0.7660399377593361
0.766441908713693
0.7660399377593361
0.7657546680497925
0.7659362033195021
0.7667790456431536
0.7664678423236515
0.7665326763485477
0.7661825726141079
0.7660140041493776
0.7668957468879668
0.7661566390041494
0.76649377593361
0.7666623443983402
0.7669735477178423
0.7662733402489627
0.7670643153526971
0.7667012448132781
0.7664030082987552
0.7670902489626557
0.7671161825726142
0.7671939834024897
0.7669994813278008
0.7667271784232366
0.7667920124481328
0.766234439834025
0.7671680497925312
0.7669735477178423
0.7668698132780083
0.7666104771784232
0.766597510373444
0.7673236514522822
0.7674144190871369
0.7673495850622407
0.7678034232365145
0.7668568464730291
0.7672847510373444
0.7673884854771784
0.7672588174273859
0.7671550829875519
0.7678682572614108
0.7675311203319503
0.7676607883817428
0.7678552904564315
0.767673755186722
0.7672847510373444
0.7682183609958506
0.7671291493775934
0.7677126556016598
0.7682961618257261
0.7674403526970954
0.768542531120332
0.7678552904564315
0.76788122406639
0.767621887966805
0.7680886929460581
0.7682183609958506
0.7674144190871369
0.7676478215767635
0.7679201244813278
0.7685295643153527
0.7684128630705395
0.7678941908713693
0.7680627593360996
0.7678163900414938
0.7690093360995851
0.768698132780083
0.7679460580912864
0.7687629668049792
0.7684517634854772
0.768594398340249
0.7689704356846473
0.7684258298755187
0.7687240663900415
0.7694242738589212
0.7681924273858921
0.7686721991701245
0.7691260373443983
0.7689445020746888
0.7691390041493776
0.768438796680498
0.7687370331950207
0.7685814315352697
0.7681924273858921
0.7689185684647303
0.7695409751037344
0.7690741701244813
0.7688018672199171
0.7687629668049792
0.7694891078838174
0.7698392116182573
0.7688537344398341
0.7694891078838174
0.7693853734439834
0.7695150414937759
0.7698910788381743
0.7691519709543568
0.7688926348547718
0.7692946058091287
0.7696317427385893
0.7693853734439834
0.769981846473029
0.7689056016597511
0.7691001037344398
0.7699948132780083
0.7702930497925311
0.7696576763485478
0.7703189834024896
0.7701244813278009
0.7699429460580913
0.7700985477178424
0.7703319502074689
0.7702152489626556
0.7699559128630705
0.7703708506224066
0.7699559128630705
0.7696187759336099
0.7707857883817427
0.7710321576763486
0.7703189834024896
0.7698392116182573
0.7698521784232365
0.7703449170124481
0.7702152489626556
0.7700726141078839
0.769981846473029
0.7700077800829875
0.770798755186722
0.7707857883817427
0.7710580912863071
0.7698392116182573
0.7696317427385893
0.7706042531120332
0.7709154564315353
0.7703578838174274
0.7711358921161826
0.770643153526971
0.7708117219917012
0.7711618257261411
0.7708246887966805
0.7715508298755187
0.7711488589211618
0.7710969917012448
0.7712525933609958
0.770695020746888
0.771771265560166
0.7712655601659751
0.7710062240663901
0.771823132780083
0.7708635892116182
0.7710191908713693
0.7714341286307054
0.7705264522821577
0.7721991701244814
0.7709284232365146
0.7716286307053942
0.7703708506224066
0.7719139004149378
0.7716934647302904
0.7710321576763486
0.7719657676348548
0.7718620331950208
0.7724585062240664
0.771771265560166
0.7720176348547718
0.772134336099585
0.772186203319502
0.7715508298755187
0.7714470954356847
0.7712525933609958
0.7722510373443984
0.7715637966804979
0.7709413900414938
0.7720565352697095
0.7719528008298755
0.7731198132780083
0.7719657676348548
0.7725622406639004
0.7724844398340249
0.7726530082987552
0.7717323651452282
0.7722769709543569
0.7724585062240664
0.7717971991701245
0.7728604771784232
0.7735088174273859
0.772082468879668
0.7719657676348548
0.7725363070539419
0.7724455394190871
0.7723418049792531
0.7711488589211618
0.7723807053941909
0.7728734439834025
0.7728604771784232
0.7733921161825726
0.7730160788381742
0.7730809128630706
0.7735477178423237
0.772795643153527
0.7733013485477178
0.7730809128630706
0.7722769709543569
0.7729642116182572
0.7731327800829876
0.7735347510373444
0.7730679460580913
0.772951244813278
0.7732624481327801
0.7733921161825726
0.7733532157676348
0.7736903526970954
0.7736255186721992
0.7737940871369294
0.772951244813278
0.7735606846473029
0.7741960580912863
0.7736903526970954
0.7735217842323652
0.7734958506224067
0.7731068464730291
0.7736384854771784
0.7727048755186722
0.7742608921161825
0.7742997925311204
0.7742090248962655
0.7739367219917013
0.7736514522821577
0.7735866182572614
0.7738848547717843
0.7743775933609959
0.7737162863070539
0.7741182572614108
0.7742219917012448
0.773923755186722
0.7733272821576763
0.7744424273858921
0.7733661825726141
0.7745980290456431
0.7740534232365145
0.7738070539419087
0.7740923236514523
0.7732105809128631
0.7741960580912863
0.7739626556016598
0.7735217842323652
0.7746628630705394
0.7742608921161825
0.7740534232365145
0.7742738589211619
0.7746498962655601
0.7745850622406639
0.7740663900414938
0.7745461618257261
0.7745720954356846
0.7745720954356846
0.7745980290456431
0.7745720954356846
0.7744424273858921
0.774286825726141
0.7746628630705394
0.774844398340249
0.7744942946058091
0.775
0.7745072614107884
0.7737292531120332
0.7749221991701245
0.7751296680497926
0.7744035269709544
0.7751556016597511
0.774183091286307
0.7748573651452282
0.7751556016597511
0.7751426348547718
0.7760632780082988
0.7749870331950207
0.7750648340248962
0.7750778008298755
0.7758039419087137
0.7754019709543568
0.7753501037344398
0.7755705394190872
0.774792531120332
0.7756353734439834
0.7757650414937759
0.7756483402489627
0.7752334024896266
0.7747795643153527
0.7756353734439834
0.7757520746887967
0.7756483402489627
0.7757002074688797
0.7756224066390042
0.7757391078838174
0.7759206431535269
0.7755705394190872
0.7751167012448132
0.7752852697095436
0.776024377593361
0.7759854771784233
0.7757131742738589
0.7758298755186722
0.7762059128630705
0.7759336099585062
0.7759465767634854
0.7755446058091287
0.7759984439834025
0.7762577800829875
0.77638744813278
0.7764004149377594
0.775972510373444
0.7765560165975104
0.7764133817427386
0.776893153526971
0.7764004149377594
0.776996887966805
0.7770746887966805
0.7766597510373444
0.7764522821576764
0.7765949170124481
0.7764652489626556
0.7766208506224066
0.7772951244813278
0.7767245850622406
0.7758817427385892
0.7764263485477179
0.7774636929460581
0.7761929460580913
0.7762707468879668
0.7764652489626556
0.7766986514522821
0.7767116182572614
0.776893153526971
0.7771654564315352
0.7761929460580913
0.7769061203319502
0.7773210580912863
0.7763615145228215
0.7772821576763486
0.7766597510373444
0.7769061203319502
0.777100622406639
0.7770876556016597
0.7770098547717842
0.7768153526970955
0.7775933609958506
0.7771654564315352
0.7777489626556017
0.777204356846473
0.7780082987551867
0.7766856846473029
0.7770617219917012
0.7769061203319502
0.7776322614107883
0.7777619294605809
0.777152489626556
0.7769320539419087
0.7778267634854772
0.7780082987551867
0.7770357883817427
0.7773469917012448
0.7773210580912863
0.7774636929460581
0.7766338174273859
0.778228734439834
0.778228734439834
0.7780990663900414
0.7772173236514522
0.7783973029045643
0.7786307053941909
0.7776452282157676
0.7776841286307054
0.7781379668049793
0.7775414937759336
0.7782546680497925
0.7776841286307054
0.777100622406639
0.7785140041493775
0.7787863070539419
0.7778267634854772
0.7779823651452282
0.7777359958506224
0.7784102697095435
0.778332468879668
0.7778267634854772
0.7778137966804979
0.7777100622406639
0.7776841286307054
0.7786566390041494
0.7790715767634855
0.7786177385892116
0.7778267634854772
0.7782935684647303
0.7783065352697095
0.7782157676348548
0.7771395228215767
0.7777748962655602
0.778941908713693
0.7783454356846473
0.7791234439834025
0.7777878630705394
0.7774507261410788
0.778280601659751
0.7789159751037344
0.7787474066390041
0.7785010373443984
0.7783713692946058
0.7780342323651452
0.7781379668049793
0.7790326763485477
0.7788252074688796
0.7783584024896265
0.7785140041493775
0.7791882780082987
0.7794605809128631
0.7793179460580912
0.7786047717842324
0.7789030082987551
0.7791753112033195
0.7789159751037344
0.7786696058091286
0.7786307053941909
0.7783713692946058
0.7787733402489626
0.7789678423236515
0.7796161825726141
0.7797199170124481
0.7799014522821577
0.7801607883817427
0.7796291493775933
0.7792401452282157
0.7789159751037344
0.7803034232365145
0.7790326763485477
0.7793698132780082
0.7799922199170124
0.778436203319502
0.7796550829875518
0.7786825726141079
0.7790586099585062
0.7791623443983402
0.7794216804979253
0.7791234439834025
0.7790197095435685
0.7802645228215768
0.7794476141078838
0.7794087136929461
0.7794994813278008
0.7799922199170124
0.7795513485477178
0.7801478215767634
0.7798495850622407
0.7793309128630705
0.780640560165975
0.7802904564315353
0.7803163900414938
0.7804071576763485
0.7806535269709544
0.7803163900414938
0.7801607883817427
0.7801737551867219
0.7802904564315353
0.7800311203319502
0.7804201244813278
0.7806664937759336
0.7806146265560165
0.7808998962655601
0.7811073651452282
0.780225622406639
0.7806275933609959
0.7812759336099585
0.7811203319502075
0.7798106846473029
0.7796680497925311
0.7798106846473029
0.7797588174273858
0.7799014522821577
0.7806146265560165
0.7804460580912863
0.7804719917012448
0.7799533195020747
0.780329356846473
0.7801996887966804
0.7802904564315353
0.7804201244813278
0.7813407676348548
0.7802385892116183
0.7804590248962655
0.7801996887966804
0.780536825726141
0.7808350622406639
0.780277489626556
0.7812110995850622
0.7809517634854771
0.7815223029045644
0.7809647302904564
0.7815741701244814
0.7814315352697095
0.7808739626556016
0.7808609958506224
0.7812110995850622
0.7812110995850622
0.780588692946058
0.7813148340248963
0.7824429460580913
0.781301867219917
0.7811073651452282
0.781094398340249
0.7822484439834025
0.7815352697095436
0.7804201244813278
0.7816779045643154
0.7812370331950207
0.781859439834025
0.7819372406639005
0.7810165975103734
0.7812759336099585
0.7824170124481328
0.7816130705394191
0.7817297717842324
0.7807053941908714
0.7812759336099585
0.7822873443983402
0.7826504149377593
0.7825726141078838
0.7813278008298755
0.7821058091286307
0.7825855809128631
0.7824559128630706
0.7815223029045644
0.782015041493776
0.7815741701244814
0.7819242738589212
0.7816001037344399
0.782274377593361
0.7820280082987552
0.7824429460580913
0.7820280082987552
0.7822095435684647
0.7819242738589212
0.7827022821576763
0.7822873443983402
0.7820928423236515
0.7819761410788382
0.7822095435684647
0.781963174273859
0.7816908713692946
0.7823132780082988
0.7824170124481328
0.7824818464730291
0.7828578838174274
0.7819242738589212
0.7822095435684647
0.7824948132780083
0.7828449170124482
0.7830264522821577
0.7824299792531121
0.7822484439834025
0.782015041493776
0.7829486514522822
0.7824429460580913
0.7821058091286307
0.7827411825726142
0.7822484439834025
0.7821058091286307
0.7821317427385892
0.7828449170124482
0.7825596473029046
0.7829616182572614
0.7825337136929461
0.7825726141078838
0.7834932572614108
0.7830394190871369
0.783454356846473
0.783195020746888
0.7828708506224067
0.7834284232365145
0.7831301867219918
0.783298755186722
0.7836229253112034
0.78350622406639
0.7831172199170124
0.7831301867219918
0.783402489626556
0.783298755186722
0.7827411825726142
0.7830912863070539
0.7832857883817428
0.7826763485477178
0.7832209543568465
0.7826374481327801
0.7832339211618258
0.783143153526971
0.7839730290456431
0.7832079875518673
0.7830912863070539
0.7835191908713693
0.7839470954356846
0.7835710580912864
0.7833765560165975
0.783960062240664
0.7828449170124482
0.783402489626556
0.7841545643153527
0.7827411825726142
0.7839989626556016
0.784167531120332
0.7842453319502075
0.7844657676348548
0.7837655601659751
0.7846084024896266
0.7836358921161826
0.7836229253112034
0.7837396265560166
0.7838692946058091
0.7839859958506225
0.783402489626556
0.784011929460581
0.7836618257261411
0.7844787344398341
0.784219398340249
0.784375
0.7839859958506225
0.7845565352697096
0.78350622406639
0.7843360995850622
0.7845954356846473
0.7844657676348548
0.7839859958506225
0.7838563278008299
0.7846732365145228
0.7845695020746888
0.7845046680497926
0.7847769709543568
0.7850622406639004
0.7840508298755187
0.7847251037344398
0.7842453319502075
0.7842453319502075
0.7848807053941909
0.7844139004149377
0.7849196058091287
0.7848677385892117
0.7846991701244813
0.7851400414937759
0.7844917012448133
0.7847899377593361
0.785451244813278
0.7851141078838174
0.7849455394190872
0.7848677385892117
0.7853086099585063
0.7837525933609959
0.7853215767634855
0.7850492738589212
0.7857883817427386
0.7851919087136929
0.7846732365145228
0.7848547717842324
0.7854901452282158
0.7845306016597511
0.7847510373443983
0.7848807053941909
0.7855160788381743
0.7849455394190872
0.785554979253112
0.7852178423236514
0.7846991701244813
0.7846991701244813
0.785710580912863
0.7850363070539419
0.7850363070539419
0.7853864107883818
0.7860866182572614
0.785347510373444
0.7848158713692946
0.7852048755186722
0.7856327800829875
0.7854382780082988
0.7854123443983403
0.7855290456431535
0.785503112033195
0.7857365145228216
0.7856976141078839
0.7860995850622406
0.7853215767634855
0.785503112033195
0.7856327800829875
0.7859310165975104
0.7851011410788382
0.7858013485477179
0.7865015560165975
0.7852437759336099
0.7861903526970955
0.7859310165975104
0.7858143153526971
0.7846602697095436
0.7858661825726141
0.7858143153526971
0.7854642116182573
0.7856716804979254
0.7860866182572614
0.7859439834024896
0.7863329875518672
0.7862033195020747
0.7859699170124481
0.7863848547717842
0.786164419087137
0.7867738589211618
0.786216286307054
0.7865404564315353
0.7858532157676349
0.7862551867219917
0.7863459543568465
0.7864626556016597
0.7864107883817427
0.78611255186722
0.7859310165975104
0.7860088174273859
0.7857365145228216
0.786320020746888
0.7857365145228216
0.786320020746888
0.7867479253112033
0.7858532157676349
0.7871109958506224
0.7856198132780083
0.7860477178423236
0.7859699170124481
0.7865793568464731
0.7867608921161826
0.7860606846473029
0.7858921161825726
0.786268153526971
0.7870072614107884
0.7869424273858922
0.7862033195020747
0.786475622406639
0.7865015560165975
0.786371887966805
0.786423755186722
0.786164419087137
0.786475622406639
0.7866701244813278
0.7858272821576764
0.7865793568464731
0.7864107883817427
0.7870461618257262
0.7873184647302904
0.7874092323651453
0.7870072614107884
0.7871109958506224
0.7872665975103734
0.7869813278008299
0.7862292531120332
0.7859828838174274
0.7861773858921162
0.7862292531120332
0.7871369294605809
0.7866571576763486
0.7869424273858922
0.7862551867219917
0.7872665975103734
0.7866182572614108
0.7862033195020747
0.7879538381742739
0.7868905601659751
0.7869553941908713
0.7868386929460581
0.7868775933609958
0.7874351659751038
0.7876945020746888
0.7868386929460581
0.7872665975103734
0.7868775933609958
0.7871109958506224
0.7873832987551868
0.7878760373443984
0.787707468879668
0.7873054979253112
0.7874740663900415
0.7867090248962656
0.7872406639004149
0.7872017634854772
0.7879927385892116
0.7879149377593361
0.787603734439834
0.7872925311203319
0.7878241701244814
0.7877204356846473
0.7883428423236515
0.7868905601659751
0.7872795643153527
0.7872795643153527
0.7874870331950208
0.7882002074688796
0.7879408713692946
0.0433350622406639
